market,event_type,symbol,original_listing,announcement_time_utc,delist_settlement_time_utc,announcement_to_delist_hours,source_url,source_note,local_panel_symbol,in_local_panel_symbol_set,announcement_in_panel_coverage,local_panel_start_utc,local_panel_end_utc,local_panel_rows
USDS-M perpetual,futures_contract_delist_auto_settlement,ANTUSDT,ANTUSDT perpetual,2024-03-25 05:39:06,2024-04-01 09:00:00,171.35,https://www.binance.com/en/square/post/5862637789937,Binance Square official-account mirror; BitcoinSistemi indexed announcement time used where official article time was not exposed.,,False,False,,,
USDS-M perpetual,futures_contract_delist_auto_settlement,DGBUSDT,DGBUSDT perpetual,2024-03-25 05:39:06,2024-04-01 09:00:00,171.35,https://www.binance.com/en/square/post/5862637789937,Binance Square official-account mirror; BitcoinSistemi indexed announcement time used where official article time was not exposed.,,False,False,,,
USDS-M perpetual,futures_contract_delist_auto_settlement,CTKUSDT,CTKUSDT perpetual,2024-03-25 05:39:06,2024-04-01 09:00:00,171.35,https://www.binance.com/en/square/post/5862637789937,Binance Square official-account mirror; BitcoinSistemi indexed announcement time used where official article time was not exposed.,,False,False,,,
USDS-M perpetual,futures_contract_delist_auto_settlement,STPTUSDT,STPTUSDT perpetual,2024-05-06 06:39:38,2024-05-13 09:00:00,170.34,https://coingape.com/binance-futures-set-to-delist-these-cryptos-what-next/,Secondary source summarizing Binance announcement; official article inaccessible via direct curl.,,False,False,,,
USDS-M perpetual,futures_contract_delist_auto_settlement,SNTUSDT,SNTUSDT perpetual,2024-05-06 06:39:38,2024-05-13 09:00:00,170.34,https://coingape.com/binance-futures-set-to-delist-these-cryptos-what-next/,Secondary source summarizing Binance announcement; official article inaccessible via direct curl.,,False,False,,,
USDS-M perpetual,futures_contract_delist_auto_settlement,MBLUSDT,MBLUSDT perpetual,2024-05-06 06:39:38,2024-05-13 09:00:00,170.34,https://coingape.com/binance-futures-set-to-delist-these-cryptos-what-next/,Secondary source summarizing Binance announcement; official article inaccessible via direct curl.,,False,False,,,
USDS-M perpetual,futures_contract_delist_auto_settlement,RADUSDT,RADUSDT perpetual,2024-05-06 06:39:38,2024-05-14 09:00:00,194.34,https://coingape.com/binance-futures-set-to-delist-these-cryptos-what-next/,Secondary source summarizing Binance announcement; official article inaccessible via direct curl.,,False,False,,,
USDS-M perpetual,futures_contract_delist_auto_settlement,CVXUSDT,CVXUSDT perpetual,2024-05-06 06:39:38,2024-05-14 09:00:00,194.34,https://coingape.com/binance-futures-set-to-delist-these-cryptos-what-next/,Secondary source summarizing Binance announcement; official article inaccessible via direct curl.,,False,False,,,
USDS-M perpetual,futures_contract_delist_auto_settlement,IDEXUSDT,IDEXUSDT perpetual,2024-05-08 05:05:39,2024-05-15 09:00:00,171.91,https://www.binance.com/en/square/post/7809671247033,Binance Square official-account mirror; ChainCatcher indexed announcement time used where official article time was not exposed.,,False,False,,,
USDS-M perpetual,futures_contract_delist_auto_settlement,SLPUSDT,SLPUSDT perpetual,2024-05-08 05:05:39,2024-05-15 09:00:00,171.91,https://www.binance.com/en/square/post/7809671247033,Binance Square official-account mirror; ChainCatcher indexed announcement time used where official article time was not exposed.,,False,False,,,
USDS-M perpetual,futures_contract_delist_auto_settlement,GLMRUSDT,GLMRUSDT perpetual,2024-05-08 05:05:39,2024-05-15 09:00:00,171.91,https://www.binance.com/en/square/post/7809671247033,Binance Square official-account mirror; ChainCatcher indexed announcement time used where official article time was not exposed.,,False,False,,,
USDS-M perpetual,futures_contract_delist_auto_settlement,MDTUSDT,MDTUSDT perpetual,2024-05-08 05:05:39,2024-05-16 09:00:00,195.91,https://www.binance.com/en/square/post/7809671247033,Binance Square official-account mirror; ChainCatcher indexed announcement time used where official article time was not exposed.,,False,False,,,
USDS-M perpetual,futures_contract_delist_auto_settlement,AUDIOUSDT,AUDIOUSDT perpetual,2024-05-08 05:05:39,2024-05-16 09:00:00,195.91,https://www.binance.com/en/square/post/7809671247033,Binance Square official-account mirror; ChainCatcher indexed announcement time used where official article time was not exposed.,,False,False,,,
USDS-M perpetual,futures_contract_delist_auto_settlement,XEMUSDT,XEMUSDT perpetual,2024-12-02 00:00:00,2024-12-09 09:00:00,177.0,https://www.coincarp.com/exchange/announcement/binance-cfe97d52a8c840d3ba631835b637e9e7/,CoinCarp mirror of Binance announcement; announcement date approximated from indexed historical notice week.,,False,False,,,
USDS-M perpetual,futures_contract_delist_auto_settlement,ORBSUSDT,ORBSUSDT perpetual,2024-12-02 00:00:00,2024-12-09 09:00:00,177.0,https://www.coincarp.com/exchange/announcement/binance-cfe97d52a8c840d3ba631835b637e9e7/,CoinCarp mirror of Binance announcement; announcement date approximated from indexed historical notice week.,,False,False,,,
USDS-M perpetual,futures_contract_delist_auto_settlement,LOOMUSDT,LOOMUSDT perpetual,2024-12-02 00:00:00,2024-12-09 09:00:00,177.0,https://www.coincarp.com/exchange/announcement/binance-cfe97d52a8c840d3ba631835b637e9e7/,CoinCarp mirror of Binance announcement; announcement date approximated from indexed historical notice week.,,False,False,,,
USDS-M perpetual,futures_contract_delist_auto_settlement,MAVIAUSDT,MAVIAUSDT perpetual,2024-12-06 03:02:37,2024-12-16 09:00:00,245.96,https://www.coincarp.com/exchange/announcement/binance-27eac260521b4f40ab331e1a345887a7/,CoinCarp mirror of Binance announcement; PANews index provided announcement timestamp.,,False,False,,,
USDS-M perpetual,futures_contract_delist_auto_settlement,OMGUSDT,OMGUSDT perpetual,2024-12-06 03:02:37,2024-12-16 09:00:00,245.96,https://www.coincarp.com/exchange/announcement/binance-27eac260521b4f40ab331e1a345887a7/,CoinCarp mirror of Binance announcement; PANews index provided announcement timestamp.,OMGUSDT,True,True,2020-07-02 08:00:00,2026-06-22 00:00:00,13055
USDS-M perpetual,futures_contract_delist_auto_settlement,BONDUSDT,BONDUSDT perpetual,2024-12-06 03:02:37,2024-12-16 09:00:00,245.96,https://www.coincarp.com/exchange/announcement/binance-27eac260521b4f40ab331e1a345887a7/,CoinCarp mirror of Binance announcement; PANews index provided announcement timestamp.,,False,False,,,
USDS-M perpetual,futures_contract_delist_auto_settlement,KDAUSDT,KDAUSDT perpetual,2025-11-03 06:55:38,2025-11-06 09:00:00,74.07,https://coinengineer.net/blog/binance-futures-is-delisting-these-altcoins/,Secondary source summarizing Binance announcement.,,False,False,,,
USDS-M perpetual,futures_contract_delist_auto_settlement,MYROUSDT,MYROUSDT perpetual,2025-11-12 00:00:00,2025-11-14 09:00:00,57.0,https://www.binance.com/en/square/post/32242183911481,Binance Square official-account mirror; exact article publish timestamp not exposed in accessible text.,,False,False,,,
USDS-M perpetual,futures_contract_delist_auto_settlement,1000XUSDT,1000XUSDT perpetual,2025-11-12 00:00:00,2025-11-14 09:00:00,57.0,https://www.binance.com/en/square/post/32242183911481,Binance Square official-account mirror; exact article publish timestamp not exposed in accessible text.,,False,False,,,
USDS-M perpetual,futures_contract_delist_auto_settlement,XCNUSDT,XCNUSDT perpetual,2025-11-18 09:11:17,2025-11-21 09:00:00,71.81,https://coinengineer.net/blog/binance-is-delisting-multiple-coins/,Secondary source summarizing Binance announcement.,,False,False,,,
USDS-M perpetual,futures_contract_delist_auto_settlement,FLMUSDT,FLMUSDT perpetual,2025-11-18 09:11:17,2025-11-21 09:00:00,71.81,https://coinengineer.net/blog/binance-is-delisting-multiple-coins/,Secondary source summarizing Binance announcement.,,False,False,,,
USDS-M perpetual,futures_contract_delist_auto_settlement,PERPUSDT,PERPUSDT perpetual,2025-11-18 09:11:17,2025-11-21 09:00:00,71.81,https://coinengineer.net/blog/binance-is-delisting-multiple-coins/,Secondary source summarizing Binance announcement.,,False,False,,,
USDS-M perpetual,futures_contract_delist_auto_settlement,PORT3USDT,PORT3USDT perpetual,2025-11-22 00:00:00,2025-11-23 06:30:00,30.5,https://www.binance.com/en/square/post/32760980666538,"Binance Square official-account mirror; author line indicates Nov 23, 2025; timestamp approximated conservatively to prior date because settlement was 06:30 UTC.",,False,False,,,
USDS-M perpetual,futures_contract_delist_auto_settlement,PONKEUSDT,PONKEUSDT perpetual,2025-11-25 14:25:00,2025-11-28 09:00:00,66.58,https://www.tradingview.com/news/u_today:25498cafc094b:0-binance-to-cut-multiple-perpetual-contracts-these-three-crypto-pairs-included/,Secondary source links to Binance announcement detail/53998d26b57f47beb97811ec9f5e582b.,,False,False,,,
USDS-M perpetual,futures_contract_delist_auto_settlement,SWELLUSDT,SWELLUSDT perpetual,2025-11-25 14:25:00,2025-11-28 09:00:00,66.58,https://www.tradingview.com/news/u_today:25498cafc094b:0-binance-to-cut-multiple-perpetual-contracts-these-three-crypto-pairs-included/,Secondary source links to Binance announcement detail/53998d26b57f47beb97811ec9f5e582b.,,False,False,,,
USDS-M perpetual,futures_contract_delist_auto_settlement,QUICKUSDT,QUICKUSDT perpetual,2025-11-25 14:25:00,2025-11-28 09:00:00,66.58,https://www.tradingview.com/news/u_today:25498cafc094b:0-binance-to-cut-multiple-perpetual-contracts-these-three-crypto-pairs-included/,Secondary source links to Binance announcement detail/53998d26b57f47beb97811ec9f5e582b.,,False,False,,,
USDS-M perpetual,futures_contract_delist_auto_settlement,SXPUSDT,SXPUSDT perpetual,2025-12-01 08:58:45,2025-12-05 09:00:00,96.02,https://xpool.eu/2025/12/01/binance-futures-to-delist-perpetual-contracts-closing-times-measures/,Secondary source summarizing Binance announcement.,,False,False,,,
USDS-M perpetual,futures_contract_delist_auto_settlement,MILKUSDT,MILKUSDT perpetual,2025-12-01 08:58:45,2025-12-05 09:00:00,96.02,https://xpool.eu/2025/12/01/binance-futures-to-delist-perpetual-contracts-closing-times-measures/,Secondary source summarizing Binance announcement.,,False,False,,,
USDS-M perpetual,futures_contract_delist_auto_settlement,OBOLUSDT,OBOLUSDT perpetual,2025-12-01 08:58:45,2025-12-05 09:30:00,96.52,https://xpool.eu/2025/12/01/binance-futures-to-delist-perpetual-contracts-closing-times-measures/,Secondary source summarizing Binance announcement.,,False,False,,,
USDS-M perpetual,futures_contract_delist_auto_settlement,TOKENUSDT,TOKENUSDT perpetual,2025-12-01 08:58:45,2025-12-05 09:30:00,96.52,https://xpool.eu/2025/12/01/binance-futures-to-delist-perpetual-contracts-closing-times-measures/,Secondary source summarizing Binance announcement.,,False,False,,,
USDS-M perpetual,futures_contract_delist_auto_settlement,SKATEUSDT,SKATEUSDT perpetual,2025-12-06 00:44:16,2025-12-10 09:00:00,104.26,https://rfq.news/binancecoin/binance-futures-removes-four-usd%e2%93%a2-m-perpetual-contracts-next-week/,Secondary source summarizing Binance announcement.,,False,False,,,
USDS-M perpetual,futures_contract_delist_auto_settlement,REIUSDT,REIUSDT perpetual,2025-12-06 00:44:16,2025-12-10 09:00:00,104.26,https://rfq.news/binancecoin/binance-futures-removes-four-usd%e2%93%a2-m-perpetual-contracts-next-week/,Secondary source summarizing Binance announcement.,,False,False,,,
USDS-M perpetual,futures_contract_delist_auto_settlement,FISUSDT,FISUSDT perpetual,2025-12-06 00:44:16,2025-12-10 09:00:00,104.26,https://rfq.news/binancecoin/binance-futures-removes-four-usd%e2%93%a2-m-perpetual-contracts-next-week/,Secondary source summarizing Binance announcement.,,False,False,,,
USDS-M perpetual,futures_contract_delist_auto_settlement,VOXELUSDT,VOXELUSDT perpetual,2025-12-06 00:44:16,2025-12-10 09:00:00,104.26,https://rfq.news/binancecoin/binance-futures-removes-four-usd%e2%93%a2-m-perpetual-contracts-next-week/,Secondary source summarizing Binance announcement.,,False,False,,,
USDS-M perpetual,futures_contract_delist_auto_settlement,BIDUSDT,BIDUSDT perpetual,2026-01-15 00:00:00,2026-01-21 09:00:00,153.0,https://www.mexc.co/news/497909,Secondary source summarizing Binance announcement.,,False,False,,,
USDS-M perpetual,futures_contract_delist_auto_settlement,DMCUSDT,DMCUSDT perpetual,2026-01-15 00:00:00,2026-01-21 09:00:00,153.0,https://www.mexc.co/news/497909,Secondary source summarizing Binance announcement.,,False,False,,,
USDS-M perpetual,futures_contract_delist_auto_settlement,ZRCUSDT,ZRCUSDT perpetual,2026-01-15 00:00:00,2026-01-21 09:00:00,153.0,https://www.mexc.co/news/497909,Secondary source summarizing Binance announcement.,,False,False,,,
USDS-M perpetual,futures_contract_delist_auto_settlement,TANSSIUSDT,TANSSIUSDT perpetual,2026-01-15 00:00:00,2026-01-21 09:00:00,153.0,https://www.mexc.co/news/497909,Secondary source summarizing Binance announcement.,,False,False,,,
USDS-M perpetual,futures_contract_delist_auto_settlement,42USDT,42USDT perpetual,2026-01-28 00:00:00,2026-01-30 09:00:00,57.0,https://www.treeofalpha.com/preview_article?id=1769595249706,Mirror includes Binance Team date 2026-01-28.,,False,False,,,
USDS-M perpetual,futures_contract_delist_auto_settlement,COMMONUSDT,COMMONUSDT perpetual,2026-01-28 00:00:00,2026-01-30 09:00:00,57.0,https://www.treeofalpha.com/preview_article?id=1769595249706,Mirror includes Binance Team date 2026-01-28.,,False,False,,,
USDS-M perpetual,futures_contract_delist_auto_settlement,CUDISUSDT,CUDISUSDT perpetual,2026-01-28 00:00:00,2026-01-30 09:00:00,57.0,https://www.treeofalpha.com/preview_article?id=1769595249706,Mirror includes Binance Team date 2026-01-28.,,False,False,,,
USDS-M perpetual,futures_contract_delist_auto_settlement,EPTUSDT,EPTUSDT perpetual,2026-01-28 00:00:00,2026-01-30 09:00:00,57.0,https://www.treeofalpha.com/preview_article?id=1769595249706,Mirror includes Binance Team date 2026-01-28.,,False,False,,,
USDS-M perpetual,futures_contract_delist_auto_settlement,VFYUSDT,VFYUSDT perpetual,2026-03-13 14:51:08,2026-03-17 09:00:00,90.15,https://www.binance.info/en/support/announcement/detail/f6ebc17e4dbd451b873d9ef25c801237,Binance Support mirror; secondary index supplied announcement date.,,False,False,,,
USDS-M perpetual,futures_contract_delist_auto_settlement,1000WHYUSDT,1000WHYUSDT perpetual,2026-03-13 14:51:08,2026-03-17 09:00:00,90.15,https://www.binance.info/en/support/announcement/detail/f6ebc17e4dbd451b873d9ef25c801237,Binance Support mirror; secondary index supplied announcement date.,,False,False,,,
USDS-M perpetual,futures_contract_delist_auto_settlement,BDXNUSDT,BDXNUSDT perpetual,2026-03-13 14:51:08,2026-03-17 09:00:00,90.15,https://www.binance.info/en/support/announcement/detail/f6ebc17e4dbd451b873d9ef25c801237,Binance Support mirror; secondary index supplied announcement date.,,False,False,,,
USDS-M perpetual,futures_contract_delist_auto_settlement,OLUSDT,OLUSDT perpetual,2026-04-03 14:39:07,2026-04-08 09:00:00,114.35,https://www.binance.info/en/support/announcement/detail/97b4f3a7d02a486c8d412ada2281b907,Binance Support mirror; secondary index supplied announcement date.,,False,False,,,
USDS-M perpetual,futures_contract_delist_auto_settlement,HIPPOUSDT,HIPPOUSDT perpetual,2026-04-03 14:39:07,2026-04-08 09:00:00,114.35,https://www.binance.info/en/support/announcement/detail/97b4f3a7d02a486c8d412ada2281b907,Binance Support mirror; secondary index supplied announcement date.,,False,False,,,
USDS-M perpetual,futures_contract_delist_auto_settlement,RLSUSDT,RLSUSDT perpetual,2026-04-03 14:39:07,2026-04-08 09:00:00,114.35,https://www.binance.info/en/support/announcement/detail/97b4f3a7d02a486c8d412ada2281b907,Binance Support mirror; secondary index supplied announcement date.,,False,False,,,
USDS-M perpetual,futures_contract_delist_auto_settlement,PUFFERUSDT,PUFFERUSDT perpetual,2026-04-03 14:39:07,2026-04-08 09:00:00,114.35,https://www.binance.info/en/support/announcement/detail/97b4f3a7d02a486c8d412ada2281b907,Binance Support mirror; secondary index supplied announcement date.,,False,False,,,
USDS-M perpetual,futures_contract_delist_auto_settlement,B3USDT,B3USDT perpetual,2026-04-23 15:01:00,2026-04-28 09:00:00,113.98,https://www.binance.com/en/square/post/315659328967362,Binance Square official-account mirror; PANews index supplied announcement date.,,False,False,,,
USDS-M perpetual,futures_contract_delist_auto_settlement,DEGENUSDT,DEGENUSDT perpetual,2026-04-23 15:01:00,2026-04-28 09:00:00,113.98,https://www.binance.com/en/square/post/315659328967362,Binance Square official-account mirror; PANews index supplied announcement date.,,False,False,,,
USDS-M perpetual,futures_contract_delist_auto_settlement,BOBUSDT,BOBUSDT perpetual,2026-04-23 15:01:00,2026-04-28 09:00:00,113.98,https://www.binance.com/en/square/post/315659328967362,Binance Square official-account mirror; PANews index supplied announcement date.,,False,False,,,
USDS-M perpetual,futures_contract_delist_auto_settlement,ZKJUSDT,ZKJUSDT perpetual,2026-04-23 15:01:00,2026-04-29 09:00:00,137.98,https://www.binance.com/en/square/post/315659328967362,Binance Square official-account mirror; PANews index supplied announcement date.,,False,False,,,
USDS-M perpetual,futures_contract_delist_auto_settlement,IRUSDT,IRUSDT perpetual,2026-04-23 15:01:00,2026-04-29 09:00:00,137.98,https://www.binance.com/en/square/post/315659328967362,Binance Square official-account mirror; PANews index supplied announcement date.,,False,False,,,
USDS-M perpetual,futures_contract_delist_auto_settlement,DAMUSDT,DAMUSDT perpetual,2026-04-23 15:01:00,2026-04-29 09:00:00,137.98,https://www.binance.com/en/square/post/315659328967362,Binance Square official-account mirror; PANews index supplied announcement date.,,False,False,,,
USDS-M perpetual,futures_contract_delist_auto_settlement,VINEUSDT,VINEUSDT perpetual,2026-04-24 00:00:00,2026-04-28 10:00:00,106.0,https://www.binance.com/en/square/post/315957928905937,Binance Square official-account mirror; author line indicates 24 Apr.,,False,False,,,
USDS-M perpetual,futures_contract_delist_auto_settlement,AIUSDT,AIUSDT perpetual,2026-04-24 00:00:00,2026-04-28 10:00:00,106.0,https://www.binance.com/en/square/post/315957928905937,Binance Square official-account mirror; author line indicates 24 Apr.,,False,False,,,
spot,spot_pair_removal,AIUSDT,AI/BNB,2024-12-28 00:00:00,2025-01-03 08:00:00,152.0,https://bitcoinworld.co.in/binance-delisting-spot-trading-pairs/,Secondary source summarizing Binance spot pair removal; timestamp date-only.,,False,False,,,
spot,spot_pair_removal,ETCUSDT,ETC/BNB,2024-12-28 00:00:00,2025-01-03 08:00:00,152.0,https://bitcoinworld.co.in/binance-delisting-spot-trading-pairs/,Secondary source summarizing Binance spot pair removal; timestamp date-only.,ETCUSDT,True,True,2020-01-16 08:00:00,2026-06-22 00:00:00,14093
spot,spot_pair_removal,FLOWUSDT,FLOW/BTC,2024-12-28 00:00:00,2025-01-03 08:00:00,152.0,https://bitcoinworld.co.in/binance-delisting-spot-trading-pairs/,Secondary source summarizing Binance spot pair removal; timestamp date-only.,,False,False,,,
spot,spot_pair_removal,LPTUSDT,LPT/BNB,2024-12-28 00:00:00,2025-01-03 08:00:00,152.0,https://bitcoinworld.co.in/binance-delisting-spot-trading-pairs/,Secondary source summarizing Binance spot pair removal; timestamp date-only.,,False,False,,,
spot,spot_pair_removal,SFPUSDT,SFP/BTC,2024-12-28 00:00:00,2025-01-03 08:00:00,152.0,https://bitcoinworld.co.in/binance-delisting-spot-trading-pairs/,Secondary source summarizing Binance spot pair removal; timestamp date-only.,,False,False,,,
spot,spot_pair_removal,VETUSDT,VET/BNB,2024-12-28 00:00:00,2025-01-03 08:00:00,152.0,https://bitcoinworld.co.in/binance-delisting-spot-trading-pairs/,Secondary source summarizing Binance spot pair removal; timestamp date-only.,,False,False,,,
spot,spot_pair_removal,WCTUSDT,WCT/FDUSD,2024-12-28 00:00:00,2025-01-03 08:00:00,152.0,https://bitcoinworld.co.in/binance-delisting-spot-trading-pairs/,Secondary source summarizing Binance spot pair removal; timestamp date-only.,,False,False,,,
spot,spot_pair_removal,WIFUSDT,WIF/BRL,2024-12-28 00:00:00,2025-01-03 08:00:00,152.0,https://bitcoinworld.co.in/binance-delisting-spot-trading-pairs/,Secondary source summarizing Binance spot pair removal; timestamp date-only.,,False,False,,,
spot,spot_pair_removal,WLFIUSDT,WLFI/BRL,2024-12-28 00:00:00,2025-01-03 08:00:00,152.0,https://bitcoinworld.co.in/binance-delisting-spot-trading-pairs/,Secondary source summarizing Binance spot pair removal; timestamp date-only.,,False,False,,,
spot,spot_pair_removal,2ZUSDT,2Z/FDUSD,2025-01-09 00:00:00,2025-01-16 03:00:00,171.0,https://cryptorank.io/news/feed/16461-binance-delisting-spot-trading-pairs-2,Secondary source says Binance official notice was published 2025-01-09; timestamp date-only.,,False,False,,,
spot,spot_pair_removal,AAVEUSDT,AAVE/FDUSD,2025-01-09 00:00:00,2025-01-16 03:00:00,171.0,https://cryptorank.io/news/feed/16461-binance-delisting-spot-trading-pairs-2,Secondary source says Binance official notice was published 2025-01-09; timestamp date-only.,AAVEUSDT,True,True,2020-10-16 04:00:00,2026-06-22 00:00:00,12450
spot,spot_pair_removal,AUSDT,A/BTC,2025-01-09 00:00:00,2025-01-16 03:00:00,171.0,https://cryptorank.io/news/feed/16461-binance-delisting-spot-trading-pairs-2,Secondary source says Binance official notice was published 2025-01-09; timestamp date-only.,,False,False,,,
spot,spot_pair_removal,APEUSDT,APE/FDUSD,2025-01-09 00:00:00,2025-01-16 03:00:00,171.0,https://cryptorank.io/news/feed/16461-binance-delisting-spot-trading-pairs-2,Secondary source says Binance official notice was published 2025-01-09; timestamp date-only.,,False,False,,,
spot,spot_pair_removal,API3USDT,API3/BTC,2025-01-09 00:00:00,2025-01-16 03:00:00,171.0,https://cryptorank.io/news/feed/16461-binance-delisting-spot-trading-pairs-2,Secondary source says Binance official notice was published 2025-01-09; timestamp date-only.,,False,False,,,
spot,spot_pair_removal,ARBUSDT,ARB/FDUSD,2025-01-09 00:00:00,2025-01-16 03:00:00,171.0,https://cryptorank.io/news/feed/16461-binance-delisting-spot-trading-pairs-2,Secondary source says Binance official notice was published 2025-01-09; timestamp date-only.,,False,False,,,
spot,spot_pair_removal,EULUSDT,EUL/BNB,2025-01-09 00:00:00,2025-01-16 03:00:00,171.0,https://cryptorank.io/news/feed/16461-binance-delisting-spot-trading-pairs-2,Secondary source says Binance official notice was published 2025-01-09; timestamp date-only.,,False,False,,,
spot,spot_pair_removal,FETUSDT,FET/FDUSD,2025-01-09 00:00:00,2025-01-16 03:00:00,171.0,https://cryptorank.io/news/feed/16461-binance-delisting-spot-trading-pairs-2,Secondary source says Binance official notice was published 2025-01-09; timestamp date-only.,,False,False,,,
spot,spot_pair_removal,HMSTRUSDT,HMSTR/FDUSD,2025-01-09 00:00:00,2025-01-16 03:00:00,171.0,https://cryptorank.io/news/feed/16461-binance-delisting-spot-trading-pairs-2,Secondary source says Binance official notice was published 2025-01-09; timestamp date-only.,,False,False,,,
spot,spot_pair_removal,LAYERUSDT,LAYER/BTC,2025-01-09 00:00:00,2025-01-16 03:00:00,171.0,https://cryptorank.io/news/feed/16461-binance-delisting-spot-trading-pairs-2,Secondary source says Binance official notice was published 2025-01-09; timestamp date-only.,,False,False,,,
spot,spot_pair_removal,LAYERUSDT,LAYER/FDUSD,2025-01-09 00:00:00,2025-01-16 03:00:00,171.0,https://cryptorank.io/news/feed/16461-binance-delisting-spot-trading-pairs-2,Secondary source says Binance official notice was published 2025-01-09; timestamp date-only.,,False,False,,,
spot,spot_pair_removal,MIRAUSDT,MIRA/BNB,2025-01-09 00:00:00,2025-01-16 03:00:00,171.0,https://cryptorank.io/news/feed/16461-binance-delisting-spot-trading-pairs-2,Secondary source says Binance official notice was published 2025-01-09; timestamp date-only.,,False,False,,,
spot,spot_pair_removal,OPUSDT,OP/FDUSD,2025-01-09 00:00:00,2025-01-16 03:00:00,171.0,https://cryptorank.io/news/feed/16461-binance-delisting-spot-trading-pairs-2,Secondary source says Binance official notice was published 2025-01-09; timestamp date-only.,,False,False,,,
spot,spot_pair_removal,ORDIUSDT,ORDI/FDUSD,2025-01-09 00:00:00,2025-01-16 03:00:00,171.0,https://cryptorank.io/news/feed/16461-binance-delisting-spot-trading-pairs-2,Secondary source says Binance official notice was published 2025-01-09; timestamp date-only.,,False,False,,,
spot,spot_pair_removal,PYTHUSDT,PYTH/FDUSD,2025-01-09 00:00:00,2025-01-16 03:00:00,171.0,https://cryptorank.io/news/feed/16461-binance-delisting-spot-trading-pairs-2,Secondary source says Binance official notice was published 2025-01-09; timestamp date-only.,,False,False,,,
spot,spot_pair_removal,TRXUSDT,TRX/FDUSD,2025-01-09 00:00:00,2025-01-16 03:00:00,171.0,https://cryptorank.io/news/feed/16461-binance-delisting-spot-trading-pairs-2,Secondary source says Binance official notice was published 2025-01-09; timestamp date-only.,TRXUSDT,True,True,2020-01-15 08:00:00,2026-06-22 00:00:00,14069
spot,spot_pair_removal,WCTUSDT,WCT/BNB,2025-01-09 00:00:00,2025-01-16 03:00:00,171.0,https://cryptorank.io/news/feed/16461-binance-delisting-spot-trading-pairs-2,Secondary source says Binance official notice was published 2025-01-09; timestamp date-only.,,False,False,,,
spot,spot_pair_removal,YBUSDT,YB/FDUSD,2025-01-09 00:00:00,2025-01-16 03:00:00,171.0,https://cryptorank.io/news/feed/16461-binance-delisting-spot-trading-pairs-2,Secondary source says Binance official notice was published 2025-01-09; timestamp date-only.,,False,False,,,
spot,spot_pair_removal,ZBTUSDT,ZBT/BNB,2025-01-09 00:00:00,2025-01-16 03:00:00,171.0,https://cryptorank.io/news/feed/16461-binance-delisting-spot-trading-pairs-2,Secondary source says Binance official notice was published 2025-01-09; timestamp date-only.,,False,False,,,
spot,spot_pair_removal,ZKCUSDT,ZKC/FDUSD,2025-01-09 00:00:00,2025-01-16 03:00:00,171.0,https://cryptorank.io/news/feed/16461-binance-delisting-spot-trading-pairs-2,Secondary source says Binance official notice was published 2025-01-09; timestamp date-only.,,False,False,,,
spot,spot_pair_removal,AIUSDT,AI/BTC,2025-01-16 00:00:00,2025-01-23 03:00:00,171.0,https://coinpulsehq.com/binance-delisting-spot-trading-pairs-5/,Secondary source summarizing Binance official notice; timestamp date-only.,,False,False,,,
spot,spot_pair_removal,APEUSDT,APE/BTC,2025-01-16 00:00:00,2025-01-23 03:00:00,171.0,https://coinpulsehq.com/binance-delisting-spot-trading-pairs-5/,Secondary source summarizing Binance official notice; timestamp date-only.,,False,False,,,
spot,spot_pair_removal,AUCTIONUSDT,AUCTION/BTC,2025-01-16 00:00:00,2025-01-23 03:00:00,171.0,https://coinpulsehq.com/binance-delisting-spot-trading-pairs-5/,Secondary source summarizing Binance official notice; timestamp date-only.,,False,False,,,
spot,spot_pair_removal,IDUSDT,ID/BTC,2025-01-16 00:00:00,2025-01-23 03:00:00,171.0,https://coinpulsehq.com/binance-delisting-spot-trading-pairs-5/,Secondary source summarizing Binance official notice; timestamp date-only.,,False,False,,,
spot,spot_pair_removal,LDOUSDT,LDO/BTC,2025-01-16 00:00:00,2025-01-23 03:00:00,171.0,https://coinpulsehq.com/binance-delisting-spot-trading-pairs-5/,Secondary source summarizing Binance official notice; timestamp date-only.,,False,False,,,
spot,spot_pair_removal,NMRUSDT,NMR/BTC,2025-01-16 00:00:00,2025-01-23 03:00:00,171.0,https://coinpulsehq.com/binance-delisting-spot-trading-pairs-5/,Secondary source summarizing Binance official notice; timestamp date-only.,,False,False,,,
spot,spot_pair_removal,PNUTUSDT,PNUT/BTC,2025-01-16 00:00:00,2025-01-23 03:00:00,171.0,https://coinpulsehq.com/binance-delisting-spot-trading-pairs-5/,Secondary source summarizing Binance official notice; timestamp date-only.,,False,False,,,
spot,spot_pair_removal,PYRUSDT,PYR/BTC,2025-01-16 00:00:00,2025-01-23 03:00:00,171.0,https://coinpulsehq.com/binance-delisting-spot-trading-pairs-5/,Secondary source summarizing Binance official notice; timestamp date-only.,,False,False,,,
spot,spot_pair_removal,YFIUSDT,YFI/BTC,2025-01-16 00:00:00,2025-01-23 03:00:00,171.0,https://coinpulsehq.com/binance-delisting-spot-trading-pairs-5/,Secondary source summarizing Binance official notice; timestamp date-only.,YFIUSDT,True,True,2020-08-31 04:00:00,2026-06-22 00:00:00,12696
spot,spot_pair_removal,FILUSDT,FIL/ETH,2025-01-16 00:00:00,2025-01-23 03:00:00,171.0,https://coinpulsehq.com/binance-delisting-spot-trading-pairs-5/,Secondary source summarizing Binance official notice; timestamp date-only.,FILUSDT,True,True,2020-10-16 04:00:00,2026-06-22 00:00:00,12420
spot,spot_pair_removal,LRCUSDT,LRC/ETH,2025-01-16 00:00:00,2025-01-23 03:00:00,171.0,https://coinpulsehq.com/binance-delisting-spot-trading-pairs-5/,Secondary source summarizing Binance official notice; timestamp date-only.,LRCUSDT,True,True,2020-10-19 04:00:00,2026-06-22 00:00:00,12402
spot,spot_pair_removal,XVGUSDT,XVG/ETH,2025-01-16 00:00:00,2025-01-23 03:00:00,171.0,https://coinpulsehq.com/binance-delisting-spot-trading-pairs-5/,Secondary source summarizing Binance official notice; timestamp date-only.,,False,False,,,
spot,spot_pair_removal,ZILUSDT,ZIL/ETH,2025-01-16 00:00:00,2025-01-23 03:00:00,171.0,https://coinpulsehq.com/binance-delisting-spot-trading-pairs-5/,Secondary source summarizing Binance official notice; timestamp date-only.,,False,False,,,
spot,spot_pair_removal,ALLOUSDT,ALLO/BNB,2025-01-16 00:00:00,2025-01-23 03:00:00,171.0,https://coinpulsehq.com/binance-delisting-spot-trading-pairs-5/,Secondary source summarizing Binance official notice; timestamp date-only.,,False,False,,,
spot,spot_pair_removal,ENAUSDT,ENA/BNB,2025-01-16 00:00:00,2025-01-23 03:00:00,171.0,https://coinpulsehq.com/binance-delisting-spot-trading-pairs-5/,Secondary source summarizing Binance official notice; timestamp date-only.,,False,False,,,
spot,spot_pair_removal,KITEUSDT,KITE/BNB,2025-01-16 00:00:00,2025-01-23 03:00:00,171.0,https://coinpulsehq.com/binance-delisting-spot-trading-pairs-5/,Secondary source summarizing Binance official notice; timestamp date-only.,,False,False,,,
spot,spot_pair_removal,BOMEUSDT,BOME/FDUSD,2025-01-16 00:00:00,2025-01-23 03:00:00,171.0,https://coinpulsehq.com/binance-delisting-spot-trading-pairs-5/,Secondary source summarizing Binance official notice; timestamp date-only.,,False,False,,,
spot,spot_pair_removal,DYDXUSDT,DYDX/FDUSD,2025-01-16 00:00:00,2025-01-23 03:00:00,171.0,https://coinpulsehq.com/binance-delisting-spot-trading-pairs-5/,Secondary source summarizing Binance official notice; timestamp date-only.,,False,False,,,
spot,spot_pair_removal,PENGUUSDT,PENGU/FDUSD,2025-01-16 00:00:00,2025-01-23 03:00:00,171.0,https://coinpulsehq.com/binance-delisting-spot-trading-pairs-5/,Secondary source summarizing Binance official notice; timestamp date-only.,,False,False,,,
spot,spot_pair_removal,STRKUSDT,STRK/FDUSD,2025-01-16 00:00:00,2025-01-23 03:00:00,171.0,https://coinpulsehq.com/binance-delisting-spot-trading-pairs-5/,Secondary source summarizing Binance official notice; timestamp date-only.,,False,False,,,
spot,spot_pair_removal,ACHUSDT,ACH/BTC,2025-12-01 00:00:00,2025-12-05 03:00:00,99.0,https://www.mexc.fm/news/219087,Secondary source citing CoinOtag/Binance official sources; timestamp date-only.,,False,False,,,
spot,spot_pair_removal,DENTUSDT,DENT/ETH,2025-12-01 00:00:00,2025-12-05 03:00:00,99.0,https://www.mexc.fm/news/219087,Secondary source citing CoinOtag/Binance official sources; timestamp date-only.,,False,False,,,
spot,spot_pair_removal,EGLDUSDT,EGLD/FDUSD,2025-12-01 00:00:00,2025-12-05 03:00:00,99.0,https://www.mexc.fm/news/219087,Secondary source citing CoinOtag/Binance official sources; timestamp date-only.,EGLDUSDT,True,True,2020-09-14 04:00:00,2026-06-22 00:00:00,12642
spot,spot_pair_removal,HAEDALUSDT,HAEDAL/BNB,2025-12-01 00:00:00,2025-12-05 03:00:00,99.0,https://www.mexc.fm/news/219087,Secondary source citing CoinOtag/Binance official sources; timestamp date-only.,,False,False,,,
spot,spot_pair_removal,INITUSDT,INIT/FDUSD,2025-12-01 00:00:00,2025-12-05 03:00:00,99.0,https://www.mexc.fm/news/219087,Secondary source citing CoinOtag/Binance official sources; timestamp date-only.,,False,False,,,
spot,spot_pair_removal,PORTALUSDT,PORTAL/BNB,2025-12-01 00:00:00,2025-12-05 03:00:00,99.0,https://www.mexc.fm/news/219087,Secondary source citing CoinOtag/Binance official sources; timestamp date-only.,,False,False,,,
spot,spot_pair_removal,PORTALUSDT,PORTAL/BTC,2025-12-01 00:00:00,2025-12-05 03:00:00,99.0,https://www.mexc.fm/news/219087,Secondary source citing CoinOtag/Binance official sources; timestamp date-only.,,False,False,,,
spot,spot_pair_removal,PROVEUSDT,PROVE/FDUSD,2025-12-01 00:00:00,2025-12-05 03:00:00,99.0,https://www.mexc.fm/news/219087,Secondary source citing CoinOtag/Binance official sources; timestamp date-only.,,False,False,,,
spot,spot_pair_removal,QTUMUSDT,QTUM/BTC,2025-12-01 00:00:00,2025-12-05 03:00:00,99.0,https://www.mexc.fm/news/219087,Secondary source citing CoinOtag/Binance official sources; timestamp date-only.,,False,False,,,
spot,spot_pair_removal,RIFUSDT,RIF/BTC,2025-12-01 00:00:00,2025-12-05 03:00:00,99.0,https://www.mexc.fm/news/219087,Secondary source citing CoinOtag/Binance official sources; timestamp date-only.,,False,False,,,
spot,spot_pair_removal,SHELLUSDT,SHELL/FDUSD,2025-12-01 00:00:00,2025-12-05 03:00:00,99.0,https://www.mexc.fm/news/219087,Secondary source citing CoinOtag/Binance official sources; timestamp date-only.,,False,False,,,
spot,spot_pair_removal,STRAXUSDT,STRAX/BTC,2025-12-01 00:00:00,2025-12-05 03:00:00,99.0,https://www.mexc.fm/news/219087,Secondary source citing CoinOtag/Binance official sources; timestamp date-only.,,False,False,,,
spot,spot_pair_removal,TREEUSDT,TREE/FDUSD,2025-12-01 00:00:00,2025-12-05 03:00:00,99.0,https://www.mexc.fm/news/219087,Secondary source citing CoinOtag/Binance official sources; timestamp date-only.,,False,False,,,
spot,spot_pair_removal,WAXPUSDT,WAXP/BTC,2025-12-01 00:00:00,2025-12-05 03:00:00,99.0,https://www.mexc.fm/news/219087,Secondary source citing CoinOtag/Binance official sources; timestamp date-only.,,False,False,,,
spot,spot_pair_removal,WUSDT,W/BTC,2025-12-01 00:00:00,2025-12-05 03:00:00,99.0,https://www.mexc.fm/news/219087,Secondary source citing CoinOtag/Binance official sources; timestamp date-only.,,False,False,,,
USDS-M perpetual,futures_contract_delist_auto_settlement,AERGOUSDT,AERGOUSDT perpetual,,2026-07-24 06:30:00,,https://www.binance.com/bapi/composite/v1/public/cms/article/detail/query?articleCode=f0e3fc835b9545759e4279c64b200389,LIVE forward sample via daily thesis patrol 2026-07-24 10:01; T0-morning signature: realized funding deep-positive +0.44->0.64%/period (crowded longs paying) / price +6.6%/48h near high / OI -18% from max; settlement outcome to be appended post-06:30 UTC by 22:01 patrol,,False,False,,,
