event_time_utc,symbol,oi_notional,d6h_pct,d6h_rolling_pctl,r6h_mark,severity,severity_code,funding_time_utc,funding_value,funding_rolling_pctl,a2_overlap,regime
2021-03-15T09:00:00Z,BTCUSDT,1907572485.12732,-0.13951045754288316,0.006847849347314359,-0.0784761328272437,Mild,0,2021-03-15T08:00:00Z,0.0010521,0.9488584474885845,0,bull
2021-04-18T03:00:00Z,BTCUSDT,1601314941.000183,-0.2562802168356544,0.0001823819077147547,-0.10264288904390698,Severe,2,2021-04-18T00:00:00Z,0.00081624,0.8876712328767123,0,bull
2021-05-10T20:00:00Z,BTCUSDT,1791507518.7076588,-0.14215427756149634,0.006306007301692665,-0.030314913099760955,Medium,1,2021-05-10T16:00:00Z,0.00098653,0.9205479452054794,0,bull
2021-05-13T00:00:00Z,BTCUSDT,1556861401.0786233,-0.17422835399554526,0.002303389272787101,-0.08620672791907329,Severe,2,2021-05-12T16:00:00Z,0.00039761,0.7378995433789954,0,bull
2021-05-22T04:00:00Z,BTCUSDT,0.0,-1.0,0.0,-0.007982405617070944,Severe,2,2021-05-22T00:00:00Z,-0.00024448,0.0027397260273972603,0,bear
2021-09-07T15:00:00Z,BTCUSDT,2320888920.8733783,-0.2808687601164751,0.0006867345770859563,-0.08778678268099094,Severe,2,2021-09-07T08:00:00Z,0.0001,0.39360730593607307,0,unknown
2021-11-10T21:00:00Z,BTCUSDT,3650875480.69376,-0.12755415610944532,0.009614284079203388,-0.061284165939393266,Mild,0,2021-11-10T16:00:00Z,0.00057535,0.8319634703196347,0,unknown
2021-12-04T05:00:00Z,BTCUSDT,2445657189.4785333,-0.2546416410165683,0.00183129220556255,-0.12118537566759668,Severe,2,2021-12-04T00:00:00Z,0.0001,0.3319634703196347,0,unknown
2022-05-09T18:00:00Z,BTCUSDT,2768259397.154124,-0.10361448966084053,0.009491137793024585,-0.06565504548942362,Mild,0,2022-05-09T16:00:00Z,0.0001,0.5904109589041096,0,bear
2022-05-11T16:00:00Z,BTCUSDT,2313381105.744,-0.11298040472451987,0.006403659233847913,-0.04826899020337642,Medium,1,2022-05-11T08:00:00Z,6.939e-05,0.28858447488584477,0,bear
2022-05-20T16:00:00Z,BTCUSDT,2375271208.090141,-0.09826099724522475,0.009033733562035448,-0.051505948624074226,Mild,0,2022-05-20T08:00:00Z,0.0001,0.6114155251141552,0,bear
2022-05-23T19:00:00Z,BTCUSDT,2399424620.1373,-0.11827540201087527,0.003544882790165809,-0.042172019885460876,Medium,1,2022-05-23T16:00:00Z,0.0001,0.6114155251141552,0,bear
2022-06-01T20:00:00Z,BTCUSDT,2498970261.98504,-0.09264226277100829,0.00960548885077187,-0.05074624497075104,Mild,0,2022-06-01T16:00:00Z,0.0001,0.6132420091324201,0,bear
2022-06-06T20:00:00Z,SOLUSDT,132304127.594897,-0.12770440948206596,0.005558025789239662,-0.019253665873383268,Medium,1,2022-06-06T16:00:00Z,0.0001,0.563013698630137,0,bear
2022-06-07T00:00:00Z,ETHUSDT,941348730.7713037,-0.10365247519220389,0.005553087516659262,-0.05706061565082722,Medium,1,2022-06-06T16:00:00Z,0.0001,0.6155251141552511,0,bear
2022-06-07T01:00:00Z,BTCUSDT,2606810034.0914397,-0.1274725635664108,0.0032018296169239566,-0.0625049093370155,Severe,2,2022-06-07T00:00:00Z,0.0001,0.6200913242009133,0,bear
2022-06-08T06:00:00Z,BTCUSDT,2443686456.718,-0.10048147834112353,0.008690680388793596,-0.018020163874980604,Mild,0,2022-06-08T00:00:00Z,0.0001,0.6210045662100456,0,bear
2022-06-12T23:00:00Z,SOLUSDT,94774459.08,-0.11651394232294543,0.009472551130247578,-0.08634022456497133,Mild,0,2022-06-12T16:00:00Z,-0.00018527,0.034703196347031964,0,bear
2022-06-13T02:00:00Z,BTCUSDT,2123291378.76,-0.09890331784910233,0.009148084619782733,-0.07698909851522749,Mild,0,2022-06-13T00:00:00Z,5.616e-05,0.28858447488584477,0,bear
2022-06-16T13:00:00Z,SOLUSDT,86297640.0,-0.1379279652887342,0.004861551469034031,-0.06516563892053706,Medium,1,2022-06-16T08:00:00Z,6.463e-05,0.26666666666666666,0,bear
2022-06-20T16:00:00Z,ETHUSDT,918449563.0871494,-0.09499044056722206,0.007246376811594203,-0.045279843789338886,Mild,0,2022-06-20T08:00:00Z,-2.176e-05,0.14703196347031963,0,bear
2022-06-20T16:00:00Z,SOLUSDT,119640271.6289444,-0.18007187598013352,0.003105590062111801,-0.04587945930297111,Severe,2,2022-06-20T08:00:00Z,-7.43e-06,0.1780821917808219,0,bear
2022-06-21T20:00:00Z,SOLUSDT,117021962.82,-0.13718260662490467,0.006175380815150268,-0.0657835457829885,Medium,1,2022-06-21T16:00:00Z,-0.0001115,0.0867579908675799,0,bear
2022-06-26T17:00:00Z,ETHUSDT,1086409669.76273,-0.11487347761876843,0.003819095477386935,-0.03804821990062555,Medium,1,2022-06-26T16:00:00Z,-8.522e-05,0.06484018264840183,0,bear
2022-06-30T01:00:00Z,SOLUSDT,98199954.40791132,-0.14812166178189956,0.004352126607319486,-0.0560373336999801,Medium,1,2022-06-30T00:00:00Z,-9.058e-05,0.09680365296803653,0,bear
2022-07-01T08:00:00Z,SOLUSDT,90739076.42,-0.13050806692373929,0.006881635863153756,-0.05673604162238195,Mild,0,2022-07-01T00:00:00Z,-7.592e-05,0.11232876712328767,0,bear
2022-07-05T16:00:00Z,ETHUSDT,981089956.7404318,-0.1003682117269169,0.006551059730250481,-0.03028967328915232,Medium,1,2022-07-05T08:00:00Z,1.762e-05,0.2191780821917808,0,bear
2022-07-16T01:00:00Z,ETHUSDT,1184626498.93496,-0.0962240768196363,0.0069865784151498436,-0.037058756479624214,Mild,0,2022-07-16T00:00:00Z,5.458e-05,0.31232876712328766,0,bear
2022-07-18T18:00:00Z,SOLUSDT,106829246.48,-0.12663285143764547,0.007085755813953488,-0.048966362402753164,Mild,0,2022-07-18T16:00:00Z,0.0001,0.5995433789954338,0,bear
2022-07-18T20:00:00Z,BTCUSDT,2419790405.3367767,-0.09292228038682993,0.009936043855641846,-0.03322286783099248,Mild,0,2022-07-18T16:00:00Z,0.0001,0.6287671232876713,0,bear
2022-07-19T05:00:00Z,ETHUSDT,1294357881.96456,-0.09576730570410963,0.007252946509519492,-0.03389596259759656,Mild,0,2022-07-19T00:00:00Z,0.0001,0.6397260273972603,0,bear
2022-07-20T17:00:00Z,ETHUSDT,1262735767.67052,-0.09128536887851679,0.009547829219960368,-0.03678201488191909,Mild,0,2022-07-20T16:00:00Z,2.871e-05,0.24840182648401826,0,bear
2022-07-20T20:00:00Z,SOLUSDT,110330674.72,-0.12556057960847644,0.00792221822110191,-0.08706949368786826,Mild,0,2022-07-20T16:00:00Z,0.0001,0.5986301369863014,0,bear
2022-07-22T15:00:00Z,ETHUSDT,1352838589.376,-0.09825518385040566,0.006789351438270502,-0.03510407369293196,Mild,0,2022-07-22T08:00:00Z,0.0001,0.6374429223744292,0,bear
2022-07-25T01:00:00Z,ETHUSDT,1453143177.826923,-0.11884989752677755,0.0033598585322723255,-0.03671983081855524,Medium,1,2022-07-25T00:00:00Z,0.0001,0.6378995433789955,0,bear
2022-07-25T02:00:00Z,SOLUSDT,104941762.29,-0.12798467121446333,0.007072135785007072,-0.05692148982076505,Mild,0,2022-07-25T00:00:00Z,0.0001,0.5986301369863014,0,bear
2022-08-03T23:00:00Z,SOLUSDT,114733549.77780484,-0.13319202632048832,0.006448328525369082,-0.04094530729075456,Medium,1,2022-08-03T16:00:00Z,-0.0001824,0.042922374429223746,0,bear
2022-08-07T01:00:00Z,ETHUSDT,1691330082.52368,-0.09654312155873057,0.008044243338360985,-0.022880383595542623,Mild,0,2022-08-07T00:00:00Z,0.0001,0.6442922374429224,0,bear
2022-08-09T14:00:00Z,ETHUSDT,1681453724.8851862,-0.10309647235958885,0.0063039150630391505,-0.050195180783669684,Medium,1,2022-08-09T08:00:00Z,-3.21e-06,0.18493150684931506,0,bear
2022-08-14T21:00:00Z,SOLUSDT,142363128.15,-0.12405107895860723,0.008773354995938261,-0.014556391380411671,Mild,0,2022-08-14T16:00:00Z,5.903e-05,0.32054794520547947,0,bear
2022-08-19T07:00:00Z,ETHUSDT,1706115328.038,-0.09480393873987625,0.008944258105733908,-0.040925336330788764,Mild,0,2022-08-19T00:00:00Z,5.275e-05,0.33059360730593607,0,bear
2022-08-19T09:00:00Z,BTCUSDT,2428490797.971519,-0.09321590985714656,0.0094792142530836,-0.04601660701591888,Mild,0,2022-08-19T08:00:00Z,2.108e-05,0.2,0,unknown
2022-08-26T16:00:00Z,ETHUSDT,1521319772.9774942,-0.10143592274536195,0.007145076110593352,-0.04316977486657898,Mild,0,2022-08-26T08:00:00Z,2.49e-05,0.2602739726027397,0,bear
2022-08-30T16:00:00Z,ETHUSDT,1570423232.88123,-0.11342638797580207,0.004591368227731864,-0.063957493554469,Medium,1,2022-08-30T08:00:00Z,-6.689e-05,0.09771689497716896,0,bear
2022-09-02T19:00:00Z,ETHUSDT,1568273146.13221,-0.11100224002456516,0.005295808745649872,-0.04277751006046355,Medium,1,2022-09-02T16:00:00Z,-1.84e-05,0.18082191780821918,0,bear
2022-09-06T19:00:00Z,ETHUSDT,1603300140.8357708,-0.11595959924383126,0.0044742729306487695,-0.04519520473188828,Medium,1,2022-09-06T16:00:00Z,-2.352e-05,0.17990867579908676,0,bear
2022-09-06T21:00:00Z,SOLUSDT,100907515.65923002,-0.1315808331356555,0.006262114209035336,-0.08179453519064626,Medium,1,2022-09-06T16:00:00Z,0.0001,0.6657534246575343,0,bear
2022-09-13T12:00:00Z,SOLUSDT,129846856.07435618,-0.13594940540764477,0.005534517914360618,-0.06436590048297963,Medium,1,2022-09-13T08:00:00Z,1.301e-05,0.29497716894977166,0,bear
2022-09-13T14:00:00Z,ETHUSDT,1488344373.285,-0.10220658438540375,0.008153756552125802,-0.07571047631410359,Mild,0,2022-09-13T08:00:00Z,-0.00047985,0.0009132420091324201,0,bear
2022-09-18T21:00:00Z,ETHUSDT,1303824779.5482,-0.10155677987432432,0.008434596140100071,-0.060584165498838216,Mild,0,2022-09-18T16:00:00Z,6.342e-05,0.4374429223744292,0,bear
2022-09-21T21:00:00Z,BTCUSDT,2073572552.15,-0.10884350586100011,0.005824577432617634,-0.038554497831869886,Medium,1,2022-09-21T16:00:00Z,2.732e-05,0.27671232876712326,0,unknown
2022-09-27T16:00:00Z,SOLUSDT,107787053.92,-0.15010190382440092,0.004024424091035248,-0.052424438606777,Medium,1,2022-09-27T08:00:00Z,0.0001,0.6945205479452055,0,bear
2022-09-27T18:00:00Z,ETHUSDT,1354173147.9493,-0.10412002808252241,0.0069367369589345175,-0.0510447537188025,Mild,0,2022-09-27T16:00:00Z,1.303e-05,0.29954337899543376,0,bear
2022-09-30T21:00:00Z,BTCUSDT,2494806549.3812127,-0.16385431702782915,0.0021699406121516674,-0.020170358716590953,Severe,2,2022-09-30T16:00:00Z,0.0001,0.7027397260273973,0,unknown
2022-09-30T21:00:00Z,SOLUSDT,107131755.4,-0.13410466331759074,0.007002608815048743,-0.04039715728867973,Mild,0,2022-09-30T16:00:00Z,0.0001,0.6972602739726027,0,bear
2022-10-31T16:00:00Z,SOLUSDT,132073940.95,-0.12623291914391255,0.008476689104961356,-0.04228923651396792,Mild,0,2022-10-31T08:00:00Z,0.0001,0.7502283105022831,0,unknown
2022-11-08T19:00:00Z,BTCUSDT,2143976691.0781,-0.15092929425654866,0.002740977615349475,-0.0691634545811534,Severe,2,2022-11-08T16:00:00Z,9.446e-05,0.5625570776255707,0,unknown
2022-11-09T17:00:00Z,SOLUSDT,183331401.22413608,-0.13705914434413935,0.005825949751183396,-0.3922296856815771,Medium,1,2022-11-09T16:00:00Z,-0.015,0.0,0,unknown
2022-11-11T02:00:00Z,SOLUSDT,138642059.48,-0.13437886243575592,0.007011605415860735,-0.08439296267395423,Mild,0,2022-11-11T00:00:00Z,-0.00262997,0.012681159420289856,0,unknown
2022-11-15T19:00:00Z,SOLUSDT,98736920.8449742,-0.12983050544526453,0.008467501490757305,-0.03958878840598832,Mild,0,2022-11-15T18:00:00Z,-0.00136816,0.029668411867364748,0,unknown
2022-12-05T20:00:00Z,BTCUSDT,2119824326.2586,-0.09936619143107583,0.007880310644129739,-0.015676093300410993,Mild,0,2022-12-05T16:00:00Z,4.603e-05,0.4420091324200913,0,unknown
2022-12-05T20:00:00Z,ETHUSDT,1397852120.5628378,-0.1022309540420131,0.006966651439013248,-0.02241523036419711,Mild,0,2022-12-05T16:00:00Z,5.578e-05,0.5607305936073059,0,unknown
2022-12-16T09:00:00Z,ETHUSDT,1261364375.51186,-0.10892371432042125,0.005253540429419826,-0.04790670440047483,Medium,1,2022-12-16T08:00:00Z,0.0001,0.8611872146118722,0,unknown
2023-01-04T19:00:00Z,SOLUSDT,184170424.83,-0.1246580310094243,0.009022384650525354,-0.023029335325478874,Mild,0,2023-01-04T16:00:00Z,-0.00145742,0.04188034188034188,0,unknown
2023-01-18T15:00:00Z,SOLUSDT,153957100.9607988,-0.13644014582485997,0.00548195523069895,-0.02870435754822193,Medium,1,2023-01-18T08:00:00Z,0.0001,0.8551282051282051,0,unknown
2023-01-22T20:00:00Z,SOLUSDT,147344589.722,-0.13482281455341694,0.006395614435815441,-0.05560209370725853,Medium,1,2023-01-22T16:00:00Z,0.0001,0.8542735042735042,0,unknown
2023-01-24T22:00:00Z,SOLUSDT,139219786.356,-0.13220545785305515,0.007195066240292371,-0.05521316419301255,Mild,0,2023-01-24T16:00:00Z,0.0001,0.8512820512820513,0,unknown
2023-01-25T00:00:00Z,ETHUSDT,1542502198.6699817,-0.0993474513892757,0.007994518044769302,-0.04506104566944939,Mild,0,2023-01-24T16:00:00Z,0.0001,0.85662100456621,0,unknown
2023-01-30T11:00:00Z,BTCUSDT,2233357312.452,-0.09939202718749374,0.006395614435815441,-0.027798847704603433,Medium,1,2023-01-30T08:00:00Z,0.0001,0.8392694063926941,0,unknown
2023-01-30T12:00:00Z,ETHUSDT,1550443197.585,-0.10437446413291618,0.005938784833257195,-0.0327671302373016,Medium,1,2023-01-30T08:00:00Z,0.0001,0.8497716894977169,0,unknown
2023-02-03T00:00:00Z,SOLUSDT,129506378.02708057,-0.1318978763283154,0.008108725445408863,-0.058769948074139454,Mild,0,2023-02-02T16:00:00Z,0.0001,0.8393162393162393,0,unknown
2023-02-09T19:00:00Z,ETHUSDT,1624254933.28923,-0.1045733910149873,0.005938784833257195,-0.037801772275524025,Medium,1,2023-02-09T16:00:00Z,0.0001,0.8397260273972603,0,unknown
2023-02-09T22:00:00Z,SOLUSDT,95314072.45554936,-0.15785026766347332,0.003997259022384651,-0.09984546359796398,Medium,1,2023-02-09T16:00:00Z,0.0001,0.8367521367521368,0,unknown
2023-02-17T00:00:00Z,BTCUSDT,2468345057.040966,-0.11884477566820184,0.0029693924166285975,-0.05165202169773259,Severe,2,2023-02-16T16:00:00Z,0.00023171,0.9990867579908675,1,unknown
2023-03-03T01:00:00Z,BTCUSDT,2285093140.0535,-0.10764225734080046,0.0053677478300593875,-0.057989738938178506,Medium,1,2023-03-03T00:00:00Z,0.0001,0.8237442922374429,0,unknown
2023-03-03T01:00:00Z,ETHUSDT,1556185698.9517446,-0.09952496941063405,0.008565555047967108,-0.05964985762920351,Mild,0,2023-03-03T00:00:00Z,3.967e-05,0.4474885844748858,0,unknown
2023-03-09T20:00:00Z,BTCUSDT,2188404078.6042,-0.11280759898728265,0.004223744292237443,-0.07642878270788828,Medium,1,2023-03-09T16:00:00Z,0.0001,0.8269406392694064,0,unknown
2023-03-09T21:00:00Z,ETHUSDT,1313057576.40785,-0.14789137150070986,0.0012557077625570776,-0.06844003723546241,Severe,2,2023-03-09T16:00:00Z,3.643e-05,0.4392694063926941,0,unknown
2023-03-09T21:00:00Z,SOLUSDT,88287639.345,-0.13331880810618324,0.0073059360730593605,-0.08165761223103946,Mild,0,2023-03-09T16:00:00Z,0.0001,0.8282051282051283,0,unknown
2023-03-14T18:00:00Z,BTCUSDT,2632394752.5497165,-0.11538408431525926,0.0038812785388127853,-0.032866743033218446,Medium,1,2023-03-14T16:00:00Z,0.00029811,0.9990867579908675,1,unknown
2023-03-15T19:00:00Z,BTCUSDT,2341056265.195385,-0.10116593768749671,0.008105022831050229,-0.017608114502166306,Mild,0,2023-03-15T16:00:00Z,0.00022126,0.9963470319634703,1,unknown
2023-03-22T19:00:00Z,BTCUSDT,2819308657.56,-0.11870289708429715,0.003995433789954338,-0.05866989553244609,Medium,1,2023-03-22T16:00:00Z,5.334e-05,0.4748858447488584,0,unknown
2023-03-22T19:00:00Z,SOLUSDT,86243967.105,-0.13539284122114115,0.006621004566210046,-0.06440210074903606,Medium,1,2023-03-22T16:00:00Z,0.0001,0.8294871794871795,0,unknown
2023-03-24T21:00:00Z,BTCUSDT,2694596108.2872,-0.09602011771368313,0.009589041095890411,-0.024603428635632273,Mild,0,2023-03-24T16:00:00Z,0.0001,0.8232876712328767,0,unknown
2023-04-10T08:00:00Z,BTCUSDT,0.0,-1.0,0.0,-0.00014890000545438793,Severe,2,2023-04-10T00:00:00Z,0.0001,0.8365296803652968,0,unknown
2023-04-19T08:00:00Z,ETHUSDT,1761252522.81,-0.1338547153882551,0.002397260273972603,-0.051589616359213095,Severe,2,2023-04-19T00:00:00Z,0.0001,0.845662100456621,0,unknown
2023-04-19T08:00:00Z,SOLUSDT,112938879.9200886,-0.1778675162359522,0.0027397260273972603,-0.07957930217097685,Severe,2,2023-04-19T00:00:00Z,0.0001,0.8316239316239317,0,unknown
2023-04-21T20:00:00Z,ETHUSDT,1535099584.2265244,-0.10201914186043404,0.007990867579908675,-0.03719367452361401,Mild,0,2023-04-21T16:00:00Z,8.488e-05,0.6593607305936073,0,unknown
2023-04-26T19:00:00Z,ETHUSDT,1396118273.44092,-0.1825797423444656,0.0006849315068493151,-0.06624110972885426,Severe,2,2023-04-26T16:00:00Z,8.7e-05,0.6684931506849315,0,unknown
2023-04-26T20:00:00Z,SOLUSDT,98027042.37387842,-0.14334915801752013,0.005707762557077625,-0.054077043295184396,Medium,1,2023-04-26T16:00:00Z,0.0001,0.8333333333333334,0,unknown
2023-05-01T01:00:00Z,SOLUSDT,106806226.212,-0.1340679463747847,0.008675799086757991,-0.04371823194480759,Mild,0,2023-05-01T00:00:00Z,0.0001,0.8307692307692308,0,unknown
2023-05-06T14:00:00Z,ETHUSDT,1530750142.4232,-0.11592267468215023,0.005136986301369863,-0.035745833830232915,Medium,1,2023-05-06T08:00:00Z,0.0001,0.8474885844748858,0,unknown
2023-06-10T04:00:00Z,SOLUSDT,91174775.78,-0.22539038643110842,0.00045662100456621003,-0.18109120791522015,Severe,2,2023-06-10T00:00:00Z,4.312e-05,0.5243589743589744,0,unknown
2023-06-30T13:00:00Z,SOLUSDT,95668416.105,-0.1825208029267188,0.002511415525114155,-0.03935401414455942,Severe,2,2023-06-30T08:00:00Z,0.0001,0.8102564102564103,0,unknown
2023-06-30T14:00:00Z,BTCUSDT,3381514045.4239073,-0.09501578173204339,0.008447488584474886,-0.02524233251410932,Mild,0,2023-06-30T08:00:00Z,0.0001,0.8420091324200913,0,unknown
2023-07-06T15:00:00Z,BTCUSDT,3278522632.9592,-0.14738846849769494,0.002625570776255708,-0.02180741147181473,Severe,2,2023-07-06T08:00:00Z,7.72e-05,0.5844748858447488,0,unknown
2023-07-14T18:00:00Z,BTCUSDT,2995277563.3242,-0.13151141406715094,0.0038812785388127853,-0.034194180779692405,Medium,1,2023-07-14T16:00:00Z,0.0001,0.8383561643835616,0,unknown
2023-07-14T18:00:00Z,ETHUSDT,1502245375.57344,-0.17307069256590235,0.0013698630136986301,-0.03768769875325706,Severe,2,2023-07-14T16:00:00Z,0.0001,0.8461187214611872,0,unknown
2023-07-14T20:00:00Z,SOLUSDT,181304395.94057983,-0.14411377930125913,0.0058219178082191785,-0.07050583588500049,Medium,1,2023-07-14T16:00:00Z,0.00017912,0.9871794871794872,1,unknown
2023-08-17T20:00:00Z,ETHUSDT,1429213116.1364596,-0.11658079107015673,0.004223744292237443,-0.03477606435533246,Medium,1,2023-08-17T16:00:00Z,7.146e-05,0.5853881278538813,0,unknown
2023-08-17T21:00:00Z,SOLUSDT,88977617.365,-0.19046712488777817,0.0021689497716894978,-0.07289059649011066,Severe,2,2023-08-17T16:00:00Z,3.019e-05,0.4811965811965812,0,unknown
2023-08-31T19:00:00Z,BTCUSDT,2188103335.7568,-0.09803969699790227,0.0091324200913242,-0.03690210051639373,Mild,0,2023-08-31T16:00:00Z,8.105e-05,0.6054794520547945,0,unknown
2023-09-18T21:00:00Z,BTCUSDT,2392155334.7628,-0.09391810009803969,0.009360730593607305,-0.01598804298265142,Mild,0,2023-09-18T16:00:00Z,-6.774e-05,0.0182648401826484,0,bear
2023-09-27T19:00:00Z,BTCUSDT,2354882179.9869,-0.09101459137298085,0.009817351598173516,-0.01366705277291004,Mild,0,2023-09-27T16:00:00Z,2.074e-05,0.23881278538812786,0,bear
2023-10-24T18:00:00Z,ETHUSDT,1232499696.2848,-0.0956409822630443,0.007077625570776256,-0.0352752834376669,Mild,0,2023-10-24T16:00:00Z,0.0001,0.8515981735159818,0,bear
2023-10-26T14:00:00Z,ETHUSDT,1290646427.9024212,-0.09153620383962535,0.008675799086757991,-0.03064892277365876,Mild,0,2023-10-26T08:00:00Z,0.0001,0.8497716894977169,0,bull
2023-11-01T23:00:00Z,SOLUSDT,227181527.79917473,-0.16171562032645337,0.0029680365296803654,-0.07391034403718538,Severe,2,2023-11-01T16:00:00Z,-0.00041129,0.12051282051282051,0,bull
2023-11-02T17:00:00Z,BTCUSDT,2835042263.3227606,-0.08972026011750778,0.009246575342465754,-0.01720983308399234,Mild,0,2023-11-02T16:00:00Z,0.0001,0.8420091324200913,0,bull
2023-11-09T16:00:00Z,SOLUSDT,214368232.4039996,-0.16548818615854555,0.002625570776255708,-0.029770018053338513,Severe,2,2023-11-09T08:00:00Z,0.0001,0.8153846153846154,0,bull
2023-11-13T14:00:00Z,SOLUSDT,268511248.4614406,-0.13828846318356258,0.006392694063926941,-0.057176363949791455,Medium,1,2023-11-13T08:00:00Z,0.00033025,0.9947368421052631,1,bull
2023-11-13T21:00:00Z,ETHUSDT,1663692853.30941,-0.08728713092890938,0.00993150684931507,-0.022339423327058294,Mild,0,2023-11-13T16:00:00Z,0.00022833,0.9899543378995433,1,bull
2023-11-14T18:00:00Z,BTCUSDT,2696705268.83953,-0.10511889245840689,0.006050228310502283,-0.03198731155756278,Medium,1,2023-11-14T16:00:00Z,0.00014477,0.9844748858447488,1,bull
2023-11-23T03:00:00Z,ETHUSDT,0.0,-1.0,5.7077625570776254e-05,-0.010406272908136692,Severe,2,2023-11-23T00:00:00Z,0.0001,0.8077625570776256,0,bull
2023-11-23T03:00:00Z,SOLUSDT,0.0,-1.0,5.7077625570776254e-05,-0.004482100762169467,Severe,2,2023-11-23T00:00:00Z,0.0001,0.776255707762557,0,bull
2023-11-26T00:00:00Z,BTCUSDT,0.0,-1.0,0.00011415525114155251,-0.0020786454917292355,Severe,2,2023-11-25T16:00:00Z,0.0001,0.8054794520547945,0,bull
2023-11-26T00:00:00Z,ETHUSDT,0.0,-1.0,0.00011415525114155251,-7.608719080905496e-05,Severe,2,2023-11-25T16:00:00Z,0.0001,0.8041095890410959,0,bull
2023-12-04T11:00:00Z,SOLUSDT,329142969.75448513,-0.13612671951649524,0.0069634703196347035,-0.04342654971721755,Mild,0,2023-12-04T08:00:00Z,0.00053853,1.0,1,bull
2023-12-11T02:00:00Z,BTCUSDT,3171140960.528462,-0.14128953042911974,0.0030821917808219177,-0.04742675937554055,Severe,2,2023-12-11T00:00:00Z,0.0001473,0.9780821917808219,1,bull
2023-12-11T02:00:00Z,ETHUSDT,1821754110.555152,-0.10699338727489116,0.003995433789954338,-0.06412536983027126,Medium,1,2023-12-11T00:00:00Z,0.00024112,0.9881278538812786,1,bull
2023-12-26T18:00:00Z,SOLUSDT,504699107.36229897,-0.13006585885686273,0.0091324200913242,-0.08113113947435469,Mild,0,2023-12-26T16:00:00Z,0.00014423,0.9388127853881278,0,bull
2024-01-03T12:00:00Z,SOLUSDT,493883211.0587804,-0.1634698496840834,0.003310502283105023,-0.08641323855721544,Medium,1,2024-01-03T08:00:00Z,0.00013468,0.9178082191780822,0,bull
2024-01-03T14:00:00Z,ETHUSDT,1670278278.384688,-0.12215889495258181,0.0029680365296803654,-0.07807287613436259,Severe,2,2024-01-03T08:00:00Z,0.00024384,0.960730593607306,1,bull
2024-01-12T22:00:00Z,SOLUSDT,395232155.34,-0.13577762718521713,0.007876712328767124,-0.05119026934028085,Mild,0,2024-01-12T16:00:00Z,0.0001,0.6881278538812785,0,bull
2024-01-12T23:00:00Z,BTCUSDT,3207679278.1044,-0.1124092502890851,0.0069634703196347035,-0.023758867533352313,Mild,0,2024-01-12T16:00:00Z,0.0001,0.7273972602739726,0,bull
2024-02-28T21:00:00Z,BTCUSDT,4570123602.2691,-0.09730313160139914,0.009263494967978042,-0.006274105392111301,Mild,0,2024-02-28T16:00:00Z,0.00053538,0.9963470319634703,1,bull
2024-03-05T18:00:00Z,BTCUSDT,5006154089.6568,-0.09708137744611545,0.008806038426349496,-0.05057521604634818,Mild,0,2024-03-05T16:00:00Z,0.00088148,1.0,1,bull
2024-03-05T19:00:00Z,ETHUSDT,2518703747.4006896,-0.15471079786791897,0.0017154620311070447,-0.1140552001210163,Severe,2,2024-03-05T16:00:00Z,0.00082409,0.9990867579908675,1,bull
2024-03-05T19:00:00Z,SOLUSDT,765792595.9069995,-0.143247530772178,0.0054894784995425435,-0.10983280487267992,Medium,1,2024-03-05T16:00:00Z,0.0011456,0.9990867579908675,1,bull
2024-03-19T05:00:00Z,SOLUSDT,999174804.132,-0.1305121278193503,0.008577310155535225,-0.054498785174408246,Mild,0,2024-03-19T00:00:00Z,0.0002092,0.873972602739726,0,bull
2024-03-19T11:00:00Z,ETHUSDT,2704497771.68275,-0.08049499122735337,0.009720951509606588,-0.03214889561725257,Mild,0,2024-03-19T08:00:00Z,0.00023311,0.9050228310502283,0,bull
2024-04-02T02:00:00Z,BTCUSDT,5326380479.984,-0.099900492984627,0.006861848124428179,-0.04008966864292162,Mild,0,2024-04-02T00:00:00Z,0.00010926,0.8347031963470319,0,bull
2024-04-02T02:00:00Z,ETHUSDT,2835674107.9851203,-0.08382123211500259,0.008577310155535225,-0.03802061487134079,Mild,0,2024-04-02T00:00:00Z,0.00015034,0.8502283105022831,0,bull
2024-04-12T18:00:00Z,ETHUSDT,2556433979.82441,-0.12581926313532366,0.0026303751143641353,-0.08520196265036004,Severe,2,2024-04-12T16:00:00Z,0.0001,0.6337899543378995,0,bull
2024-04-12T18:00:00Z,SOLUSDT,861723867.168,-0.12406093422628395,0.009034766697163769,-0.11632756841941995,Mild,0,2024-04-12T16:00:00Z,0.00025596,0.8611872146118722,0,bull
2024-04-13T19:00:00Z,ETHUSDT,2326473358.359787,-0.09451457506985617,0.006290027447392497,-0.05955112491017151,Medium,1,2024-04-13T16:00:00Z,0.0001,0.6337899543378995,0,bull
2024-04-13T19:00:00Z,SOLUSDT,686360961.2322491,-0.13217043014686436,0.007891125343092406,-0.12312837160178956,Mild,0,2024-04-13T16:00:00Z,0.0001,0.5789954337899543,0,bull
2024-04-15T18:00:00Z,SOLUSDT,634268700.8854011,-0.13319332544989315,0.008234217749313814,-0.10659196434872233,Mild,0,2024-04-15T16:00:00Z,6.37e-05,0.3278538812785388,0,bull
2024-05-01T10:00:00Z,ETHUSDT,1977665653.5677245,-0.08340763243197835,0.008234217749313814,-0.038078906109922574,Mild,0,2024-05-01T08:00:00Z,4.89e-05,0.28584474885844746,0,bull
2024-05-23T15:00:00Z,BTCUSDT,5010124982.596193,-0.08822551198930761,0.00994967978042086,-0.023018196097392123,Mild,0,2024-05-23T08:00:00Z,0.0001,0.6232876712328768,0,bull
2024-06-07T18:00:00Z,SOLUSDT,744661188.31104,-0.11689264467930027,0.009720951509606588,-0.06114979501430853,Mild,0,2024-06-07T16:00:00Z,0.0001698,0.8164383561643835,0,bull
2024-07-05T03:00:00Z,ETHUSDT,2978885595.3545923,-0.11450516475145578,0.003545288197621226,-0.0795005633516928,Medium,1,2024-07-05T00:00:00Z,0.0001,0.589041095890411,0,bear
2024-07-10T00:00:00Z,BTCUSDT,0.0,-1.0,0.00011436413540713633,-0.007231517689349507,Severe,2,2024-07-09T16:00:00Z,0.0001,0.5899543378995433,0,bear
2024-07-11T07:00:00Z,BTCUSDT,0.0,-1.0,0.00040032025620496394,-0.001593190963349685,Severe,2,2024-07-11T00:00:00Z,0.0001,0.589041095890411,0,bear
2024-07-11T18:00:00Z,SOLUSDT,0.0,-1.0,0.00011436413540713633,-0.03564530199795834,Severe,2,2024-07-11T16:00:00Z,-1.433e-05,0.14337899543378996,0,bull
2024-07-12T21:00:00Z,BTCUSDT,0.0,-1.0,0.0006862632963513668,-0.01053692251373735,Severe,2,2024-07-12T16:00:00Z,4.037e-05,0.21187214611872146,0,bear
2024-07-14T17:00:00Z,BTCUSDT,0.0,-1.0,0.0012009607686148918,-0.0016451154567967909,Severe,2,2024-07-14T16:00:00Z,8.342e-05,0.34337899543378997,0,bull
2024-07-29T19:00:00Z,BTCUSDT,5831095547.375095,-0.09699070055836079,0.009836440581036257,-0.02897421158011371,Mild,0,2024-07-29T16:00:00Z,0.0001,0.5881278538812785,0,bull
2024-08-01T18:00:00Z,SOLUSDT,833519325.9366622,-0.1167345128775491,0.008462946020128087,-0.06683096115296248,Mild,0,2024-08-01T16:00:00Z,0.0001,0.5666666666666667,0,bull
2024-08-05T01:00:00Z,BTCUSDT,4405982697.4808,-0.15141915465260625,0.004689465858401007,-0.08569477675663278,Medium,1,2024-08-05T00:00:00Z,0.0001,0.589041095890411,0,bear
2024-08-05T01:00:00Z,SOLUSDT,593916048.9175524,-0.1704051871379173,0.003087831655992681,-0.08108219232374288,Severe,2,2024-08-05T00:00:00Z,6.211e-05,0.28858447488584477,0,bear
2024-08-07T18:00:00Z,SOLUSDT,693132459.1005429,-0.13940535598004578,0.005946935041171089,-0.0650297854764662,Medium,1,2024-08-07T16:00:00Z,1.745e-05,0.1908675799086758,0,bear
2024-08-27T21:00:00Z,ETHUSDT,2045120111.816312,-0.10386534383558732,0.004917657822506862,-0.03535102972013033,Medium,1,2024-08-27T16:00:00Z,7.429e-05,0.32146118721461187,0,bear
2024-10-02T19:00:00Z,SOLUSDT,685063390.262,-0.1370834842309856,0.0057182067703568165,-0.042369818025848764,Medium,1,2024-10-02T16:00:00Z,7.012e-05,0.3004566210045662,0,bear
2024-12-05T23:00:00Z,ETHUSDT,5713988060.328689,-0.08160416579310459,0.007319304666056725,-0.034813748889190144,Mild,0,2024-12-05T16:00:00Z,0.00031177,0.9123287671232877,0,bull
2024-12-09T22:00:00Z,ETHUSDT,5680985798.223021,-0.08807180106564905,0.006404391582799634,-0.03537688185838609,Medium,1,2024-12-09T16:00:00Z,0.00013421,0.7780821917808219,0,bull
2024-12-09T22:00:00Z,SOLUSDT,1584379104.2221122,-0.11251355085027803,0.007662397072278134,-0.03077861302598947,Mild,0,2024-12-09T16:00:00Z,0.00012595,0.7561643835616438,0,bull
