event_time,symbol,side,tier,funding_value,rolling_pctl
2020-07-24T08:00:00Z,ETHUSDT,pos,P95,0.0009435,0.9594155844155844
2020-07-26T08:00:00Z,ETHUSDT,pos,P95,0.00091914,0.9565916398713826
2020-07-26T16:00:00Z,BTCUSDT,pos,P95,0.00065437,0.9534510433386838
2020-07-28T00:00:00Z,BTCUSDT,pos,P97.5,0.00139484,0.9968102073365231
2020-07-28T08:00:00Z,ETHUSDT,pos,P97.5,0.00120926,0.9777070063694268
2020-07-30T08:00:00Z,BTCUSDT,pos,P95,0.00072329,0.9526813880126183
2020-07-31T00:00:00Z,ETHUSDT,pos,P95,0.00108946,0.9669811320754716
2020-08-02T00:00:00Z,BTCUSDT,pos,P95,0.00095567,0.9750778816199377
2020-08-02T00:00:00Z,ETHUSDT,pos,P95,0.00163562,0.9906542056074766
2020-08-02T00:00:00Z,ETHUSDT,pos,P97.5,0.00163562,0.9906542056074766
2020-08-02T00:00:00Z,ETHUSDT,pos,P99,0.00163562,0.9906542056074766
2020-08-10T08:00:00Z,BTCUSDT,pos,P95,0.00131898,0.9955022488755623
2020-08-10T08:00:00Z,BTCUSDT,pos,P99,0.00131898,0.9955022488755623
2020-08-10T08:00:00Z,ETHUSDT,pos,P95,0.00108975,0.967016491754123
2020-08-14T00:00:00Z,ETHUSDT,pos,P95,0.00136967,0.9852507374631269
2020-08-14T00:00:00Z,ETHUSDT,pos,P97.5,0.00136967,0.9852507374631269
2020-08-17T16:00:00Z,ETHUSDT,pos,P95,0.00103523,0.9579100145137881
2020-08-18T00:00:00Z,BTCUSDT,pos,P97.5,0.00119905,0.991304347826087
2020-08-18T00:00:00Z,BTCUSDT,pos,P99,0.00119905,0.991304347826087
2020-08-18T00:00:00Z,ETHUSDT,pos,P97.5,0.00133232,0.9797101449275363
2020-09-10T16:00:00Z,ETHUSDT,neg,P5,6.538e-05,0.030223390275952694
2020-09-11T00:00:00Z,ETHUSDT,neg,P2.5,3.498e-05,0.02099737532808399
2020-09-12T16:00:00Z,ETHUSDT,neg,P2.5,3.731e-05,0.024771838331160364
2020-09-15T00:00:00Z,BTCUSDT,neg,P5,-0.0002227,0.03229974160206718
2020-09-20T16:00:00Z,ETHUSDT,neg,P5,-8e-07,0.018963337547408345
2020-09-22T00:00:00Z,ETHUSDT,neg,P1,-0.00022757,0.0037735849056603774
2020-09-24T00:00:00Z,ETHUSDT,neg,P2.5,-1.579e-05,0.018726591760299626
2020-09-25T00:00:00Z,BTCUSDT,neg,P5,-0.00023219,0.029850746268656716
2020-09-29T08:00:00Z,ETHUSDT,neg,P5,-1.526e-05,0.019583843329253364
2020-09-30T16:00:00Z,ETHUSDT,neg,P2.5,-2.8e-06,0.023142509135200974
2020-10-02T00:00:00Z,ETHUSDT,neg,P5,4.321e-05,0.03636363636363636
2020-10-02T16:00:00Z,ETHUSDT,neg,P2.5,-3.462e-05,0.015719467956469165
2020-10-06T00:00:00Z,ETHUSDT,neg,P2.5,-4.499e-05,0.015531660692951015
2020-10-29T00:00:00Z,BTCUSDT,neg,P2.5,-0.00026006,0.023178807947019868
2020-10-29T00:00:00Z,BTCUSDT,neg,P5,-0.00026006,0.023178807947019868
2020-11-03T00:00:00Z,BTCUSDT,neg,P5,-0.00017064,0.04125950054288816
2020-11-07T08:00:00Z,ETHUSDT,pos,P95,0.00103009,0.9668094218415417
2020-11-18T00:00:00Z,ETHUSDT,pos,P95,0.00089819,0.9523809523809523
2020-11-22T00:00:00Z,BTCUSDT,pos,P95,0.00080363,0.9693251533742331
2020-11-23T00:00:00Z,BTCUSDT,pos,P97.5,0.00101151,0.9877675840978594
2020-11-23T00:00:00Z,ETHUSDT,pos,P97.5,0.00158187,0.9928644240570846
2020-11-23T00:00:00Z,ETHUSDT,pos,P99,0.00158187,0.9928644240570846
2020-11-23T16:00:00Z,BTCUSDT,pos,P99,0.00108391,0.9918616480162767
2020-11-24T16:00:00Z,ETHUSDT,pos,P97.5,0.00116688,0.9766734279918864
2020-12-17T16:00:00Z,ETHUSDT,pos,P97.5,0.00133961,0.9867298578199052
2020-12-19T16:00:00Z,BTCUSDT,pos,P95,0.00070544,0.9557021677662583
2020-12-27T16:00:00Z,BTCUSDT,pos,P95,0.00071164,0.9557603686635945
2020-12-28T08:00:00Z,ETHUSDT,pos,P95,0.00096296,0.9622815087396505
2020-12-30T08:00:00Z,ETHUSDT,pos,P95,0.00090448,0.9505946935041171
2021-01-02T16:00:00Z,BTCUSDT,pos,P95,0.00115471,0.993607305936073
2021-01-02T16:00:00Z,BTCUSDT,pos,P97.5,0.00115471,0.993607305936073
2021-01-02T16:00:00Z,BTCUSDT,pos,P99,0.00115471,0.993607305936073
2021-01-03T16:00:00Z,ETHUSDT,pos,P97.5,0.00171498,0.9945205479452055
2021-01-03T16:00:00Z,ETHUSDT,pos,P99,0.00171498,0.9945205479452055
2021-01-06T00:00:00Z,BTCUSDT,pos,P97.5,0.00127193,0.993607305936073
2021-01-06T00:00:00Z,BTCUSDT,pos,P99,0.00127193,0.993607305936073
2021-01-06T00:00:00Z,ETHUSDT,pos,P99,0.0018218,0.993607305936073
2021-01-09T16:00:00Z,BTCUSDT,pos,P99,0.00146942,0.9926940639269406
2021-01-10T00:00:00Z,ETHUSDT,pos,P99,0.00340522,0.9981735159817352
2021-01-15T16:00:00Z,BTCUSDT,pos,P95,0.00118185,0.9817351598173516
2021-01-16T16:00:00Z,ETHUSDT,pos,P95,0.00152456,0.9808219178082191
2021-01-16T16:00:00Z,ETHUSDT,pos,P97.5,0.00152456,0.9808219178082191
2021-01-18T16:00:00Z,BTCUSDT,pos,P95,0.0010355,0.9735159817351599
2021-01-19T08:00:00Z,BTCUSDT,pos,P97.5,0.0014009,0.9899543378995433
2021-01-19T08:00:00Z,ETHUSDT,pos,P99,0.00197982,0.9917808219178083
2021-01-19T16:00:00Z,BTCUSDT,pos,P99,0.00158467,0.9945205479452055
2021-01-29T00:00:00Z,ETHUSDT,pos,P95,0.00112844,0.954337899543379
2021-01-29T16:00:00Z,BTCUSDT,pos,P95,0.00166789,0.9963470319634703
2021-01-29T16:00:00Z,BTCUSDT,pos,P99,0.00166789,0.9963470319634703
2021-01-29T16:00:00Z,ETHUSDT,pos,P97.5,0.00241392,0.993607305936073
2021-01-29T16:00:00Z,ETHUSDT,pos,P99,0.00241392,0.993607305936073
2021-01-31T00:00:00Z,ETHUSDT,pos,P95,0.00115111,0.9579908675799087
2021-02-02T16:00:00Z,BTCUSDT,pos,P95,0.00122181,0.9817351598173516
2021-02-02T16:00:00Z,BTCUSDT,pos,P97.5,0.00122181,0.9817351598173516
2021-02-02T16:00:00Z,ETHUSDT,pos,P97.5,0.00165937,0.9808219178082191
2021-02-05T08:00:00Z,ETHUSDT,pos,P97.5,0.0017643,0.9835616438356164
2021-02-07T00:00:00Z,BTCUSDT,pos,P97.5,0.00155546,0.993607305936073
2021-02-07T00:00:00Z,BTCUSDT,pos,P99,0.00155546,0.993607305936073
2021-02-07T00:00:00Z,ETHUSDT,pos,P97.5,0.00171115,0.9808219178082191
2021-02-08T16:00:00Z,BTCUSDT,pos,P97.5,0.00248993,0.9990867579908675
2021-02-08T16:00:00Z,ETHUSDT,pos,P95,0.00284408,0.9945205479452055
2021-02-08T16:00:00Z,ETHUSDT,pos,P97.5,0.00284408,0.9945205479452055
2021-02-08T16:00:00Z,ETHUSDT,pos,P99,0.00284408,0.9945205479452055
2021-02-10T08:00:00Z,ETHUSDT,pos,P99,0.00218071,0.9908675799086758
2021-02-11T16:00:00Z,BTCUSDT,pos,P99,0.0017411,0.9945205479452055
2021-02-11T16:00:00Z,ETHUSDT,pos,P95,0.00180566,0.9863013698630136
2021-02-11T16:00:00Z,ETHUSDT,pos,P97.5,0.00180566,0.9863013698630136
2021-02-13T00:00:00Z,ETHUSDT,pos,P97.5,0.00228313,0.9945205479452055
2021-02-16T16:00:00Z,BTCUSDT,pos,P97.5,0.00141818,0.982648401826484
2021-02-17T16:00:00Z,ETHUSDT,pos,P95,0.00232282,0.9945205479452055
2021-02-17T16:00:00Z,ETHUSDT,pos,P97.5,0.00232282,0.9945205479452055
2021-02-17T16:00:00Z,ETHUSDT,pos,P99,0.00232282,0.9945205479452055
2021-02-20T00:00:00Z,BTCUSDT,pos,P97.5,0.00156318,0.9899543378995433
2021-03-13T16:00:00Z,ETHUSDT,pos,P95,0.00155198,0.9634703196347032
2021-03-14T16:00:00Z,BTCUSDT,pos,P95,0.00115069,0.954337899543379
2021-03-18T16:00:00Z,SOLUSDT,pos,P95,0.00185766,0.9659498207885304
2021-04-01T00:00:00Z,ETHUSDT,pos,P95,0.00156864,0.9662100456621004
2021-04-02T08:00:00Z,SOLUSDT,pos,P95,0.00150169,0.9501661129568106
2021-04-03T08:00:00Z,ETHUSDT,pos,P95,0.00143194,0.9534246575342465
2021-04-03T16:00:00Z,SOLUSDT,pos,P95,0.00167753,0.9620462046204621
2021-04-10T08:00:00Z,BTCUSDT,pos,P95,0.00148624,0.9844748858447488
2021-04-10T08:00:00Z,BTCUSDT,pos,P97.5,0.00148624,0.9844748858447488
2021-04-10T08:00:00Z,ETHUSDT,pos,P95,0.00209663,0.9899543378995433
2021-04-10T08:00:00Z,ETHUSDT,pos,P97.5,0.00209663,0.9899543378995433
2021-04-13T16:00:00Z,BTCUSDT,pos,P95,0.0012267,0.9625570776255707
2021-04-13T16:00:00Z,ETHUSDT,pos,P95,0.00167603,0.9698630136986301
2021-04-13T16:00:00Z,SOLUSDT,pos,P95,0.00161617,0.9575471698113207
2021-04-14T08:00:00Z,ETHUSDT,pos,P97.5,0.00203587,0.989041095890411
2021-04-16T08:00:00Z,BTCUSDT,pos,P95,0.00120022,0.9579908675799087
2021-04-16T16:00:00Z,SOLUSDT,pos,P95,0.0017762,0.9643410852713178
2021-05-06T16:00:00Z,SOLUSDT,pos,P95,0.00172483,0.9659574468085106
2021-05-19T16:00:00Z,BTCUSDT,neg,P1,-0.00089697,0.0
2021-05-19T16:00:00Z,BTCUSDT,neg,P5,-0.00089697,0.0
2021-05-19T16:00:00Z,ETHUSDT,neg,P1,-0.00356332,0.0
2021-05-19T16:00:00Z,ETHUSDT,neg,P2.5,-0.00356332,0.0
2021-05-19T16:00:00Z,ETHUSDT,neg,P5,-0.00356332,0.0
2021-05-19T16:00:00Z,SOLUSDT,neg,P2.5,-0.00536402,0.008064516129032258
2021-05-19T16:00:00Z,SOLUSDT,neg,P5,-0.00536402,0.008064516129032258
2021-05-22T00:00:00Z,BTCUSDT,neg,P1,-0.00024448,0.0027397260273972603
2021-05-22T00:00:00Z,BTCUSDT,neg,P2.5,-0.00024448,0.0027397260273972603
2021-05-24T00:00:00Z,BTCUSDT,neg,P2.5,-8.534e-05,0.021917808219178082
2021-06-09T08:00:00Z,BTCUSDT,neg,P5,-5.397e-05,0.0319634703196347
2021-06-09T16:00:00Z,BTCUSDT,neg,P2.5,-0.00014842,0.010958904109589041
2021-06-10T00:00:00Z,BTCUSDT,neg,P1,-0.00016793,0.0091324200913242
2021-06-12T00:00:00Z,BTCUSDT,neg,P5,-7.78e-05,0.0273972602739726
2021-06-13T16:00:00Z,BTCUSDT,neg,P5,-6.559e-05,0.031050228310502283
2021-06-14T16:00:00Z,ETHUSDT,neg,P2.5,3.785e-05,0.021917808219178082
2021-06-14T16:00:00Z,ETHUSDT,neg,P5,3.785e-05,0.021917808219178082
2021-06-18T00:00:00Z,ETHUSDT,neg,P5,-5.78e-06,0.011872146118721462
2021-06-19T00:00:00Z,BTCUSDT,neg,P5,-5.205e-05,0.0319634703196347
2021-06-19T00:00:00Z,ETHUSDT,neg,P1,-0.00018201,0.0018264840182648401
2021-06-19T08:00:00Z,BTCUSDT,neg,P2.5,-9.441e-05,0.017351598173515982
2021-06-20T16:00:00Z,BTCUSDT,neg,P2.5,-0.00018437,0.006392694063926941
2021-06-20T16:00:00Z,BTCUSDT,neg,P5,-0.00018437,0.006392694063926941
2021-06-20T16:00:00Z,ETHUSDT,neg,P1,-0.00024432,0.0009132420091324201
2021-06-23T08:00:00Z,ETHUSDT,neg,P1,-9.115e-05,0.0045662100456621
2021-06-26T00:00:00Z,BTCUSDT,neg,P2.5,-0.00011029,0.021004566210045664
2021-06-26T00:00:00Z,BTCUSDT,neg,P5,-0.00011029,0.021004566210045664
2021-06-26T08:00:00Z,ETHUSDT,neg,P2.5,-5.794e-05,0.01004566210045662
2021-06-26T16:00:00Z,ETHUSDT,neg,P1,-0.00014961,0.0036529680365296802
2021-06-29T16:00:00Z,ETHUSDT,neg,P1,-0.00011947,0.006392694063926941
2021-07-01T16:00:00Z,ETHUSDT,neg,P5,4.853e-05,0.045662100456621
2021-07-02T08:00:00Z,ETHUSDT,neg,P2.5,-2.734e-05,0.02009132420091324
2021-07-02T16:00:00Z,BTCUSDT,neg,P2.5,-0.00012187,0.021004566210045664
2021-07-02T16:00:00Z,ETHUSDT,neg,P1,-0.00014398,0.005479452054794521
2021-07-05T00:00:00Z,ETHUSDT,neg,P5,2.596e-05,0.039269406392694065
2021-07-05T16:00:00Z,BTCUSDT,neg,P5,-0.0001044,0.029223744292237442
2021-07-06T08:00:00Z,ETHUSDT,neg,P2.5,-3.935e-05,0.02009132420091324
2021-07-08T08:00:00Z,BTCUSDT,neg,P5,-6.403e-05,0.047488584474885846
2021-07-08T16:00:00Z,BTCUSDT,neg,P1,-0.0002808,0.0027397260273972603
2021-07-08T16:00:00Z,BTCUSDT,neg,P2.5,-0.0002808,0.0027397260273972603
2021-07-09T08:00:00Z,ETHUSDT,neg,P5,2.471e-05,0.0410958904109589
2021-07-14T16:00:00Z,BTCUSDT,neg,P5,-0.00011753,0.028310502283105023
2021-07-14T16:00:00Z,ETHUSDT,neg,P5,-1.55e-05,0.025570776255707764
2021-07-16T00:00:00Z,BTCUSDT,neg,P5,-0.00011529,0.030136986301369864
2021-07-19T00:00:00Z,BTCUSDT,neg,P5,-7.51e-05,0.048401826484018265
2021-07-20T00:00:00Z,BTCUSDT,neg,P2.5,-0.00015687,0.019178082191780823
2021-07-20T00:00:00Z,ETHUSDT,neg,P2.5,-2.156e-05,0.024657534246575342
2021-07-20T08:00:00Z,ETHUSDT,neg,P1,-0.00041611,0.0009132420091324201
2021-07-21T08:00:00Z,BTCUSDT,neg,P1,-0.00039139,0.0018264840182648401
2021-07-23T08:00:00Z,BTCUSDT,neg,P5,-0.00016985,0.021004566210045664
2021-07-24T16:00:00Z,ETHUSDT,neg,P5,-2.614e-05,0.0273972602739726
2021-07-25T00:00:00Z,BTCUSDT,neg,P1,-0.00025685,0.0073059360730593605
2021-07-25T00:00:00Z,BTCUSDT,neg,P2.5,-0.00025685,0.0073059360730593605
2021-09-24T00:00:00Z,ETHUSDT,neg,P5,5.5e-07,0.04200913242009133
2021-09-24T08:00:00Z,BTCUSDT,neg,P5,-8.536e-05,0.048401826484018265
2021-09-24T16:00:00Z,ETHUSDT,neg,P2.5,-0.0001122,0.010958904109589041
2021-09-28T00:00:00Z,ETHUSDT,neg,P5,-8.56e-06,0.0365296803652968
2021-09-30T00:00:00Z,ETHUSDT,neg,P1,-0.00012951,0.0091324200913242
2021-12-10T16:00:00Z,ETHUSDT,neg,P5,-1.037e-05,0.0319634703196347
2021-12-13T08:00:00Z,ETHUSDT,neg,P2.5,-5.974e-05,0.017351598173515982
2021-12-13T08:00:00Z,ETHUSDT,neg,P5,-5.974e-05,0.017351598173515982
2022-01-09T08:00:00Z,ETHUSDT,neg,P2.5,-7.234e-05,0.015525114155251141
2022-01-09T08:00:00Z,ETHUSDT,neg,P5,-7.234e-05,0.015525114155251141
2022-01-10T00:00:00Z,ETHUSDT,neg,P1,-0.00014593,0.0073059360730593605
2022-01-12T00:00:00Z,ETHUSDT,neg,P2.5,-6.878e-05,0.017351598173515982
2022-01-12T16:00:00Z,BTCUSDT,neg,P5,-5.342e-05,0.049315068493150684
2022-01-12T16:00:00Z,ETHUSDT,neg,P1,-0.00019812,0.005479452054794521
2022-01-17T16:00:00Z,ETHUSDT,neg,P2.5,-5.944e-05,0.0228310502283105
2022-01-17T16:00:00Z,ETHUSDT,neg,P5,-5.944e-05,0.0228310502283105
2022-01-21T00:00:00Z,ETHUSDT,neg,P5,-8.05e-06,0.04474885844748858
2022-01-21T08:00:00Z,ETHUSDT,neg,P2.5,-5.915e-05,0.023744292237442923
2022-01-21T16:00:00Z,SOLUSDT,neg,P5,4.765e-05,0.033789954337899546
2022-01-22T16:00:00Z,SOLUSDT,neg,P2.5,-2.909e-05,0.02009132420091324
2022-01-23T08:00:00Z,ETHUSDT,neg,P5,-5.208e-05,0.026484018264840183
2022-01-23T16:00:00Z,ETHUSDT,neg,P2.5,-0.0001332,0.010958904109589041
2022-01-24T08:00:00Z,SOLUSDT,neg,P1,-0.00021201,0.0073059360730593605
2022-01-25T16:00:00Z,BTCUSDT,neg,P5,-0.00010008,0.03744292237442922
2022-01-25T16:00:00Z,ETHUSDT,neg,P5,-7.88e-05,0.017351598173515982
2022-01-26T08:00:00Z,SOLUSDT,neg,P1,-0.00017698,0.00821917808219178
2022-01-26T16:00:00Z,ETHUSDT,neg,P1,-0.00020069,0.005479452054794521
2022-01-27T08:00:00Z,BTCUSDT,neg,P5,-0.00010186,0.03744292237442922
2022-01-30T00:00:00Z,SOLUSDT,neg,P2.5,-0.0001674,0.011872146118721462
2022-01-30T08:00:00Z,ETHUSDT,neg,P5,-6.536e-05,0.028310502283105023
2022-01-31T00:00:00Z,SOLUSDT,neg,P1,-0.00026589,0.0073059360730593605
2022-01-31T08:00:00Z,ETHUSDT,neg,P2.5,-0.00010687,0.017351598173515982
2022-02-01T16:00:00Z,SOLUSDT,neg,P2.5,-0.00019965,0.010958904109589041
2022-02-03T00:00:00Z,BTCUSDT,neg,P5,-7.716e-05,0.047488584474885846
2022-02-03T00:00:00Z,ETHUSDT,neg,P1,-0.00038034,0.0018264840182648401
2022-02-03T00:00:00Z,ETHUSDT,neg,P2.5,-0.00038034,0.0018264840182648401
2022-02-04T00:00:00Z,SOLUSDT,neg,P2.5,-0.00033718,0.005479452054794521
2022-02-04T08:00:00Z,BTCUSDT,neg,P5,-8.571e-05,0.04200913242009133
2022-02-07T16:00:00Z,BTCUSDT,neg,P5,-9.617e-05,0.04018264840182648
2022-02-07T16:00:00Z,SOLUSDT,neg,P5,-9.025e-05,0.034703196347031964
2022-02-08T00:00:00Z,SOLUSDT,neg,P2.5,-0.00025025,0.0091324200913242
2022-02-10T00:00:00Z,ETHUSDT,neg,P5,-2.777e-05,0.048401826484018265
2022-02-10T08:00:00Z,SOLUSDT,neg,P5,-9.518e-05,0.03744292237442922
2022-02-10T16:00:00Z,SOLUSDT,neg,P2.5,-0.00019747,0.014611872146118721
2022-02-13T00:00:00Z,SOLUSDT,neg,P1,-0.00028416,0.0073059360730593605
2022-02-13T00:00:00Z,SOLUSDT,neg,P2.5,-0.00028416,0.0073059360730593605
2022-02-15T08:00:00Z,BTCUSDT,neg,P5,-7.76e-05,0.049315068493150684
2022-02-15T16:00:00Z,ETHUSDT,neg,P5,-5.099e-05,0.04474885844748858
2022-02-18T00:00:00Z,SOLUSDT,neg,P5,-0.00010135,0.042922374429223746
2022-02-18T08:00:00Z,ETHUSDT,neg,P2.5,-9.187e-05,0.021917808219178082
2022-02-18T08:00:00Z,ETHUSDT,neg,P5,-9.187e-05,0.021917808219178082
2022-02-20T08:00:00Z,SOLUSDT,neg,P5,-8.936e-05,0.04657534246575343
2022-02-21T08:00:00Z,ETHUSDT,neg,P5,-0.00014003,0.0136986301369863
2022-02-21T16:00:00Z,SOLUSDT,neg,P5,-0.00012328,0.03561643835616438
2022-02-22T00:00:00Z,SOLUSDT,neg,P2.5,-0.00023825,0.012785388127853882
2022-02-23T08:00:00Z,BTCUSDT,neg,P5,-0.00012603,0.028310502283105023
2022-02-24T16:00:00Z,ETHUSDT,neg,P5,-6.14e-05,0.038356164383561646
2022-02-27T08:00:00Z,SOLUSDT,neg,P5,-0.00013711,0.0319634703196347
2022-02-28T00:00:00Z,BTCUSDT,neg,P2.5,-0.00021167,0.011872146118721462
2022-02-28T00:00:00Z,BTCUSDT,neg,P5,-0.00021167,0.011872146118721462
2022-02-28T00:00:00Z,ETHUSDT,neg,P5,-0.00015064,0.01004566210045662
2022-03-06T00:00:00Z,ETHUSDT,neg,P5,-8.875e-05,0.026484018264840183
2022-03-07T08:00:00Z,BTCUSDT,neg,P5,-8.983e-05,0.047488584474885846
2022-03-08T00:00:00Z,ETHUSDT,neg,P2.5,-0.00010024,0.023744292237442923
2022-03-10T16:00:00Z,BTCUSDT,neg,P5,-8.919e-05,0.048401826484018265
2022-03-11T08:00:00Z,ETHUSDT,neg,P5,-5.91e-05,0.04657534246575343
2022-03-14T00:00:00Z,ETHUSDT,neg,P2.5,-0.00010352,0.0228310502283105
2022-03-14T00:00:00Z,ETHUSDT,neg,P5,-0.00010352,0.0228310502283105
2022-04-06T08:00:00Z,ETHUSDT,neg,P5,-0.00014471,0.012785388127853882
2022-04-09T08:00:00Z,SOLUSDT,neg,P5,-0.00010071,0.048401826484018265
2022-04-12T08:00:00Z,BTCUSDT,neg,P5,-0.00010012,0.0410958904109589
2022-04-12T16:00:00Z,ETHUSDT,neg,P2.5,-0.00016064,0.01004566210045662
2022-04-15T00:00:00Z,BTCUSDT,neg,P5,-0.00013233,0.029223744292237442
2022-04-15T00:00:00Z,ETHUSDT,neg,P2.5,-0.00012221,0.021004566210045664
2022-04-15T00:00:00Z,ETHUSDT,neg,P5,-0.00012221,0.021004566210045664
2022-04-16T08:00:00Z,ETHUSDT,neg,P2.5,-0.00012314,0.021004566210045664
2022-04-18T08:00:00Z,BTCUSDT,neg,P2.5,-0.00017197,0.019178082191780823
2022-04-18T08:00:00Z,BTCUSDT,neg,P5,-0.00017197,0.019178082191780823
2022-04-18T16:00:00Z,ETHUSDT,neg,P2.5,-0.00013169,0.02009132420091324
2022-04-18T16:00:00Z,ETHUSDT,neg,P5,-0.00013169,0.02009132420091324
2022-04-21T08:00:00Z,ETHUSDT,neg,P2.5,-0.00012991,0.021004566210045664
2022-04-22T08:00:00Z,BTCUSDT,neg,P2.5,-0.00016984,0.021004566210045664
2022-04-22T08:00:00Z,BTCUSDT,neg,P5,-0.00016984,0.021004566210045664
2022-04-23T16:00:00Z,BTCUSDT,neg,P5,-0.00011883,0.03561643835616438
2022-04-24T00:00:00Z,BTCUSDT,neg,P2.5,-0.00018273,0.0182648401826484
2022-04-25T08:00:00Z,ETHUSDT,neg,P5,-8.588e-05,0.042922374429223746
2022-04-25T16:00:00Z,ETHUSDT,neg,P1,-0.00024996,0.005479452054794521
2022-04-25T16:00:00Z,ETHUSDT,neg,P2.5,-0.00024996,0.005479452054794521
2022-04-27T00:00:00Z,ETHUSDT,neg,P2.5,-0.00014242,0.0182648401826484
2022-04-27T00:00:00Z,ETHUSDT,neg,P5,-0.00014242,0.0182648401826484
2022-04-27T08:00:00Z,ETHUSDT,neg,P1,-0.0002569,0.0045662100456621
2022-04-28T16:00:00Z,SOLUSDT,neg,P5,-0.00014775,0.028310502283105023
2022-05-01T00:00:00Z,SOLUSDT,neg,P1,-0.00033407,0.0045662100456621
2022-05-01T00:00:00Z,SOLUSDT,neg,P2.5,-0.00033407,0.0045662100456621
2022-05-01T00:00:00Z,SOLUSDT,neg,P5,-0.00033407,0.0045662100456621
2022-05-01T08:00:00Z,ETHUSDT,neg,P2.5,-0.00016213,0.0136986301369863
2022-05-06T00:00:00Z,BTCUSDT,neg,P5,-0.0001346,0.031050228310502283
2022-05-06T00:00:00Z,SOLUSDT,neg,P2.5,-0.00019937,0.02009132420091324
2022-05-06T00:00:00Z,SOLUSDT,neg,P5,-0.00019937,0.02009132420091324
2022-05-09T00:00:00Z,SOLUSDT,neg,P5,-0.00013911,0.033789954337899546
2022-05-11T00:00:00Z,SOLUSDT,neg,P2.5,-0.0003563,0.0036529680365296802
2022-05-12T00:00:00Z,BTCUSDT,neg,P2.5,-0.00018773,0.017351598173515982
2022-05-12T00:00:00Z,BTCUSDT,neg,P5,-0.00018773,0.017351598173515982
2022-05-12T00:00:00Z,ETHUSDT,neg,P2.5,-0.00018602,0.010958904109589041
2022-05-12T08:00:00Z,BTCUSDT,neg,P1,-0.00041995,0.0027397260273972603
2022-05-12T08:00:00Z,ETHUSDT,neg,P1,-0.00079682,0.0009132420091324201
2022-05-14T16:00:00Z,SOLUSDT,neg,P1,-0.00042046,0.00821917808219178
2022-05-17T08:00:00Z,ETHUSDT,neg,P5,-0.00010278,0.039269406392694065
2022-05-24T16:00:00Z,SOLUSDT,neg,P5,-0.00015371,0.0410958904109589
2022-05-26T16:00:00Z,ETHUSDT,neg,P2.5,-0.00014343,0.0228310502283105
2022-05-26T16:00:00Z,ETHUSDT,neg,P5,-0.00014343,0.0228310502283105
2022-05-26T16:00:00Z,SOLUSDT,neg,P2.5,-0.00021906,0.024657534246575342
2022-06-10T16:00:00Z,ETHUSDT,neg,P5,-0.00010846,0.03744292237442922
2022-06-11T08:00:00Z,ETHUSDT,neg,P2.5,-0.00018605,0.011872146118721462
2022-06-11T16:00:00Z,SOLUSDT,neg,P2.5,-0.0003144,0.0136986301369863
2022-06-11T16:00:00Z,SOLUSDT,neg,P5,-0.0003144,0.0136986301369863
2022-06-15T08:00:00Z,ETHUSDT,neg,P2.5,-0.0001643,0.01643835616438356
2022-06-15T08:00:00Z,ETHUSDT,neg,P5,-0.0001643,0.01643835616438356
2022-06-16T16:00:00Z,ETHUSDT,neg,P5,-0.00010424,0.04200913242009133
2022-06-17T08:00:00Z,SOLUSDT,neg,P5,-0.00023728,0.0273972602739726
2022-06-18T08:00:00Z,ETHUSDT,neg,P1,-0.00029164,0.0027397260273972603
2022-06-19T00:00:00Z,SOLUSDT,neg,P2.5,-0.00027253,0.02009132420091324
2022-06-22T00:00:00Z,SOLUSDT,neg,P5,-0.00018474,0.04474885844748858
2022-06-23T16:00:00Z,ETHUSDT,neg,P5,-0.00010151,0.048401826484018265
2022-06-30T16:00:00Z,BTCUSDT,neg,P2.5,-0.00015879,0.017351598173515982
2022-06-30T16:00:00Z,BTCUSDT,neg,P5,-0.00015879,0.017351598173515982
2022-06-30T16:00:00Z,ETHUSDT,neg,P1,-0.00021692,0.00821917808219178
2022-06-30T16:00:00Z,ETHUSDT,neg,P2.5,-0.00021692,0.00821917808219178
2022-07-04T08:00:00Z,ETHUSDT,neg,P5,-0.00014236,0.026484018264840183
2022-07-12T16:00:00Z,ETHUSDT,neg,P5,-0.00010622,0.042922374429223746
2022-07-13T00:00:00Z,ETHUSDT,neg,P2.5,-0.00017917,0.014611872146118721
2022-07-13T16:00:00Z,SOLUSDT,neg,P5,-0.00017596,0.043835616438356165
2022-08-09T16:00:00Z,ETHUSDT,neg,P2.5,-0.00014349,0.023744292237442923
2022-08-09T16:00:00Z,ETHUSDT,neg,P5,-0.00014349,0.023744292237442923
2022-08-19T08:00:00Z,SOLUSDT,neg,P1,-0.00038828,0.0073059360730593605
2022-08-19T08:00:00Z,SOLUSDT,neg,P2.5,-0.00038828,0.0073059360730593605
2022-08-21T16:00:00Z,SOLUSDT,neg,P2.5,-0.00026181,0.02009132420091324
2022-08-21T16:00:00Z,SOLUSDT,neg,P5,-0.00026181,0.02009132420091324
2022-08-22T00:00:00Z,BTCUSDT,neg,P5,-8.092e-05,0.033789954337899546
2022-08-26T08:00:00Z,SOLUSDT,neg,P2.5,-0.00030594,0.01643835616438356
2022-08-27T00:00:00Z,ETHUSDT,neg,P1,-0.0002075,0.0073059360730593605
2022-08-27T00:00:00Z,ETHUSDT,neg,P2.5,-0.0002075,0.0073059360730593605
2022-08-27T00:00:00Z,ETHUSDT,neg,P5,-0.0002075,0.0073059360730593605
2022-08-27T00:00:00Z,SOLUSDT,neg,P1,-0.00044781,0.005479452054794521
2022-08-29T00:00:00Z,BTCUSDT,neg,P1,-0.00013623,0.0091324200913242
2022-08-29T00:00:00Z,BTCUSDT,neg,P2.5,-0.00013623,0.0091324200913242
2022-08-31T00:00:00Z,ETHUSDT,neg,P5,-0.00011151,0.048401826484018265
2022-09-03T00:00:00Z,ETHUSDT,neg,P5,-0.00012553,0.04200913242009133
2022-09-06T00:00:00Z,ETHUSDT,neg,P5,-0.00016568,0.021917808219178082
2022-09-07T00:00:00Z,BTCUSDT,neg,P5,-8.601e-05,0.033789954337899546
2022-09-07T08:00:00Z,ETHUSDT,neg,P1,-0.00027449,0.0036529680365296802
2022-09-09T16:00:00Z,ETHUSDT,neg,P5,-0.00012468,0.047488584474885846
2022-09-11T16:00:00Z,ETHUSDT,neg,P1,-0.00031696,0.0018264840182648401
2022-09-11T16:00:00Z,ETHUSDT,neg,P2.5,-0.00031696,0.0018264840182648401
2022-09-19T08:00:00Z,BTCUSDT,neg,P5,-9.289e-05,0.025570776255707764
2022-09-22T00:00:00Z,BTCUSDT,neg,P2.5,-0.00011779,0.015525114155251141
2022-09-22T00:00:00Z,ETHUSDT,neg,P2.5,-0.00024234,0.021004566210045664
2022-09-22T00:00:00Z,ETHUSDT,neg,P5,-0.00024234,0.021004566210045664
2022-10-13T00:00:00Z,ETHUSDT,neg,P5,-0.00018211,0.03287671232876712
2022-11-03T00:00:00Z,SOLUSDT,neg,P5,-0.00025803,0.028310502283105023
2022-11-08T00:00:00Z,SOLUSDT,neg,P5,-0.00035346,0.014611872146118721
2022-11-08T08:00:00Z,SOLUSDT,neg,P1,-0.00124635,0.0027397260273972603
2022-11-09T00:00:00Z,BTCUSDT,neg,P1,-0.00013884,0.0091324200913242
2022-11-09T00:00:00Z,BTCUSDT,neg,P2.5,-0.00013884,0.0091324200913242
2022-11-09T00:00:00Z,ETHUSDT,neg,P1,-0.00038496,0.00821917808219178
2022-11-09T00:00:00Z,ETHUSDT,neg,P2.5,-0.00038496,0.00821917808219178
2022-11-09T00:00:00Z,ETHUSDT,neg,P5,-0.00038496,0.00821917808219178
2022-11-15T00:00:00Z,BTCUSDT,neg,P2.5,-0.00010925,0.0228310502283105
2022-11-15T08:00:00Z,BTCUSDT,neg,P1,-0.00017664,0.00821917808219178
2022-11-17T14:00:00Z,SOLUSDT,neg,P2.5,-0.00336778,0.017196904557179708
2022-11-20T16:00:00Z,SOLUSDT,neg,P5,-0.00112922,0.038461538461538464
2022-11-21T00:00:00Z,ETHUSDT,neg,P5,-0.00020459,0.029223744292237442
2022-11-27T00:00:00Z,SOLUSDT,neg,P5,-0.00147702,0.029914529914529916
2022-11-28T08:00:00Z,SOLUSDT,neg,P2.5,-0.00540619,0.013675213675213675
2022-11-28T08:00:00Z,SOLUSDT,neg,P5,-0.00540619,0.013675213675213675
2022-11-30T08:00:00Z,SOLUSDT,neg,P5,-0.00140667,0.035897435897435895
2022-12-24T08:00:00Z,SOLUSDT,neg,P5,-0.00121249,0.042735042735042736
2022-12-30T00:00:00Z,SOLUSDT,neg,P2.5,-0.00277763,0.019658119658119658
2022-12-30T00:00:00Z,SOLUSDT,neg,P5,-0.00277763,0.019658119658119658
2023-01-03T00:00:00Z,SOLUSDT,neg,P5,-0.00137389,0.042735042735042736
2023-01-06T00:00:00Z,SOLUSDT,neg,P2.5,-0.0028675,0.022222222222222223
2023-01-14T08:00:00Z,BTCUSDT,pos,P95,0.00045847,1.0
2023-01-14T08:00:00Z,BTCUSDT,pos,P97.5,0.00045847,1.0
2023-01-14T08:00:00Z,BTCUSDT,pos,P99,0.00045847,1.0
2023-01-14T08:00:00Z,ETHUSDT,pos,P97.5,0.00061643,1.0
2023-01-14T08:00:00Z,ETHUSDT,pos,P99,0.00061643,1.0
2023-01-14T08:00:00Z,SOLUSDT,pos,P95,0.00027702,1.0
2023-01-14T08:00:00Z,SOLUSDT,pos,P97.5,0.00027702,1.0
2023-01-21T08:00:00Z,SOLUSDT,pos,P95,0.00030268,0.9982905982905983
2023-01-21T08:00:00Z,SOLUSDT,pos,P97.5,0.00030268,0.9982905982905983
2023-01-21T08:00:00Z,SOLUSDT,pos,P99,0.00030268,0.9982905982905983
2023-01-23T00:00:00Z,ETHUSDT,pos,P95,0.00010356,0.9945205479452055
2023-01-23T00:00:00Z,ETHUSDT,pos,P99,0.00010356,0.9945205479452055
2023-01-24T08:00:00Z,SOLUSDT,pos,P95,0.00013079,0.9948717948717949
2023-01-24T08:00:00Z,SOLUSDT,pos,P97.5,0.00013079,0.9948717948717949
2023-01-24T08:00:00Z,SOLUSDT,pos,P99,0.00013079,0.9948717948717949
2023-01-28T08:00:00Z,SOLUSDT,pos,P97.5,0.00013046,0.994017094017094
2023-01-28T08:00:00Z,SOLUSDT,pos,P99,0.00013046,0.994017094017094
2023-01-30T00:00:00Z,SOLUSDT,pos,P95,0.00050275,1.0
2023-01-30T00:00:00Z,SOLUSDT,pos,P97.5,0.00050275,1.0
2023-02-02T08:00:00Z,SOLUSDT,pos,P95,0.00026236,0.9957264957264957
2023-02-02T08:00:00Z,SOLUSDT,pos,P97.5,0.00026236,0.9957264957264957
2023-02-02T08:00:00Z,SOLUSDT,pos,P99,0.00026236,0.9957264957264957
2023-02-16T16:00:00Z,BTCUSDT,pos,P95,0.00023171,0.9990867579908675
2023-02-16T16:00:00Z,BTCUSDT,pos,P99,0.00023171,0.9990867579908675
2023-02-16T16:00:00Z,ETHUSDT,pos,P95,0.00014101,0.9954337899543378
2023-02-16T16:00:00Z,ETHUSDT,pos,P97.5,0.00014101,0.9954337899543378
2023-02-16T16:00:00Z,ETHUSDT,pos,P99,0.00014101,0.9954337899543378
2023-02-19T16:00:00Z,SOLUSDT,pos,P97.5,0.00014645,0.9931623931623932
2023-02-19T16:00:00Z,SOLUSDT,pos,P99,0.00014645,0.9931623931623932
2023-03-10T00:00:00Z,BTCUSDT,neg,P5,-8.895e-05,0.03287671232876712
2023-03-14T00:00:00Z,BTCUSDT,pos,P95,0.00015042,0.9972602739726028
2023-03-14T00:00:00Z,BTCUSDT,pos,P99,0.00015042,0.9972602739726028
2023-03-15T00:00:00Z,ETHUSDT,pos,P95,0.00031728,0.9981735159817352
2023-03-15T00:00:00Z,ETHUSDT,pos,P97.5,0.00031728,0.9981735159817352
2023-03-15T00:00:00Z,ETHUSDT,pos,P99,0.00031728,0.9981735159817352
2023-03-15T00:00:00Z,SOLUSDT,pos,P97.5,0.00018064,0.9923076923076923
2023-03-15T00:00:00Z,SOLUSDT,pos,P99,0.00018064,0.9923076923076923
2023-03-18T08:00:00Z,SOLUSDT,pos,P95,0.00027581,0.9957264957264957
2023-03-18T08:00:00Z,SOLUSDT,pos,P97.5,0.00027581,0.9957264957264957
2023-04-16T08:00:00Z,SOLUSDT,pos,P95,0.00025575,0.994017094017094
2023-04-16T08:00:00Z,SOLUSDT,pos,P97.5,0.00025575,0.994017094017094
2023-04-16T08:00:00Z,SOLUSDT,pos,P99,0.00025575,0.994017094017094
2023-05-01T08:00:00Z,BTCUSDT,neg,P5,-6.37e-05,0.03561643835616438
2023-07-14T08:00:00Z,SOLUSDT,pos,P95,0.00029523,0.9957264957264957
2023-07-14T08:00:00Z,SOLUSDT,pos,P97.5,0.00029523,0.9957264957264957
2023-07-14T08:00:00Z,SOLUSDT,pos,P99,0.00029523,0.9957264957264957
2023-07-15T00:00:00Z,BTCUSDT,neg,P2.5,-7.313e-05,0.0182648401826484
2023-08-18T00:00:00Z,ETHUSDT,neg,P5,-0.00017498,0.025570776255707764
2023-08-19T16:00:00Z,BTCUSDT,neg,P5,-5.286e-05,0.030136986301369864
2023-08-20T00:00:00Z,ETHUSDT,neg,P5,-0.00011445,0.042922374429223746
2023-08-29T16:00:00Z,BTCUSDT,neg,P1,-0.00010934,0.00821917808219178
2023-08-29T16:00:00Z,BTCUSDT,neg,P5,-0.00010934,0.00821917808219178
2023-08-29T16:00:00Z,ETHUSDT,neg,P5,-0.0001273,0.030136986301369864
2023-09-06T08:00:00Z,BTCUSDT,neg,P5,-2.763e-05,0.045662100456621
2023-09-09T00:00:00Z,BTCUSDT,neg,P2.5,-5.057e-05,0.024657534246575342
2023-09-12T16:00:00Z,BTCUSDT,neg,P5,-3.502e-05,0.0365296803652968
2023-09-14T16:00:00Z,BTCUSDT,neg,P5,-4.748e-05,0.028310502283105023
2023-09-16T08:00:00Z,BTCUSDT,neg,P5,-4.32e-05,0.0319634703196347
2023-09-18T16:00:00Z,BTCUSDT,neg,P2.5,-6.774e-05,0.0182648401826484
2023-09-20T08:00:00Z,BTCUSDT,neg,P5,-3.777e-05,0.0365296803652968
2023-09-26T00:00:00Z,BTCUSDT,neg,P5,-3.91e-05,0.03287671232876712
2023-09-28T16:00:00Z,BTCUSDT,neg,P5,-4.732e-05,0.026484018264840183
2023-10-04T16:00:00Z,BTCUSDT,neg,P5,-2.857e-05,0.045662100456621
2023-10-18T00:00:00Z,BTCUSDT,neg,P5,-3.343e-05,0.0410958904109589
2023-10-19T16:00:00Z,BTCUSDT,neg,P1,-0.00011006,0.0073059360730593605
2023-10-19T16:00:00Z,BTCUSDT,neg,P2.5,-0.00011006,0.0073059360730593605
2023-10-19T16:00:00Z,BTCUSDT,neg,P5,-0.00011006,0.0073059360730593605
2023-11-02T00:00:00Z,ETHUSDT,pos,P97.5,0.00026784,0.9963470319634703
2023-11-02T00:00:00Z,ETHUSDT,pos,P99,0.00026784,0.9963470319634703
2023-11-06T16:00:00Z,SOLUSDT,pos,P95,0.00015286,0.9846153846153847
2023-11-06T16:00:00Z,SOLUSDT,pos,P97.5,0.00015286,0.9846153846153847
2023-11-09T16:00:00Z,BTCUSDT,pos,P97.5,0.00020027,0.9954337899543378
2023-11-09T16:00:00Z,BTCUSDT,pos,P99,0.00020027,0.9954337899543378
2023-11-09T16:00:00Z,ETHUSDT,pos,P95,0.00071131,1.0
2023-11-09T16:00:00Z,ETHUSDT,pos,P97.5,0.00071131,1.0
2023-11-09T16:00:00Z,SOLUSDT,pos,P95,0.00028089,0.994017094017094
2023-11-09T16:00:00Z,SOLUSDT,pos,P97.5,0.00028089,0.994017094017094
2023-11-09T16:00:00Z,SOLUSDT,pos,P99,0.00028089,0.994017094017094
2023-11-11T16:00:00Z,ETHUSDT,pos,P99,0.00027449,0.993607305936073
2023-11-11T16:00:00Z,SOLUSDT,pos,P99,0.00030654,0.9965367965367965
2023-11-16T00:00:00Z,SOLUSDT,pos,P99,0.00031874,0.992831541218638
2023-11-16T08:00:00Z,BTCUSDT,pos,P95,0.00015199,0.9863013698630136
2023-11-16T08:00:00Z,BTCUSDT,pos,P97.5,0.00015199,0.9863013698630136
2023-12-02T08:00:00Z,SOLUSDT,pos,P97.5,0.00030174,0.9899543378995433
2023-12-04T08:00:00Z,SOLUSDT,pos,P99,0.00053853,1.0
2023-12-06T00:00:00Z,SOLUSDT,pos,P95,0.00025226,0.9789954337899544
2023-12-06T00:00:00Z,SOLUSDT,pos,P97.5,0.00025226,0.9789954337899544
2023-12-07T16:00:00Z,SOLUSDT,pos,P97.5,0.00036868,0.993607305936073
2023-12-07T16:00:00Z,SOLUSDT,pos,P99,0.00036868,0.993607305936073
2023-12-08T00:00:00Z,ETHUSDT,pos,P95,0.00022693,0.9881278538812786
2023-12-08T00:00:00Z,ETHUSDT,pos,P97.5,0.00022693,0.9881278538812786
2023-12-08T08:00:00Z,BTCUSDT,pos,P97.5,0.00023288,0.9945205479452055
2023-12-08T08:00:00Z,BTCUSDT,pos,P99,0.00023288,0.9945205479452055
2023-12-09T08:00:00Z,ETHUSDT,pos,P99,0.00031293,0.9945205479452055
2023-12-09T08:00:00Z,SOLUSDT,pos,P99,0.000394,0.9926940639269406
2023-12-13T00:00:00Z,ETHUSDT,pos,P95,0.00012813,0.971689497716895
2023-12-13T08:00:00Z,ETHUSDT,pos,P97.5,0.00015058,0.9762557077625571
2023-12-15T00:00:00Z,SOLUSDT,pos,P95,0.00016198,0.9561643835616438
2023-12-15T16:00:00Z,ETHUSDT,pos,P95,0.00010419,0.9662100456621004
2023-12-17T16:00:00Z,ETHUSDT,pos,P95,0.00011402,0.9671232876712329
2023-12-18T00:00:00Z,BTCUSDT,pos,P95,0.00013355,0.9744292237442922
2023-12-18T00:00:00Z,ETHUSDT,pos,P97.5,0.00015083,0.9762557077625571
2023-12-18T16:00:00Z,BTCUSDT,pos,P97.5,0.00015611,0.9808219178082191
2023-12-20T08:00:00Z,SOLUSDT,pos,P95,0.00028564,0.9789954337899544
2023-12-20T08:00:00Z,SOLUSDT,pos,P97.5,0.00028564,0.9789954337899544
2023-12-20T16:00:00Z,BTCUSDT,pos,P97.5,0.00023637,0.993607305936073
2023-12-20T16:00:00Z,BTCUSDT,pos,P99,0.00023637,0.993607305936073
2023-12-20T16:00:00Z,ETHUSDT,pos,P97.5,0.00023154,0.9872146118721461
2023-12-21T16:00:00Z,ETHUSDT,pos,P99,0.00042074,0.9972602739726028
2023-12-22T00:00:00Z,SOLUSDT,pos,P95,0.00031152,0.9844748858447488
2023-12-22T00:00:00Z,SOLUSDT,pos,P97.5,0.00031152,0.9844748858447488
2023-12-24T08:00:00Z,BTCUSDT,pos,P97.5,0.0002079,0.9844748858447488
2023-12-24T08:00:00Z,ETHUSDT,pos,P97.5,0.00021857,0.9762557077625571
2023-12-25T16:00:00Z,BTCUSDT,pos,P99,0.00037908,0.9990867579908675
2023-12-25T16:00:00Z,ETHUSDT,pos,P99,0.0004388,0.9954337899543378
2023-12-25T16:00:00Z,SOLUSDT,pos,P99,0.00063964,1.0
2023-12-27T08:00:00Z,SOLUSDT,pos,P95,0.00041146,0.9917808219178083
2023-12-27T08:00:00Z,SOLUSDT,pos,P97.5,0.00041146,0.9917808219178083
2023-12-27T08:00:00Z,SOLUSDT,pos,P99,0.00041146,0.9917808219178083
2024-01-01T16:00:00Z,SOLUSDT,pos,P99,0.00051477,0.9926940639269406
2024-01-02T00:00:00Z,BTCUSDT,pos,P99,0.00065846,1.0
2024-01-02T00:00:00Z,ETHUSDT,pos,P99,0.00053505,0.9972602739726028
2024-02-14T16:00:00Z,SOLUSDT,pos,P95,0.00029225,0.960730593607306
2024-02-17T08:00:00Z,SOLUSDT,pos,P97.5,0.00042046,0.982648401826484
2024-02-17T16:00:00Z,BTCUSDT,pos,P95,0.00016041,0.9506849315068493
2024-02-19T00:00:00Z,SOLUSDT,pos,P95,0.0003023,0.9634703196347032
2024-02-20T00:00:00Z,ETHUSDT,pos,P95,0.000265,0.9643835616438357
2024-02-20T16:00:00Z,BTCUSDT,pos,P95,0.00020259,0.958904109589041
2024-02-23T08:00:00Z,SOLUSDT,pos,P95,0.00032841,0.9689497716894977
2024-02-25T08:00:00Z,ETHUSDT,pos,P95,0.00025856,0.9625570776255707
2024-02-25T08:00:00Z,SOLUSDT,pos,P97.5,0.00041614,0.9808219178082191
2024-02-26T00:00:00Z,ETHUSDT,pos,P97.5,0.00059496,0.9981735159817352
2024-02-26T00:00:00Z,ETHUSDT,pos,P99,0.00059496,0.9981735159817352
2024-02-26T00:00:00Z,SOLUSDT,pos,P99,0.00055329,0.993607305936073
2024-02-27T00:00:00Z,BTCUSDT,pos,P97.5,0.00032262,0.9817351598173516
2024-02-27T08:00:00Z,ETHUSDT,pos,P97.5,0.00066751,0.9990867579908675
2024-02-27T08:00:00Z,ETHUSDT,pos,P99,0.00066751,0.9990867579908675
2024-02-28T16:00:00Z,BTCUSDT,pos,P97.5,0.00053538,0.9963470319634703
2024-02-28T16:00:00Z,BTCUSDT,pos,P99,0.00053538,0.9963470319634703
2024-02-29T00:00:00Z,ETHUSDT,pos,P99,0.00062574,0.9972602739726028
2024-03-04T00:00:00Z,BTCUSDT,pos,P99,0.00055071,0.9917808219178083
2024-03-04T16:00:00Z,ETHUSDT,pos,P97.5,0.00050061,0.9863013698630136
2024-03-05T08:00:00Z,ETHUSDT,pos,P99,0.00101724,1.0
2024-03-08T00:00:00Z,SOLUSDT,pos,P97.5,0.00059435,0.9771689497716894
2024-03-08T08:00:00Z,ETHUSDT,pos,P99,0.00057985,0.9917808219178083
2024-03-08T16:00:00Z,BTCUSDT,pos,P99,0.00062913,0.9926940639269406
2024-03-10T08:00:00Z,BTCUSDT,pos,P97.5,0.00063451,0.9926940639269406
2024-03-10T08:00:00Z,ETHUSDT,pos,P97.5,0.00049375,0.9799086757990868
2024-03-10T08:00:00Z,SOLUSDT,pos,P97.5,0.00084919,0.9945205479452055
2024-03-10T08:00:00Z,SOLUSDT,pos,P99,0.00084919,0.9945205479452055
2024-03-11T08:00:00Z,ETHUSDT,pos,P99,0.00067235,0.9954337899543378
2024-03-13T08:00:00Z,BTCUSDT,pos,P99,0.0006442,0.9917808219178083
2024-03-13T08:00:00Z,ETHUSDT,pos,P97.5,0.00060121,0.9899543378995433
2024-03-26T00:00:00Z,ETHUSDT,pos,P95,0.00039028,0.9515981735159817
2024-03-27T16:00:00Z,BTCUSDT,pos,P95,0.00043631,0.9671232876712329
2024-03-30T00:00:00Z,SOLUSDT,pos,P95,0.00052381,0.954337899543379
2024-03-30T16:00:00Z,ETHUSDT,pos,P95,0.00045204,0.9689497716894977
2024-03-31T08:00:00Z,BTCUSDT,pos,P95,0.00039889,0.9616438356164384
2024-03-31T08:00:00Z,ETHUSDT,pos,P97.5,0.00065366,0.9926940639269406
2024-04-01T00:00:00Z,BTCUSDT,pos,P97.5,0.00070161,0.9954337899543378
2024-04-01T00:00:00Z,BTCUSDT,pos,P99,0.00070161,0.9954337899543378
2024-04-01T00:00:00Z,SOLUSDT,pos,P97.5,0.00083459,0.9926940639269406
2024-04-01T00:00:00Z,SOLUSDT,pos,P99,0.00083459,0.9926940639269406
2024-04-18T16:00:00Z,BTCUSDT,neg,P5,-3.334e-05,0.0182648401826484
2024-04-21T08:00:00Z,BTCUSDT,neg,P5,-2.093e-05,0.03561643835616438
2024-04-22T16:00:00Z,ETHUSDT,neg,P5,-1.974e-05,0.0319634703196347
2024-04-28T08:00:00Z,BTCUSDT,neg,P5,-2.081e-05,0.0365296803652968
2024-05-03T08:00:00Z,BTCUSDT,neg,P2.5,-3.764e-05,0.015525114155251141
2024-07-06T16:00:00Z,SOLUSDT,neg,P5,-0.00012992,0.047488584474885846
2024-07-16T00:00:00Z,BTCUSDT,neg,P1,-5.062e-05,0.0045662100456621
2024-07-16T00:00:00Z,BTCUSDT,neg,P2.5,-5.062e-05,0.0045662100456621
2024-07-20T00:00:00Z,BTCUSDT,neg,P2.5,-3.077e-05,0.021917808219178082
2024-07-20T00:00:00Z,BTCUSDT,neg,P5,-3.077e-05,0.021917808219178082
2024-07-21T00:00:00Z,BTCUSDT,neg,P1,-5.313e-05,0.0036529680365296802
2024-07-25T08:00:00Z,ETHUSDT,neg,P5,2.04e-06,0.047488584474885846
2024-08-05T00:00:00Z,ETHUSDT,neg,P5,-1.7e-05,0.024657534246575342
2024-08-05T16:00:00Z,ETHUSDT,neg,P1,-5.766e-05,0.00821917808219178
2024-08-06T08:00:00Z,BTCUSDT,neg,P5,-2.845e-05,0.025570776255707764
2024-08-07T08:00:00Z,BTCUSDT,neg,P1,-6.859e-05,0.0027397260273972603
2024-08-10T00:00:00Z,BTCUSDT,neg,P2.5,-3.942e-05,0.012785388127853882
2024-08-10T00:00:00Z,BTCUSDT,neg,P5,-3.942e-05,0.012785388127853882
2024-08-12T16:00:00Z,BTCUSDT,neg,P5,-2.238e-05,0.0365296803652968
2024-08-13T08:00:00Z,ETHUSDT,neg,P1,-6.036e-05,0.0091324200913242
2024-08-13T08:00:00Z,ETHUSDT,neg,P5,-6.036e-05,0.0091324200913242
2024-08-13T16:00:00Z,BTCUSDT,neg,P2.5,-3.902e-05,0.014611872146118721
2024-08-14T16:00:00Z,BTCUSDT,neg,P1,-7.811e-05,0.0027397260273972603
2024-08-16T00:00:00Z,ETHUSDT,neg,P5,-1.182e-05,0.04200913242009133
2024-08-17T16:00:00Z,ETHUSDT,neg,P2.5,-3.471e-05,0.021004566210045664
2024-08-18T16:00:00Z,BTCUSDT,neg,P5,-3.149e-05,0.028767123287671233
2024-08-19T00:00:00Z,BTCUSDT,neg,P2.5,-3.616e-05,0.0228310502283105
2024-08-19T08:00:00Z,BTCUSDT,neg,P1,-6.75e-05,0.00821917808219178
2024-08-21T00:00:00Z,BTCUSDT,neg,P1,-6.756e-05,0.00821917808219178
2024-08-21T00:00:00Z,BTCUSDT,neg,P2.5,-6.756e-05,0.00821917808219178
2024-08-22T00:00:00Z,ETHUSDT,neg,P5,-9.46e-06,0.0410958904109589
2024-08-22T16:00:00Z,BTCUSDT,neg,P1,-7.261e-05,0.006392694063926941
2024-08-24T00:00:00Z,ETHUSDT,neg,P5,-1.504e-05,0.03287671232876712
2024-08-25T00:00:00Z,BTCUSDT,neg,P2.5,-4.806e-05,0.014611872146118721
2024-08-25T00:00:00Z,BTCUSDT,neg,P5,-4.806e-05,0.014611872146118721
2024-08-25T00:00:00Z,ETHUSDT,neg,P2.5,-3.389e-05,0.017351598173515982
2024-08-28T00:00:00Z,BTCUSDT,neg,P2.5,-6.803e-05,0.00821917808219178
2024-08-28T00:00:00Z,BTCUSDT,neg,P5,-6.803e-05,0.00821917808219178
2024-08-28T00:00:00Z,ETHUSDT,neg,P1,-6.098e-05,0.0027397260273972603
2024-08-28T00:00:00Z,ETHUSDT,neg,P2.5,-6.098e-05,0.0027397260273972603
2024-08-29T16:00:00Z,ETHUSDT,neg,P5,-4.09e-06,0.047488584474885846
2024-09-01T08:00:00Z,BTCUSDT,neg,P5,-3.432e-05,0.028310502283105023
2024-09-02T00:00:00Z,ETHUSDT,neg,P2.5,-2.406e-05,0.024657534246575342
2024-09-02T00:00:00Z,ETHUSDT,neg,P5,-2.406e-05,0.024657534246575342
2024-09-07T08:00:00Z,BTCUSDT,neg,P1,-7.634e-05,0.0045662100456621
2024-09-07T08:00:00Z,BTCUSDT,neg,P2.5,-7.634e-05,0.0045662100456621
2024-09-07T08:00:00Z,BTCUSDT,neg,P5,-7.634e-05,0.0045662100456621
2024-09-07T08:00:00Z,ETHUSDT,neg,P5,-5.37e-06,0.042922374429223746
2024-09-09T16:00:00Z,ETHUSDT,neg,P5,-1.156e-05,0.031050228310502283
2024-09-10T08:00:00Z,ETHUSDT,neg,P2.5,-3.453e-05,0.0136986301369863
2024-09-11T00:00:00Z,BTCUSDT,neg,P1,-8.953e-05,0.0027397260273972603
2024-09-11T16:00:00Z,ETHUSDT,neg,P2.5,-1.796e-05,0.023744292237442923
2024-09-14T00:00:00Z,BTCUSDT,neg,P1,-8.699e-05,0.0036529680365296802
2024-09-14T00:00:00Z,BTCUSDT,neg,P2.5,-8.699e-05,0.0036529680365296802
2024-09-14T00:00:00Z,BTCUSDT,neg,P5,-8.699e-05,0.0036529680365296802
2024-09-14T08:00:00Z,ETHUSDT,neg,P5,-4.15e-06,0.04200913242009133
2024-09-16T08:00:00Z,ETHUSDT,neg,P2.5,-6.942e-05,0.0009132420091324201
2024-09-16T08:00:00Z,ETHUSDT,neg,P5,-6.942e-05,0.0009132420091324201
2024-10-04T08:00:00Z,SOLUSDT,neg,P5,-4.939e-05,0.04474885844748858
2024-10-11T08:00:00Z,BTCUSDT,neg,P5,-1.874e-05,0.049315068493150684
2024-10-11T16:00:00Z,SOLUSDT,neg,P5,-6.334e-05,0.024657534246575342
2024-11-11T00:00:00Z,BTCUSDT,pos,P95,0.00036878,0.9515981735159817
2024-11-12T00:00:00Z,BTCUSDT,pos,P97.5,0.00049133,0.9753424657534246
2024-11-12T08:00:00Z,ETHUSDT,pos,P95,0.0005762,0.9853881278538813
2024-11-19T00:00:00Z,ETHUSDT,pos,P95,0.00040458,0.9515981735159817
2024-12-05T08:00:00Z,BTCUSDT,pos,P95,0.00072446,0.9954337899543378
2024-12-05T08:00:00Z,BTCUSDT,pos,P97.5,0.00072446,0.9954337899543378
2024-12-05T08:00:00Z,BTCUSDT,pos,P99,0.00072446,0.9954337899543378
2024-12-05T08:00:00Z,SOLUSDT,pos,P95,0.00055995,0.9643835616438357
2024-12-19T00:00:00Z,SOLUSDT,neg,P5,-3.6e-05,0.03287671232876712
2024-12-20T08:00:00Z,SOLUSDT,neg,P5,-2.757e-05,0.043835616438356165
2024-12-20T16:00:00Z,SOLUSDT,neg,P2.5,-6.045e-05,0.012785388127853882
2024-12-27T16:00:00Z,SOLUSDT,neg,P2.5,-8.145e-05,0.010958904109589041
2024-12-27T16:00:00Z,SOLUSDT,neg,P5,-8.145e-05,0.010958904109589041
2025-01-01T00:00:00Z,SOLUSDT,neg,P2.5,-5.587e-05,0.021917808219178082
2025-01-01T00:00:00Z,SOLUSDT,neg,P5,-5.587e-05,0.021917808219178082
2025-01-03T16:00:00Z,SOLUSDT,neg,P5,-7.967e-05,0.012785388127853882
2025-01-05T08:00:00Z,SOLUSDT,neg,P5,-3.098e-05,0.047488584474885846
2025-01-09T00:00:00Z,SOLUSDT,neg,P5,-4.356e-05,0.034703196347031964
2025-01-10T08:00:00Z,SOLUSDT,neg,P2.5,-7.385e-05,0.0136986301369863
2025-01-14T00:00:00Z,SOLUSDT,neg,P5,-4.601e-05,0.033789954337899546
2025-01-15T08:00:00Z,SOLUSDT,neg,P5,-5.153e-05,0.030136986301369864
2025-01-20T00:00:00Z,SOLUSDT,neg,P1,-0.0007115,0.0
2025-01-20T00:00:00Z,SOLUSDT,neg,P2.5,-0.0007115,0.0
2025-01-23T16:00:00Z,SOLUSDT,neg,P2.5,-7.98e-05,0.014611872146118721
2025-01-23T16:00:00Z,SOLUSDT,neg,P5,-7.98e-05,0.014611872146118721
2025-01-25T16:00:00Z,SOLUSDT,neg,P1,-0.00012014,0.0045662100456621
2025-01-25T16:00:00Z,SOLUSDT,neg,P2.5,-0.00012014,0.0045662100456621
2025-01-27T00:00:00Z,ETHUSDT,neg,P5,-2.76e-06,0.038356164383561646
2025-01-27T16:00:00Z,SOLUSDT,neg,P1,-0.00018696,0.0018264840182648401
2025-01-27T16:00:00Z,SOLUSDT,neg,P2.5,-0.00018696,0.0018264840182648401
2025-01-27T16:00:00Z,SOLUSDT,neg,P5,-0.00018696,0.0018264840182648401
2025-02-01T00:00:00Z,SOLUSDT,neg,P2.5,-6.866e-05,0.021004566210045664
2025-02-03T08:00:00Z,ETHUSDT,neg,P1,-0.00016657,0.0
2025-02-03T08:00:00Z,ETHUSDT,neg,P2.5,-0.00016657,0.0
2025-02-03T08:00:00Z,ETHUSDT,neg,P5,-0.00016657,0.0
2025-02-03T08:00:00Z,SOLUSDT,neg,P2.5,-0.00012368,0.005479452054794521
2025-02-03T08:00:00Z,SOLUSDT,neg,P5,-0.00012368,0.005479452054794521
2025-02-05T08:00:00Z,SOLUSDT,neg,P5,-4.834e-05,0.043835616438356165
2025-02-05T16:00:00Z,SOLUSDT,neg,P2.5,-0.0001085,0.010958904109589041
2025-02-08T00:00:00Z,BTCUSDT,neg,P2.5,-4.1e-05,0.021917808219178082
2025-02-08T00:00:00Z,BTCUSDT,neg,P5,-4.1e-05,0.021917808219178082
2025-02-09T00:00:00Z,SOLUSDT,neg,P2.5,-0.00011027,0.01004566210045662
2025-02-09T00:00:00Z,SOLUSDT,neg,P5,-0.00011027,0.01004566210045662
2025-02-11T00:00:00Z,ETHUSDT,neg,P5,-5.72e-06,0.042922374429223746
2025-02-11T16:00:00Z,BTCUSDT,neg,P5,-2.446e-05,0.038356164383561646
2025-02-13T16:00:00Z,SOLUSDT,neg,P2.5,-0.00012867,0.010958904109589041
2025-02-13T16:00:00Z,SOLUSDT,neg,P5,-0.00012867,0.010958904109589041
2025-02-16T16:00:00Z,SOLUSDT,neg,P1,-0.00016876,0.00821917808219178
2025-02-16T16:00:00Z,SOLUSDT,neg,P2.5,-0.00016876,0.00821917808219178
2025-02-18T08:00:00Z,ETHUSDT,neg,P5,-1.595e-05,0.030136986301369864
2025-02-20T00:00:00Z,SOLUSDT,neg,P5,-6.024e-05,0.0410958904109589
2025-02-22T00:00:00Z,SOLUSDT,neg,P5,-0.00011947,0.017351598173515982
2025-02-22T08:00:00Z,ETHUSDT,neg,P5,-1.427e-05,0.03287671232876712
2025-02-24T00:00:00Z,BTCUSDT,neg,P5,-2.97e-05,0.034703196347031964
2025-02-24T00:00:00Z,SOLUSDT,neg,P5,-6.07e-05,0.042922374429223746
2025-02-25T00:00:00Z,ETHUSDT,neg,P5,-3.589e-05,0.01643835616438356
2025-02-26T00:00:00Z,SOLUSDT,neg,P2.5,-0.00010562,0.0228310502283105
2025-02-26T00:00:00Z,SOLUSDT,neg,P5,-0.00010562,0.0228310502283105
2025-03-01T08:00:00Z,BTCUSDT,neg,P2.5,-6.108e-05,0.014611872146118721
2025-03-01T08:00:00Z,ETHUSDT,neg,P5,-1.061e-05,0.04200913242009133
2025-03-02T00:00:00Z,SOLUSDT,neg,P5,-8.161e-05,0.030136986301369864
2025-03-03T00:00:00Z,BTCUSDT,neg,P2.5,-5.518e-05,0.017351598173515982
2025-03-03T00:00:00Z,ETHUSDT,neg,P5,-7.88e-06,0.045662100456621
2025-03-04T00:00:00Z,ETHUSDT,neg,P2.5,-4.308e-05,0.0136986301369863
2025-03-05T00:00:00Z,SOLUSDT,neg,P2.5,-0.00014911,0.011872146118721462
2025-03-06T00:00:00Z,ETHUSDT,neg,P5,-1.037e-05,0.04474885844748858
2025-03-09T00:00:00Z,BTCUSDT,neg,P5,-2.779e-05,0.04200913242009133
2025-03-10T00:00:00Z,ETHUSDT,neg,P2.5,-4.249e-05,0.01598173515981735
2025-03-10T00:00:00Z,ETHUSDT,neg,P5,-4.249e-05,0.01598173515981735
2025-03-10T08:00:00Z,SOLUSDT,neg,P5,-0.00010237,0.028310502283105023
2025-03-11T00:00:00Z,SOLUSDT,neg,P2.5,-0.00011653,0.021004566210045664
2025-03-12T16:00:00Z,ETHUSDT,neg,P5,-3.413e-05,0.024657534246575342
2025-03-13T08:00:00Z,SOLUSDT,neg,P5,-7.287e-05,0.04657534246575343
2025-03-15T00:00:00Z,BTCUSDT,neg,P2.5,-6.035e-05,0.015525114155251141
2025-03-15T00:00:00Z,BTCUSDT,neg,P5,-6.035e-05,0.015525114155251141
2025-03-17T00:00:00Z,SOLUSDT,neg,P5,-8.027e-05,0.04200913242009133
2025-03-18T08:00:00Z,SOLUSDT,neg,P5,-8.081e-05,0.04200913242009133
2025-03-20T00:00:00Z,ETHUSDT,neg,P5,-1.704e-05,0.038356164383561646
2025-03-22T00:00:00Z,ETHUSDT,neg,P5,-1.402e-05,0.043835616438356165
2025-03-24T16:00:00Z,BTCUSDT,neg,P5,-3.422e-05,0.031050228310502283
2025-03-26T16:00:00Z,ETHUSDT,neg,P5,-2.235e-05,0.0365296803652968
2025-03-26T16:00:00Z,SOLUSDT,neg,P2.5,-0.00012817,0.015525114155251141
2025-03-26T16:00:00Z,SOLUSDT,neg,P5,-0.00012817,0.015525114155251141
2025-03-28T08:00:00Z,SOLUSDT,neg,P5,-0.00010137,0.0319634703196347
2025-03-30T00:00:00Z,SOLUSDT,neg,P1,-0.00025778,0.0036529680365296802
2025-03-30T00:00:00Z,SOLUSDT,neg,P2.5,-0.00025778,0.0036529680365296802
2025-03-30T08:00:00Z,ETHUSDT,neg,P5,-1.999e-05,0.038356164383561646
2025-04-02T08:00:00Z,SOLUSDT,neg,P5,-0.00013428,0.0182648401826484
2025-04-03T16:00:00Z,SOLUSDT,neg,P5,-0.00011099,0.030136986301369864
2025-04-04T00:00:00Z,SOLUSDT,neg,P1,-0.00033632,0.0027397260273972603
2025-04-04T00:00:00Z,SOLUSDT,neg,P2.5,-0.00033632,0.0027397260273972603
2025-04-06T16:00:00Z,ETHUSDT,neg,P5,-2.372e-05,0.03561643835616438
2025-04-07T00:00:00Z,ETHUSDT,neg,P2.5,-3.784e-05,0.0182648401826484
2025-04-08T00:00:00Z,SOLUSDT,neg,P5,-0.00011753,0.0273972602739726
2025-04-08T16:00:00Z,SOLUSDT,neg,P1,-0.00023327,0.0073059360730593605
2025-04-09T00:00:00Z,ETHUSDT,neg,P2.5,-4.82e-05,0.01004566210045662
2025-04-09T00:00:00Z,ETHUSDT,neg,P5,-4.82e-05,0.01004566210045662
2025-04-09T08:00:00Z,ETHUSDT,neg,P1,-6.596e-05,0.0073059360730593605
2025-04-11T08:00:00Z,BTCUSDT,neg,P2.5,-4.294e-05,0.024657534246575342
2025-04-11T08:00:00Z,ETHUSDT,neg,P2.5,-5.857e-05,0.01004566210045662
2025-04-11T08:00:00Z,ETHUSDT,neg,P5,-5.857e-05,0.01004566210045662
2025-04-14T16:00:00Z,SOLUSDT,neg,P5,-9.45e-05,0.042922374429223746
2025-04-15T08:00:00Z,SOLUSDT,neg,P2.5,-0.00013087,0.021004566210045664
2025-04-18T00:00:00Z,ETHUSDT,neg,P5,-3.125e-05,0.031050228310502283
2025-04-19T16:00:00Z,SOLUSDT,neg,P2.5,-0.00013071,0.021917808219178082
2025-04-19T16:00:00Z,SOLUSDT,neg,P5,-0.00013071,0.021917808219178082
2025-04-20T16:00:00Z,ETHUSDT,neg,P2.5,-5.358e-05,0.011872146118721462
2025-04-22T00:00:00Z,ETHUSDT,neg,P2.5,-3.6e-05,0.024657534246575342
2025-04-22T00:00:00Z,ETHUSDT,neg,P5,-3.6e-05,0.024657534246575342
2025-04-22T00:00:00Z,SOLUSDT,neg,P1,-0.00025936,0.005479452054794521
2025-04-22T16:00:00Z,BTCUSDT,neg,P2.5,-7.045e-05,0.01004566210045662
2025-04-24T00:00:00Z,BTCUSDT,neg,P5,-2.671e-05,0.048401826484018265
2025-04-26T00:00:00Z,BTCUSDT,neg,P1,-0.00010085,0.0009132420091324201
2025-04-26T00:00:00Z,BTCUSDT,neg,P2.5,-0.00010085,0.0009132420091324201
2025-04-26T00:00:00Z,BTCUSDT,neg,P5,-0.00010085,0.0009132420091324201
2025-04-27T08:00:00Z,ETHUSDT,neg,P1,-6.737e-05,0.0073059360730593605
2025-04-27T08:00:00Z,ETHUSDT,neg,P2.5,-6.737e-05,0.0073059360730593605
2025-04-28T16:00:00Z,BTCUSDT,neg,P2.5,-5.821e-05,0.02009132420091324
2025-04-28T16:00:00Z,BTCUSDT,neg,P5,-5.821e-05,0.02009132420091324
2025-04-28T16:00:00Z,SOLUSDT,neg,P5,-0.00010338,0.045662100456621
2025-04-29T00:00:00Z,SOLUSDT,neg,P2.5,-0.00016044,0.0182648401826484
2025-04-30T00:00:00Z,BTCUSDT,neg,P2.5,-5.181e-05,0.024657534246575342
2025-04-30T00:00:00Z,BTCUSDT,neg,P5,-5.181e-05,0.024657534246575342
2025-04-30T00:00:00Z,ETHUSDT,neg,P2.5,-7.371e-05,0.0073059360730593605
2025-04-30T00:00:00Z,ETHUSDT,neg,P5,-7.371e-05,0.0073059360730593605
2025-04-30T16:00:00Z,SOLUSDT,neg,P2.5,-0.0001511,0.021917808219178082
2025-04-30T16:00:00Z,SOLUSDT,neg,P5,-0.0001511,0.021917808219178082
2025-05-01T16:00:00Z,BTCUSDT,neg,P2.5,-8.028e-05,0.0045662100456621
2025-05-02T08:00:00Z,ETHUSDT,neg,P2.5,-5.797e-05,0.014611872146118721
2025-05-02T08:00:00Z,ETHUSDT,neg,P5,-5.797e-05,0.014611872146118721
2025-05-03T00:00:00Z,SOLUSDT,neg,P5,-0.00012523,0.0319634703196347
2025-05-04T16:00:00Z,SOLUSDT,neg,P5,-0.00012151,0.033789954337899546
2025-05-06T16:00:00Z,ETHUSDT,neg,P5,-3.589e-05,0.032420091324200914
2025-05-19T00:00:00Z,ETHUSDT,neg,P2.5,-4.925e-05,0.017351598173515982
2025-05-19T00:00:00Z,ETHUSDT,neg,P5,-4.925e-05,0.017351598173515982
2025-05-19T08:00:00Z,SOLUSDT,neg,P5,-0.00013744,0.024657534246575342
2025-05-28T16:00:00Z,SOLUSDT,neg,P2.5,-0.00013891,0.024657534246575342
2025-05-28T16:00:00Z,SOLUSDT,neg,P5,-0.00013891,0.024657534246575342
2025-06-06T00:00:00Z,BTCUSDT,neg,P5,-3.491e-05,0.0410958904109589
2025-06-08T16:00:00Z,BTCUSDT,neg,P5,-3.602e-05,0.0410958904109589
2025-06-15T00:00:00Z,BTCUSDT,neg,P5,-3.641e-05,0.04018264840182648
2025-06-21T00:00:00Z,ETHUSDT,neg,P2.5,-4.99e-05,0.017351598173515982
2025-06-21T00:00:00Z,ETHUSDT,neg,P5,-4.99e-05,0.017351598173515982
2025-07-05T00:00:00Z,SOLUSDT,neg,P2.5,-0.00015145,0.021917808219178082
2025-07-05T00:00:00Z,SOLUSDT,neg,P5,-0.00015145,0.021917808219178082
2025-07-07T16:00:00Z,ETHUSDT,neg,P5,-3.011e-05,0.043835616438356165
2025-07-21T16:00:00Z,SOLUSDT,pos,P95,0.000129,0.9506849315068493
2025-08-04T00:00:00Z,SOLUSDT,neg,P2.5,-0.00014534,0.024657534246575342
2025-08-04T00:00:00Z,SOLUSDT,neg,P5,-0.00014534,0.024657534246575342
2025-08-14T08:00:00Z,SOLUSDT,pos,P95,0.00025876,0.9753424657534246
2025-08-14T08:00:00Z,SOLUSDT,pos,P97.5,0.00025876,0.9753424657534246
2025-09-04T08:00:00Z,ETHUSDT,neg,P5,-2.012e-05,0.045662100456621
2025-09-05T00:00:00Z,ETHUSDT,neg,P2.5,-5.54e-05,0.012785388127853882
2025-09-19T16:00:00Z,ETHUSDT,neg,P2.5,-4.324e-05,0.017351598173515982
2025-09-19T16:00:00Z,ETHUSDT,neg,P5,-4.324e-05,0.017351598173515982
2025-09-21T00:00:00Z,BTCUSDT,neg,P5,-5.322e-05,0.01004566210045662
2025-09-23T16:00:00Z,ETHUSDT,neg,P5,-2.189e-05,0.047488584474885846
2025-09-25T00:00:00Z,ETHUSDT,neg,P1,-8.602e-05,0.0036529680365296802
2025-09-25T00:00:00Z,ETHUSDT,neg,P2.5,-8.602e-05,0.0036529680365296802
2025-09-29T16:00:00Z,ETHUSDT,neg,P5,-3.49e-05,0.031050228310502283
2025-09-30T08:00:00Z,SOLUSDT,neg,P2.5,-0.00016084,0.0182648401826484
2025-09-30T08:00:00Z,SOLUSDT,neg,P5,-0.00016084,0.0182648401826484
2025-10-10T16:00:00Z,ETHUSDT,neg,P2.5,-5.147e-05,0.015525114155251141
2025-10-11T00:00:00Z,SOLUSDT,neg,P1,-0.00302761,0.0
2025-10-11T00:00:00Z,SOLUSDT,neg,P2.5,-0.00302761,0.0
2025-10-11T00:00:00Z,SOLUSDT,neg,P5,-0.00302761,0.0
2025-10-11T08:00:00Z,ETHUSDT,neg,P1,-0.00013094,0.0018264840182648401
2025-10-12T00:00:00Z,BTCUSDT,neg,P5,-3.055e-05,0.0228310502283105
2025-10-12T16:00:00Z,BTCUSDT,neg,P1,-0.00010915,0.0009132420091324201
2025-10-18T00:00:00Z,BTCUSDT,neg,P2.5,-4.819e-05,0.0136986301369863
2025-10-18T00:00:00Z,BTCUSDT,neg,P5,-4.819e-05,0.0136986301369863
2025-10-21T00:00:00Z,BTCUSDT,neg,P2.5,-5.567e-05,0.010958904109589041
2025-10-21T00:00:00Z,BTCUSDT,neg,P5,-5.567e-05,0.010958904109589041
2025-10-22T00:00:00Z,ETHUSDT,neg,P5,-2.491e-05,0.049315068493150684
2025-10-29T00:00:00Z,ETHUSDT,neg,P2.5,-5.159e-05,0.017351598173515982
2025-10-29T00:00:00Z,SOLUSDT,neg,P5,-0.0001386,0.03561643835616438
2025-10-30T16:00:00Z,ETHUSDT,neg,P2.5,-6.394e-05,0.012785388127853882
2025-10-30T16:00:00Z,SOLUSDT,neg,P2.5,-0.00016797,0.024657534246575342
2025-10-30T16:00:00Z,SOLUSDT,neg,P5,-0.00016797,0.024657534246575342
2025-11-03T08:00:00Z,SOLUSDT,neg,P5,-0.00017049,0.023744292237442923
2025-11-11T08:00:00Z,BTCUSDT,neg,P5,-2.775e-05,0.04200913242009133
2025-11-11T08:00:00Z,SOLUSDT,neg,P2.5,-0.00020845,0.019178082191780823
2025-11-11T08:00:00Z,SOLUSDT,neg,P5,-0.00020845,0.019178082191780823
2025-11-14T00:00:00Z,SOLUSDT,neg,P2.5,-0.00019091,0.021004566210045664
2025-11-14T00:00:00Z,SOLUSDT,neg,P5,-0.00019091,0.021004566210045664
2025-11-25T00:00:00Z,BTCUSDT,neg,P2.5,-5.29e-05,0.014611872146118721
2025-11-25T00:00:00Z,BTCUSDT,neg,P5,-5.29e-05,0.014611872146118721
2025-11-25T16:00:00Z,SOLUSDT,neg,P5,-0.00018105,0.023744292237442923
2025-11-27T00:00:00Z,BTCUSDT,neg,P5,-2.599e-05,0.047488584474885846
2025-11-28T08:00:00Z,SOLUSDT,neg,P5,-0.00015136,0.038356164383561646
2025-12-11T08:00:00Z,SOLUSDT,neg,P5,-0.00016369,0.030136986301369864
2025-12-18T08:00:00Z,ETHUSDT,neg,P5,-3.186e-05,0.04200913242009133
2026-01-09T00:00:00Z,BTCUSDT,neg,P5,-2.813e-05,0.0410958904109589
2026-01-22T16:00:00Z,ETHUSDT,neg,P5,-2.933e-05,0.048401826484018265
2026-01-26T00:00:00Z,ETHUSDT,neg,P1,-0.00013629,0.0018264840182648401
2026-01-26T00:00:00Z,ETHUSDT,neg,P5,-0.00013629,0.0018264840182648401
2026-01-26T00:00:00Z,SOLUSDT,neg,P2.5,-0.00020746,0.0182648401826484
2026-01-26T00:00:00Z,SOLUSDT,neg,P5,-0.00020746,0.0182648401826484
2026-01-30T00:00:00Z,SOLUSDT,neg,P2.5,-0.000182,0.021004566210045664
2026-01-31T00:00:00Z,ETHUSDT,neg,P2.5,-7.003e-05,0.010958904109589041
2026-01-31T00:00:00Z,ETHUSDT,neg,P5,-7.003e-05,0.010958904109589041
2026-01-31T08:00:00Z,SOLUSDT,neg,P2.5,-0.00019176,0.02009132420091324
2026-01-31T08:00:00Z,SOLUSDT,neg,P5,-0.00019176,0.02009132420091324
2026-02-01T00:00:00Z,BTCUSDT,neg,P5,-3.267e-05,0.030136986301369864
2026-02-01T00:00:00Z,SOLUSDT,neg,P1,-0.00069212,0.0045662100456621
2026-02-02T08:00:00Z,BTCUSDT,neg,P5,-3.043e-05,0.034703196347031964
2026-02-02T16:00:00Z,BTCUSDT,neg,P2.5,-5.713e-05,0.010958904109589041
2026-02-04T08:00:00Z,SOLUSDT,neg,P1,-0.00047041,0.0073059360730593605
2026-02-04T08:00:00Z,SOLUSDT,neg,P2.5,-0.00047041,0.0073059360730593605
2026-02-04T16:00:00Z,ETHUSDT,neg,P2.5,-6.117e-05,0.019178082191780823
2026-02-05T16:00:00Z,BTCUSDT,neg,P2.5,-4.957e-05,0.017351598173515982
2026-02-06T00:00:00Z,ETHUSDT,neg,P1,-0.00027709,0.0
2026-02-06T00:00:00Z,SOLUSDT,neg,P5,-0.00016041,0.038356164383561646
2026-02-06T08:00:00Z,BTCUSDT,neg,P1,-0.00013688,0.0
2026-02-06T08:00:00Z,SOLUSDT,neg,P1,-0.00043701,0.00821917808219178
2026-02-08T16:00:00Z,BTCUSDT,neg,P2.5,-4.864e-05,0.021917808219178082
2026-02-08T16:00:00Z,ETHUSDT,neg,P2.5,-5.398e-05,0.023744292237442923
2026-02-08T16:00:00Z,ETHUSDT,neg,P5,-5.398e-05,0.023744292237442923
2026-02-10T00:00:00Z,BTCUSDT,neg,P1,-8.798e-05,0.006392694063926941
2026-02-10T08:00:00Z,ETHUSDT,neg,P1,-0.0001521,0.0036529680365296802
2026-02-10T08:00:00Z,ETHUSDT,neg,P2.5,-0.0001521,0.0036529680365296802
2026-02-12T00:00:00Z,SOLUSDT,neg,P5,-0.0001924,0.026484018264840183
2026-02-13T00:00:00Z,ETHUSDT,neg,P2.5,-0.00010652,0.01004566210045662
2026-02-15T00:00:00Z,ETHUSDT,neg,P2.5,-6.367e-05,0.024657534246575342
2026-02-15T00:00:00Z,ETHUSDT,neg,P5,-6.367e-05,0.024657534246575342
2026-02-15T00:00:00Z,SOLUSDT,neg,P5,-0.00017847,0.03287671232876712
2026-02-16T08:00:00Z,BTCUSDT,neg,P5,-3.277e-05,0.04200913242009133
2026-02-17T16:00:00Z,ETHUSDT,neg,P5,-4.733e-05,0.04018264840182648
2026-02-18T16:00:00Z,SOLUSDT,neg,P2.5,-0.0002287,0.021917808219178082
2026-02-18T16:00:00Z,SOLUSDT,neg,P5,-0.0002287,0.021917808219178082
2026-02-19T00:00:00Z,BTCUSDT,neg,P5,-4.014e-05,0.03287671232876712
2026-02-19T00:00:00Z,ETHUSDT,neg,P5,-0.00010561,0.010958904109589041
2026-02-22T16:00:00Z,ETHUSDT,neg,P5,-4.379e-05,0.04657534246575343
2026-02-23T08:00:00Z,BTCUSDT,neg,P1,-9.317e-05,0.006392694063926941
2026-02-23T08:00:00Z,BTCUSDT,neg,P2.5,-9.317e-05,0.006392694063926941
2026-02-23T08:00:00Z,ETHUSDT,neg,P1,-0.00036526,0.0
2026-02-23T08:00:00Z,ETHUSDT,neg,P2.5,-0.00036526,0.0
2026-02-23T08:00:00Z,SOLUSDT,neg,P1,-0.00053535,0.00821917808219178
2026-02-23T08:00:00Z,SOLUSDT,neg,P2.5,-0.00053535,0.00821917808219178
2026-02-25T00:00:00Z,SOLUSDT,neg,P5,-0.00017258,0.03744292237442922
2026-02-27T08:00:00Z,BTCUSDT,neg,P2.5,-8.123e-05,0.011872146118721462
2026-02-27T08:00:00Z,BTCUSDT,neg,P5,-8.123e-05,0.011872146118721462
2026-02-27T16:00:00Z,ETHUSDT,neg,P2.5,-0.00011015,0.01004566210045662
2026-02-27T16:00:00Z,SOLUSDT,neg,P5,-0.00018881,0.031050228310502283
2026-02-28T16:00:00Z,SOLUSDT,neg,P2.5,-0.00022315,0.023744292237442923
2026-03-02T00:00:00Z,ETHUSDT,neg,P2.5,-7.621e-05,0.023744292237442923
2026-03-02T00:00:00Z,ETHUSDT,neg,P5,-7.621e-05,0.023744292237442923
2026-03-04T00:00:00Z,BTCUSDT,neg,P2.5,-5.39e-05,0.021004566210045664
2026-03-04T00:00:00Z,BTCUSDT,neg,P5,-5.39e-05,0.021004566210045664
2026-03-06T16:00:00Z,ETHUSDT,neg,P2.5,-9.858e-05,0.0136986301369863
2026-03-06T16:00:00Z,ETHUSDT,neg,P5,-9.858e-05,0.0136986301369863
2026-03-08T08:00:00Z,ETHUSDT,neg,P2.5,-8.766e-05,0.0182648401826484
2026-03-08T08:00:00Z,ETHUSDT,neg,P5,-8.766e-05,0.0182648401826484
2026-03-08T08:00:00Z,SOLUSDT,neg,P5,-0.00016925,0.042922374429223746
2026-03-09T00:00:00Z,BTCUSDT,neg,P2.5,-5.77e-05,0.0182648401826484
2026-03-11T00:00:00Z,BTCUSDT,neg,P1,-0.00011052,0.0036529680365296802
2026-03-11T00:00:00Z,BTCUSDT,neg,P2.5,-0.00011052,0.0036529680365296802
2026-03-11T00:00:00Z,BTCUSDT,neg,P5,-0.00011052,0.0036529680365296802
2026-03-12T08:00:00Z,ETHUSDT,neg,P5,-6.811e-05,0.0365296803652968
2026-03-14T08:00:00Z,BTCUSDT,neg,P5,-3.988e-05,0.04474885844748858
2026-03-15T08:00:00Z,BTCUSDT,neg,P2.5,-6.461e-05,0.017351598173515982
2026-03-18T00:00:00Z,BTCUSDT,neg,P2.5,-6.569e-05,0.017351598173515982
2026-03-18T00:00:00Z,BTCUSDT,neg,P5,-6.569e-05,0.017351598173515982
2026-03-22T08:00:00Z,BTCUSDT,neg,P5,-4.425e-05,0.04018264840182648
2026-03-22T16:00:00Z,BTCUSDT,neg,P2.5,-6.837e-05,0.017351598173515982
2026-03-22T16:00:00Z,ETHUSDT,neg,P5,-7.418e-05,0.030136986301369864
2026-03-26T08:00:00Z,SOLUSDT,neg,P5,-0.00019611,0.030136986301369864
2026-03-26T16:00:00Z,ETHUSDT,neg,P5,-8.212e-05,0.023744292237442923
2026-03-26T16:00:00Z,SOLUSDT,neg,P2.5,-0.00022349,0.023744292237442923
2026-03-27T08:00:00Z,BTCUSDT,neg,P2.5,-6.298e-05,0.021004566210045664
2026-03-27T08:00:00Z,BTCUSDT,neg,P5,-6.298e-05,0.021004566210045664
2026-04-02T00:00:00Z,ETHUSDT,neg,P2.5,-8.956e-05,0.0182648401826484
2026-04-02T00:00:00Z,ETHUSDT,neg,P5,-8.956e-05,0.0182648401826484
2026-04-02T08:00:00Z,ETHUSDT,neg,P1,-0.00013372,0.0091324200913242
2026-04-02T08:00:00Z,SOLUSDT,neg,P2.5,-0.00023581,0.021917808219178082
2026-04-02T16:00:00Z,BTCUSDT,neg,P2.5,-7.398e-05,0.017351598173515982
2026-04-02T16:00:00Z,BTCUSDT,neg,P5,-7.398e-05,0.017351598173515982
2026-04-07T08:00:00Z,SOLUSDT,neg,P5,-0.00021212,0.030136986301369864
2026-04-11T00:00:00Z,BTCUSDT,neg,P2.5,-7.225e-05,0.019178082191780823
2026-04-11T00:00:00Z,ETHUSDT,neg,P5,-6.627e-05,0.045662100456621
2026-04-13T16:00:00Z,BTCUSDT,neg,P5,-5.409e-05,0.03561643835616438
2026-04-15T00:00:00Z,BTCUSDT,neg,P1,-9.313e-05,0.00821917808219178
2026-04-15T00:00:00Z,BTCUSDT,neg,P2.5,-9.313e-05,0.00821917808219178
2026-04-17T16:00:00Z,BTCUSDT,neg,P2.5,-0.00010789,0.005479452054794521
2026-04-17T16:00:00Z,BTCUSDT,neg,P5,-0.00010789,0.005479452054794521
2026-04-18T16:00:00Z,ETHUSDT,neg,P1,-0.00015064,0.00821917808219178
2026-04-18T16:00:00Z,ETHUSDT,neg,P2.5,-0.00015064,0.00821917808219178
2026-04-19T16:00:00Z,BTCUSDT,neg,P1,-0.00012276,0.0027397260273972603
2026-04-21T00:00:00Z,BTCUSDT,neg,P2.5,-7.937e-05,0.021004566210045664
2026-04-21T00:00:00Z,BTCUSDT,neg,P5,-7.937e-05,0.021004566210045664
2026-04-23T00:00:00Z,BTCUSDT,neg,P2.5,-7.87e-05,0.021917808219178082
2026-04-24T08:00:00Z,BTCUSDT,neg,P2.5,-7.865e-05,0.0228310502283105
2026-04-24T08:00:00Z,ETHUSDT,neg,P5,-6.98e-05,0.04657534246575343
2026-04-24T16:00:00Z,ETHUSDT,neg,P2.5,-0.00012145,0.014611872146118721
2026-04-27T08:00:00Z,BTCUSDT,neg,P2.5,-8.659e-05,0.012785388127853882
2026-04-27T08:00:00Z,ETHUSDT,neg,P5,-7.865e-05,0.03515981735159817
2026-04-28T00:00:00Z,ETHUSDT,neg,P1,-0.00016104,0.006392694063926941
2026-04-28T00:00:00Z,ETHUSDT,neg,P2.5,-0.00016104,0.006392694063926941
2026-04-30T16:00:00Z,ETHUSDT,neg,P5,-7.717e-05,0.038356164383561646
2026-05-05T16:00:00Z,BTCUSDT,neg,P5,-8.24e-05,0.0136986301369863
2026-05-06T00:00:00Z,BTCUSDT,neg,P1,-9.153e-05,0.00821917808219178
2026-05-06T08:00:00Z,ETHUSDT,neg,P5,-9.447e-05,0.025570776255707764
2026-05-07T08:00:00Z,ETHUSDT,neg,P2.5,-0.00011993,0.01643835616438356
2026-05-23T16:00:00Z,SOLUSDT,neg,P2.5,-0.00028322,0.01643835616438356
2026-05-23T16:00:00Z,SOLUSDT,neg,P5,-0.00028322,0.01643835616438356
