symbol,signal_time,entry_time,entry_price,period,sweep_low,ref_low,atr14,sweep_distance,ref_distance,atr35_distance,compound_distance,atr35_stop_price,atr19_stop_price,compound_stop_price
BTC,2019-07-22 16:00:00,2019-07-22 20:00:00,10168.831875,2019-2020,10100.0,10121.84,268.0285714285713,0.006768906777702022,0.004621167463249038,0.0922524840150334,0.0922524840150334,9230.731875,9659.577589285715,9230.731875
ETH,2019-07-22 16:00:00,2019-07-22 20:00:00,213.636765,2019-2020,212.25,212.52,6.266428571428569,0.006491228230309502,0.0052274008174575505,0.10266257308286797,0.10266257308286797,191.70426500000002,201.7305507142857,191.70426500000002
BTC,2019-08-13 16:00:00,2019-08-13 20:00:00,10941.74814,2019-2020,10788.45,10911.0,159.81642857142847,0.01401038828883142,0.002810167041552804,0.051121401520397236,0.051121401520397236,10382.39064,10638.096925714286,10382.39064
BTC,2019-08-14 08:00:00,2019-08-14 12:00:00,10559.99736,2019-2020,10410.0,10541.0,169.98857142857145,0.014204299005620149,0.001798992873990585,0.05634092317613989,0.05634092317613989,9965.037359999998,10237.019074285714,9965.037359999998
BTC,2019-08-16 04:00:00,2019-08-16 08:00:00,9942.538784999999,2019-2020,9750.0,9911.0,286.2414285714286,0.019365153022131144,0.003172105805368385,0.1007634993097993,0.1007634993097993,8940.693784999998,9398.680070714285,8940.693784999998
BTC,2019-08-21 16:00:00,2019-08-21 20:00:00,10112.19357,2019-2020,9858.0,9921.16,234.7785714285714,0.025137332294955215,0.01889140755441449,0.08126080600729639,0.08126080600729639,9290.468569999999,9666.114284285713,9290.468569999999
BTC,2019-10-30 08:00:00,2019-10-30 12:00:00,9100.778115,2019-2020,9018.0,9072.0,221.34214285714305,0.009095718404953022,0.003162159832527591,0.08512431466965842,0.08512431466965842,8326.080614999999,8680.228043571427,8326.080614999999
BTC,2019-10-30 12:00:00,2019-10-30 16:00:00,9098.26686,2019-2020,9001.01,9018.0,208.1035714285716,0.010689602920703901,0.008822214300273858,0.08005508205108865,0.08005508205108865,8369.904359999999,8702.870074285715,8369.904359999999
BTC,2019-10-31 08:00:00,2019-10-31 12:00:00,9114.084765,2019-2020,8913.0,9001.01,197.35928571428576,0.022063078211891046,0.012406595715922047,0.07579011143857846,0.07579011143857846,8423.327265,8739.102122142856,8423.327265
BTC,2019-11-07 20:00:00,2019-11-08 00:00:00,9218.607,2019-2020,9101.0,9119.0,107.98357142857132,0.01275756738518086,0.010804994724257144,0.04099778849450895,0.04099778849450895,8840.6645,9013.438214285714,8840.6645
BTC,2019-11-11 08:00:00,2019-11-11 12:00:00,8730.533085,2019-2020,8618.68,8696.0,123.74071428571435,0.012811713089109592,0.0039554383064340825,0.04960665010755185,0.04960665010755185,8297.440584999998,8495.425727857142,8297.440584999998
BTC,2019-11-12 12:00:00,2019-11-12 16:00:00,8707.961805,2019-2020,8567.6,8618.68,136.1757142857141,0.016118789694209098,0.01025289350129396,0.05473324420489914,0.05473324420489914,8231.346805000001,8449.227947857144,8231.346805000001
BTC,2020-01-19 08:00:00,2020-01-19 12:00:00,8685.50058,2019-2020,8524.2,8586.0,174.24714285714293,0.0185712473926286,0.011455940746710525,0.07021644801962586,0.07021644801962586,8075.635579999999,8354.43100857143,8075.635579999999
BTC,2020-01-19 20:00:00,2020-01-20 00:00:00,8706.070859999998,2019-2020,8466.0,8524.2,169.39500000000004,0.02757510981251054,0.020890119426388094,0.0680998936872885,0.0680998936872885,8113.188359999997,8384.220359999998,8113.188359999997
BTC,2020-01-23 16:00:00,2020-01-23 20:00:00,8374.084949999999,2019-2020,8306.39,8326.0,119.40928571428569,0.00808386234486422,0.005742113948819994,0.049907840975508606,0.049907840975508606,7956.152449999999,8147.207307142856,7956.152449999999
BTC,2020-01-24 00:00:00,2020-01-24 04:00:00,8324.750295,2019-2020,8275.5,8306.39,121.25,0.005916128803236353,0.002205506994129054,0.05097750502557266,0.05097750502557266,7900.375295,8094.375295,7900.375295
BTC,2020-01-24 08:00:00,2020-01-24 12:00:00,8417.62671,2019-2020,8238.0,8275.5,115.60857142857147,0.021339353262910424,0.016884415868804955,0.04806936847405058,0.04806936847405058,8012.996710000001,8197.970424285715,8012.996710000001
BTC,2020-02-02 04:00:00,2020-02-02 08:00:00,9375.215265,2019-2020,9120.0,9204.44,124.91500000000009,0.02722233653159757,0.01821561000711595,0.04663386254523515,0.04663386254523515,8938.012765,9137.876765,8938.012765
BTC,2020-02-04 08:00:00,2020-02-04 12:00:00,9187.401404999999,2019-2020,9108.0,9120.0,134.62285714285736,0.008642422541458415,0.007336286075768637,0.05128544832530922,0.05128544832530922,8716.221404999998,8931.61797642857,8716.221404999998
BTC,2020-02-04 12:00:00,2020-02-04 16:00:00,9211.62351,2019-2020,9093.01,9108.0,125.95928571428587,0.012876504328605504,0.011249212463742936,0.047858827439203555,0.047858827439203555,8770.76601,8972.300867142856,8770.76601
ETH,2020-02-16 12:00:00,2020-02-16 16:00:00,258.96941999999996,2019-2020,256.06,256.08,9.997857142857145,0.011234608317846775,0.011157379122214404,0.13512213140841112,0.13512213140841112,223.97691999999995,239.9734914285714,223.97691999999995
BTC,2020-02-17 12:00:00,2020-02-17 16:00:00,9640.087635,2019-2020,9452.67,9568.0,199.97571428571413,0.019441486643705163,0.007477902455811011,0.07260463042460708,0.07260463042460708,8940.172635,9260.133777857143,8940.172635
BTC,2020-02-19 20:00:00,2020-02-20 00:00:00,9599.447325,2019-2020,9350.0,9452.67,210.48571428571435,0.025985592352838833,0.01529018494822556,0.07674400150948277,0.07674400150948277,8862.747324999998,9199.524467857142,8862.747324999998
BTC,2020-02-24 16:00:00,2020-02-24 20:00:00,9605.940569999999,2019-2020,9473.56,9550.21,142.76785714285728,0.013781114825281432,0.005801677575858636,0.05201859165780791,0.05201859165780791,9106.253069999999,9334.68164142857,9106.253069999999
ETH,2020-02-25 04:00:00,2020-02-25 08:00:00,257.75881499999997,2019-2020,254.85,256.0,7.025714285714285,0.01128502627543495,0.006823491177207539,0.0953992591873143,0.0953992591873143,233.16881499999997,244.40995785714284,233.16881499999997
ETH,2020-02-25 16:00:00,2020-02-25 20:00:00,250.52519999999998,2019-2020,245.93,250.13,7.891428571428572,0.018342266566397224,0.0015774860173746533,0.11024839018190588,0.11024839018190588,222.90519999999998,235.53148571428568,222.90519999999998
BTC,2020-02-25 20:00:00,2020-02-26 00:00:00,9321.138239999998,2019-2020,9250.0,9281.0,170.60785714285728,0.007631926291439533,0.004306152206578411,0.06406165047928745,0.06406165047928745,8724.010739999998,8996.98331142857,8724.010739999998
ETH,2020-02-25 20:00:00,2020-02-26 00:00:00,246.79333499999998,2019-2020,244.44,245.93,8.177142857142858,0.009535650547450916,0.0034982103548297934,0.11596747537772852,0.11596747537772852,218.17333499999998,231.25676357142856,218.17333499999998
BTC,2020-02-26 08:00:00,2020-02-26 12:00:00,9162.93918,2019-2020,9102.0,9111.0,164.4564285714288,0.006650614917646916,0.005668397331870034,0.06281799853657882,0.06281799853657882,8587.341679999998,8850.471965714285,8587.341679999998
ETH,2020-02-26 16:00:00,2020-02-26 20:00:00,229.884885,2019-2020,215.66,225.98,9.895714285714291,0.06187829617419171,0.016986262493943468,0.15066236303443795,0.15066236303443795,195.24988499999998,211.08302785714284,195.24988499999998
ETH,2020-04-20 20:00:00,2020-04-21 00:00:00,170.295105,2019-2020,166.7,167.14,6.5792857142857155,0.02111102958596501,0.018527279454098343,0.13522115036718174,0.13522115036718174,147.267605,157.79446214285716,147.267605
ETH,2020-05-04 00:00:00,2020-05-04 04:00:00,203.7018,2019-2020,202.03,202.07,4.5200000000000005,0.008207094880850294,0.00801072940936211,0.07766254397359279,0.07766254397359279,187.8818,195.1138,187.8818
BTC,2020-05-04 04:00:00,2020-05-04 08:00:00,8652.744209999999,2019-2020,8522.0,8573.98,187.6542857142857,0.015110143883474274,0.009102801156304997,0.07590539880295387,0.07590539880295387,7995.954209999999,8296.201067142856,7995.954209999999
ETH,2020-05-11 16:00:00,2020-05-11 20:00:00,187.39365,2019-2020,176.0,179.59,7.734999999999998,0.060800619444682395,0.041643086625400616,0.14446860926183994,0.14446860926183994,160.32115000000002,172.69715,160.32115000000002
BTC,2020-05-21 08:00:00,2020-05-21 12:00:00,9394.664985,2019-2020,9228.0,9326.0,193.5699999999997,0.017740386194303386,0.007308933858698894,0.07211486530724853,0.07211486530724853,8717.169985,9026.881985,8717.169985
BTC,2020-05-21 16:00:00,2020-05-21 20:00:00,9070.342905,2019-2020,8815.0,8949.74,214.1185714285713,0.02815140592526469,0.013296399735176247,0.08262256541446594,0.08262256541446594,8320.927905,8663.517619285714,8320.927905
ETH,2020-05-21 16:00:00,2020-05-21 20:00:00,198.709305,2019-2020,191.71,196.6,4.509999999999999,0.03522384117844905,0.010615028823134408,0.07943764888111303,0.07943764888111303,182.924305,190.140305,182.924305
BTC,2020-05-25 00:00:00,2020-05-25 04:00:00,8790.963285,2019-2020,8642.72,8700.0,154.85714285714286,0.016863144594511915,0.010347362632626422,0.061654221776220285,0.061654221776220285,8248.963285,8496.734713571428,8248.963285
ETH,2020-05-26 16:00:00,2020-05-26 20:00:00,199.39965,2019-2020,196.9,197.12,3.8671428571428583,0.012535879576518827,0.011432567710123883,0.0678787550529803,0.0678787550529803,185.86465,192.05207857142858,185.86465
BTC,2020-06-02 12:00:00,2020-06-02 16:00:00,9472.81404,2019-2020,9266.0,9381.41,219.96000000000004,0.02183237622175462,0.009649090504050415,0.08127046480055257,0.08127046480055257,8702.954039999999,9054.890039999998,8702.954039999999
BTC,2020-06-15 04:00:00,2020-06-15 08:00:00,9127.861649999999,2019-2020,8910.45,9122.0,119.22499999999971,0.023818464645550166,0.0006421712143280478,0.04571580026084193,0.04571580026084193,8710.574149999999,8901.33415,8710.574149999999
ETH,2020-06-15 04:00:00,2020-06-15 08:00:00,224.702295,2019-2020,218.27,224.07,3.703571428571426,0.028625853598869485,0.002813923195577505,0.057687439284943624,0.057687439284943624,211.73979500000002,217.66550928571428,211.73979500000002
BTC,2020-08-02 04:00:00,2020-08-02 08:00:00,11331.612975,2019-2020,10518.5,10831.0,319.69285714285695,0.07175615482049236,0.044178439212887076,0.0987436653959671,0.0987436653959671,10212.687975,10724.196546428571,10212.687975
ETH,2020-08-07 12:00:00,2020-08-07 16:00:00,385.662735,2019-2020,376.75,380.77,8.19857142857143,0.023110179416219713,0.01268656407780756,0.07440438859097964,0.07440438859097964,356.967735,370.0854492857143,356.967735
BTC,2020-08-11 12:00:00,2020-08-11 16:00:00,11486.52039,2019-2020,11372.0,11450.0,204.44,0.009969980996133476,0.0031794128038804344,0.062293886721599245,0.062293886721599245,10770.98039,11098.08439,10770.98039
BTC,2020-08-11 16:00:00,2020-08-11 20:00:00,11392.743524999998,2019-2020,11285.0,11372.0,215.99428571428572,0.009457206226363993,0.00182076643386897,0.06635627303828032,0.06635627303828032,10636.763524999998,10982.354382142856,10636.763524999998
ETH,2020-08-11 16:00:00,2020-08-11 20:00:00,380.7202649999999,2019-2020,376.24,377.4,7.708571428571438,0.011767865837138767,0.008721009374165964,0.07086567876811085,0.07086567876811085,353.74026499999985,366.0739792857142,353.74026499999985
BTC,2020-08-11 20:00:00,2020-08-12 00:00:00,11397.786044999999,2019-2020,11125.0,11285.0,226.43642857142862,0.02393324843289765,0.00989543447777528,0.06953345999573904,0.06953345999573904,10605.258544999999,10967.556830714284,10605.258544999999
ETH,2020-08-11 20:00:00,2020-08-12 00:00:00,379.179495,2019-2020,367.0,376.24,8.208571428571437,0.03212065831777105,0.007752252004027712,0.07576886508591407,0.07576886508591407,350.44949499999996,363.58320928571425,350.44949499999996
ETH,2020-08-12 04:00:00,2020-08-12 08:00:00,379.28955,2019-2020,365.85,367.0,8.840000000000003,0.03543348346929146,0.03240149906581929,0.08157356299428764,0.08157356299428764,348.34955,362.49355,348.34955
BTC,2020-08-19 04:00:00,2020-08-19 08:00:00,11829.25167,2019-2020,11612.71,11686.0,217.0400000000001,0.018305610197572247,0.012109952006795004,0.06421707992962165,0.06421707992962165,11069.611669999998,11416.87567,11069.611669999998
ETH,2020-08-19 04:00:00,2020-08-19 08:00:00,413.576685,2019-2020,402.0,412.47,10.184285714285718,0.027991628686708965,0.0026758882696687083,0.08618716018771709,0.08618716018771709,377.93168499999996,394.2265421428571,377.93168499999996
BTC,2020-08-19 20:00:00,2020-08-20 00:00:00,11760.257189999998,2019-2020,11561.0,11612.71,195.20285714285728,0.016943268057898527,0.01254625537657985,0.0580948179076346,0.0580948179076346,11077.047189999997,11389.371761428569,11077.047189999997
ETH,2020-08-19 20:00:00,2020-08-20 00:00:00,407.66372999999993,2019-2020,393.25,395.0,10.53571428571429,0.03535691046147258,0.031064156725446074,0.09045445372341566,0.09045445372341566,370.78872999999993,387.6458728571428,370.78872999999993
ETH,2020-08-22 00:00:00,2020-08-22 04:00:00,385.58269499999994,2019-2020,379.92,385.1,9.04928571428571,0.014686071427557009,0.0012518585669409298,0.08214191251503129,0.08214191251503129,353.91019499999993,368.3890521428571,353.91019499999993
BTC,2020-08-25 12:00:00,2020-08-25 16:00:00,11425.12971,2019-2020,11328.03,11411.87,119.55928571428532,0.008498784036999664,0.0011605741323350324,0.03662606120206566,0.03662606120206566,11006.67221,11197.967067142858,11006.67221
ETH,2020-08-25 12:00:00,2020-08-25 16:00:00,385.75278,2019-2020,380.4,381.58,8.674285714285721,0.013876192933722982,0.010817238958070475,0.07870325652610988,0.07870325652610988,355.39277999999996,369.2716371428571,355.39277999999996
ETH,2020-10-06 08:00:00,2020-10-06 12:00:00,346.29305999999997,2019-2020,343.6,343.7,4.644285714285709,0.007776823480089223,0.007488050727900756,0.04694001086825125,0.04694001086825125,330.03806,337.4689171428571,330.03806
ETH,2020-10-06 12:00:00,2020-10-06 16:00:00,351.525675,2019-2020,341.0,343.6,5.202857142857137,0.02994283418984966,0.022546503893349914,0.05180275949971501,0.05180275949971501,333.315675,341.6402464285714,333.315675
ETH,2020-10-06 20:00:00,2020-10-07 00:00:00,340.9704,2019-2020,336.8,339.5,5.812142857142858,0.012230973715020344,0.004312397791714424,0.05966060397031532,0.05966060397031532,320.62789999999995,329.9273285714286,320.62789999999995
ETH,2020-10-07 00:00:00,2020-10-07 04:00:00,337.018425,2019-2020,332.18,336.8,5.860000000000001,0.01435655928900615,0.0006481099660944885,0.06085720684262294,0.06085720684262294,316.508425,325.88442499999996,316.508425
BTC,2020-10-16 04:00:00,2020-10-16 08:00:00,11311.522935,2019-2020,11200.0,11250.83,135.31428571428555,0.009859232540202675,0.00536558475359719,0.041868809595442806,0.041868809595442806,10837.922935,11054.425792142858,10837.922935
ETH,2020-10-16 08:00:00,2020-10-16 12:00:00,370.12496999999996,2019-2020,361.18,365.0,6.747857142857129,0.024167431881183147,0.013846593489760937,0.06380952898152198,0.06380952898152198,346.50747,357.3040414285714,346.50747
ETH,2020-10-26 08:00:00,2020-10-26 12:00:00,405.312555,2019-2020,400.0,401.3,5.93500000000001,0.013107304312347233,0.009899903051362334,0.05125057130292951,0.05125057130292951,384.54005499999994,394.036055,384.54005499999994
ETH,2020-10-26 16:00:00,2020-10-26 20:00:00,391.69575,2019-2020,382.3,391.5,7.260714285714292,0.02398736774652256,0.0004997501249374686,0.06487816117484048,0.06487816117484048,366.28324999999995,377.90039285714283,366.28324999999995
ETH,2020-10-28 12:00:00,2020-10-28 16:00:00,387.73377,2019-2020,380.52,382.3,8.98071428571429,0.01860495669489921,0.014014177821034215,0.08106722300716808,0.08106722300716808,356.30127,370.6704128571428,356.30127
ETH,2020-10-30 08:00:00,2020-10-30 12:00:00,379.62971999999996,2019-2020,373.29,375.06,8.937857142857151,0.016699746268548057,0.01203730835404552,0.08240266331097584,0.08240266331097584,348.34721999999994,362.6477914285714,348.34721999999994
ETH,2020-11-03 04:00:00,2020-11-03 08:00:00,375.70775999999995,2019-2020,370.23,371.4,7.057142857142845,0.014579842588292383,0.01146572005859015,0.06574258673816044,0.06574258673816044,351.00775999999996,362.29918857142854,351.00775999999996
ETH,2020-11-15 20:00:00,2020-11-16 00:00:00,448.29403499999995,2019-2020,440.19,442.75,8.44571428571429,0.01807749906821748,0.012366961340451366,0.06593886532529931,0.06593886532529931,418.7340349999999,432.2471778571428,418.7340349999999
ETH,2020-11-26 08:00:00,2020-11-26 12:00:00,512.9463450000001,2019-2020,482.0,505.0,26.064285714285695,0.060330569272308704,0.015491571540489413,0.1778451116558788,0.1778451116558788,421.7213450000001,463.42420214285727,421.7213450000001
BTC,2020-11-26 16:00:00,2020-11-26 20:00:00,16525.11843,2019-2020,16188.0,16334.0,644.4571428571427,0.02040036393252031,0.011565328914862042,0.13649523962897248,0.13649523962897248,14269.51843,15300.649858571427,14269.51843
ETH,2020-11-26 16:00:00,2020-11-26 20:00:00,500.41008,2019-2020,481.0,482.0,25.42285714285713,0.0387883473490382,0.036789986324815824,0.17781416393530672,0.17781416393530672,411.43008000000003,452.10665142857147,411.43008000000003
ETH,2020-12-05 00:00:00,2020-12-05 04:00:00,576.288,2019-2020,560.88,565.82,15.442857142857147,0.026736631684157946,0.0181645288466877,0.09378991060025545,0.09378991060025545,522.238,546.9465714285715,522.238
BTC,2020-12-08 12:00:00,2020-12-08 16:00:00,18819.314954999998,2019-2020,18610.0,18700.0,272.4021428571429,0.011122347200230384,0.006340026472020858,0.050661116107560265,0.050661116107560265,17865.907454999997,18301.750883571425,17865.907454999997
ETH,2020-12-08 12:00:00,2020-12-08 16:00:00,574.417065,2019-2020,568.21,570.73,10.896428571428569,0.010805850623535956,0.006418794330213643,0.06639339658197653,0.06639339658197653,536.279565,553.7138507142857,536.279565
BTC,2020-12-09 00:00:00,2020-12-09 04:00:00,18309.149999999998,2019-2020,18032.0,18200.0,300.82357142857137,0.015137240123107727,0.005961500124254694,0.057505809936561764,0.057505809936561764,17256.267499999998,17737.58521428571,17256.267499999998
ETH,2020-12-09 00:00:00,2020-12-09 04:00:00,552.3860549999999,2019-2020,542.0,549.22,11.64499999999999,0.018802167263255665,0.00573159834746356,0.0737844477265089,0.0737844477265089,511.62855499999995,530.260555,511.62855499999995
BTC,2020-12-09 08:00:00,2020-12-09 12:00:00,18254.062469999997,2019-2020,17650.0,17830.0,341.53071428571405,0.03309194712096311,0.023231128451375194,0.06548446418239957,0.06548446418239957,17058.70497,17605.15411285714,17058.70497
ETH,2020-12-09 08:00:00,2020-12-09 12:00:00,562.170945,2019-2020,530.43,537.0,13.448571428571427,0.05646137581870229,0.044774539175090174,0.08372898033711079,0.08372898033711079,515.1009449999999,536.6186592857142,515.1009449999999
ETH,2020-12-20 20:00:00,2020-12-21 00:00:00,638.41905,2019-2020,621.01,625.76,14.820714285714287,0.027269001449753073,0.019828747278139616,0.08125149147726717,0.08125149147726717,586.5465499999999,610.2596928571428,586.5465499999999
BTC,2020-12-21 12:00:00,2020-12-21 16:00:00,22704.996825000002,2019-2020,21815.0,22350.0,702.5092857142861,0.039198280090488494,0.015635184965501616,0.10829257184888423,0.10829257184888423,20246.214325,21370.22918214286,20246.214325
ETH,2020-12-21 12:00:00,2020-12-21 16:00:00,610.14492,2019-2020,595.9,603.0,17.451428571428576,0.023346781285993465,0.011710201569817147,0.1001073646569081,0.1001073646569081,549.0649199999999,576.9872057142857,549.0649199999999
ETH,2020-12-22 08:00:00,2020-12-22 12:00:00,611.88579,2019-2020,588.0,591.46,18.464999999999993,0.03903635349989095,0.033381703471165765,0.10562020078943157,0.10562020078943157,547.2582900000001,576.8022900000001,547.2582900000001
BTC,2021-01-04 08:00:00,2021-01-04 12:00:00,30758.361495,2021,28130.0,28624.57,1746.9292857142862,0.08545193460409979,0.069372729602221,0.19878342677629035,0.19878342677629035,24644.108995,27439.195852142857,24644.108995
BTC,2021-01-10 20:00:00,2021-01-11 00:00:00,38169.09501,2021,35111.11,36500.0,1785.1292857142855,0.08011678058384222,0.043728964743929816,0.16369139740837674,0.16369139740837674,31921.14251,34777.34936714286,31921.14251
BTC,2021-01-11 00:00:00,2021-01-11 04:00:00,35455.949115,2021,33600.0,35111.11,1989.7535714285711,0.05234521036174504,0.009725846398344326,0.19641661480876135,0.19641661480876135,28491.811615000002,31675.417329285716,28491.811615000002
ETH,2021-01-11 00:00:00,2021-01-11 04:00:00,1105.57251,2021,1010.91,1065.0,81.99285714285718,0.08562306781669164,0.036698189972180086,0.25957139618097064,0.25957139618097064,818.5975099999998,949.7860814285714,818.5975099999998
BTC,2021-01-11 04:00:00,2021-01-11 08:00:00,34389.436125,2021,32538.0,33600.0,2073.766428571428,0.05383735046629818,0.022955774038589304,0.2110584911487844,0.2110584911487844,27131.253625,30449.279910714286,27131.253625
BTC,2021-01-11 16:00:00,2021-01-11 20:00:00,32270.757315,2021,30420.0,31115.0,2381.4421428571427,0.057350910514261014,0.035814384636792616,0.25828484341536434,0.25828484341536434,23935.709815,27746.01724357143,23935.709815
ETH,2021-01-11 16:00:00,2021-01-11 20:00:00,984.642075,2021,915.0,950.0,96.86357142857143,0.07072831515959743,0.03518240371761483,0.34431039319541573,0.34431039319541573,645.619575,800.6012892857143,645.619575
BTC,2021-01-17 08:00:00,2021-01-17 12:00:00,35287.634999999995,2021,33850.0,34408.0,1631.6200000000001,0.04074047467335215,0.024927570238130012,0.161832041166828,0.161832041166828,29576.964999999993,32187.556999999997,29576.964999999993
BTC,2021-01-20 16:00:00,2021-01-20 20:00:00,35214.71856,2021,33400.0,33850.0,1262.4099999999994,0.051532956508172106,0.038754208916216344,0.12547125692547342,0.12547125692547342,30796.283560000003,32816.13956,30796.283560000003
ETH,2021-01-21 12:00:00,2021-01-21 16:00:00,1189.1342699999998,2021,1185.75,1188.0,81.88071428571429,0.0028459948429539316,0.0009538620058437874,0.24100095946271913,0.24100095946271913,902.5517699999997,1033.5609128571427,902.5517699999997
ETH,2021-01-21 16:00:00,2021-01-21 20:00:00,1231.6355099999998,2021,1164.0,1185.75,82.21428571428574,0.054915199708718894,0.0372557543424514,0.23363243237441253,0.23363243237441253,943.8855099999997,1075.4283671428568,943.8855099999997
BTC,2021-01-22 00:00:00,2021-01-22 04:00:00,30958.8717,2021,28850.0,30071.0,1634.9535714285714,0.06811849347855915,0.028679071660095406,0.18483675876340155,0.18483675876340155,25236.534200000002,27852.45991428571,25236.534200000002
ETH,2021-01-22 00:00:00,2021-01-22 04:00:00,1161.230325,2021,1042.31,1086.0,89.37214285714289,0.10240890410780484,0.06478501584084966,0.2693716253061167,0.2693716253061167,848.4278249999999,991.4232535714285,848.4278249999999
BTC,2021-01-26 12:00:00,2021-01-26 16:00:00,31766.11512,2021,30837.37,30900.0,1175.4092857142857,0.02923697520114004,0.0272653774856684,0.12950694425362266,0.12950694425362266,27652.18262,29532.837477142853,27652.18262
ETH,2021-01-27 12:00:00,2021-01-27 16:00:00,1282.0407,2021,1207.0,1244.56,65.5664285714286,0.05853222912501921,0.029235187307236087,0.17899782744806783,0.17899782744806783,1052.5582,1157.4644857142857,1052.5582
ETH,2021-02-01 00:00:00,2021-02-01 04:00:00,1317.568455,2021,1269.99,1281.12,41.765,0.0361108030626007,0.02766342413685078,0.11094489963331734,0.11094489963331734,1171.390955,1238.2149550000001,1171.390955
BTC,2021-02-15 00:00:00,2021-02-15 04:00:00,47143.870155,2021,45570.79,46125.0,1225.357142857143,0.03336764991563082,0.021611932827112993,0.09097153003984215,0.09097153003984215,42855.120155,44815.691583571424,42855.120155
BTC,2021-02-22 12:00:00,2021-02-22 16:00:00,53263.308345,2021,47622.0,50918.0,2125.5314285714294,0.10591359268297433,0.04403234455150324,0.1396713841320816,0.1396713841320816,45823.948345,49224.79863071428,45823.948345
BTC,2021-02-26 04:00:00,2021-02-26 08:00:00,45009.48349499999,2021,44106.78,44892.56,2155.9199999999996,0.020055851009716068,0.002597752427285335,0.16764733594061873,0.16764733594061873,37463.76349499999,40913.23549499999,37463.76349499999
SOL,2021-02-27 20:00:00,2021-02-28 00:00:00,13.19189265,2021,13.01,13.1,1.1013,0.013788214839665178,0.006965842767072557,0.2921908252490214,0.2921908252490214,9.33734265,11.09942265,9.33734265
BTC,2021-02-28 04:00:00,2021-02-28 08:00:00,44423.030415,2021,43738.65,44106.78,1977.9892857142856,0.015405982181010998,0.007119064414237176,0.15584174324276565,0.15584174324276565,37500.067915,40664.850772142854,37500.067915
SOL,2021-02-28 04:00:00,2021-02-28 08:00:00,12.15897645,2021,11.97,12.028,1.0332714285714284,0.01554213471644648,0.010771996355005716,0.2974304634005603,0.2974304634005603,8.542526450000002,10.195760735714288,8.542526450000002
ETH,2021-02-28 12:00:00,2021-02-28 16:00:00,1318.9491449999998,2021,1293.18,1313.74,72.14714285714284,0.019537633499887335,0.003949466148673843,0.19145165752391458,0.19145165752391458,1066.434145,1181.8695735714284,1066.434145
BTC,2021-02-28 16:00:00,2021-02-28 20:00:00,44425.081439999994,2021,43000.0,43168.0,1805.739285714286,0.032078307879405764,0.02829666033809739,0.14226394854302832,0.14226394854302832,38104.99393999999,40994.17679714285,38104.99393999999
BTC,2021-03-05 00:00:00,2021-03-05 04:00:00,47313.454905,2021,46300.0,47047.6,1662.2221428571434,0.02142001481470546,0.005619012721303197,0.1229624323922536,0.1229624323922536,41495.677404999995,44155.23283357143,41495.677404999995
ETH,2021-03-05 00:00:00,2021-03-05 04:00:00,1482.270765,2021,1445.45,1455.52,59.06000000000001,0.02484078204159949,0.01804715145953783,0.1394549530901664,0.1394549530901664,1275.560765,1370.056765,1275.560765
SOL,2021-03-05 04:00:00,2021-03-05 08:00:00,12.496645199999998,2021,12.2508,12.35,0.5137714285714283,0.019672895890490517,0.011734765423283226,0.14389461901342926,0.14389461901342926,10.698445199999998,11.520479485714285,10.698445199999998
ETH,2021-03-05 08:00:00,2021-03-05 12:00:00,1480.98012,2021,1441.66,1445.45,57.35285714285716,0.0265500660468014,0.023990949993305716,0.13554199498640135,0.13554199498640135,1280.2451199999998,1372.0096914285714,1280.2451199999998
SOL,2021-03-05 08:00:00,2021-03-05 12:00:00,12.53336355,2021,12.1251,12.2508,0.5106571428571426,0.03257414088175882,0.022544909742125908,0.14260337960116054,0.14260337960116054,10.746063550000002,11.56311497857143,10.746063550000002
SOL,2021-03-06 12:00:00,2021-03-06 16:00:00,12.278536199999998,2021,11.9,12.0025,0.5166571428571428,0.030829098341543147,0.022481197718014493,0.14727325558562918,0.14727325558562918,10.470236199999997,11.296887628571426,10.470236199999997
ETH,2021-03-12 12:00:00,2021-03-12 16:00:00,1776.4477799999997,2021,1719.72,1725.0,50.90928571428575,0.03193326628492267,0.0289610426938639,0.10030269507837722,0.10030269507837722,1598.2652799999996,1679.7201371428569,1598.2652799999996
SOL,2021-03-15 04:00:00,2021-03-15 08:00:00,13.9373652,2021,13.7233,13.8439,0.54115,0.01535908666582119,0.006706088177986517,0.13589548475058974,0.13589548475058974,12.0433402,12.9091802,12.0433402
BTC,2021-03-15 08:00:00,2021-03-15 12:00:00,56178.8754,2021,54600.0,54962.84,1776.0049999999999,0.028104432293423895,0.021645776839455934,0.11064688382850754,0.11064688382850754,49962.857899999995,52804.465899999996,49962.857899999995
SOL,2021-03-15 08:00:00,2021-03-15 12:00:00,14.253623249999999,2021,13.6179,13.7233,0.5394214285714286,0.04460081755002176,0.03720620649910882,0.13245579505547828,0.13245579505547828,12.365648249999998,13.228722535714283,12.365648249999998
ETH,2021-03-16 00:00:00,2021-03-16 04:00:00,1749.4642949999998,2021,1711.68,1723.22,56.7892857142857,0.02159763712125357,0.015001332164941235,0.11361335042279326,0.11361335042279326,1550.7017949999997,1641.5646521428569,1550.7017949999997
SOL,2021-03-16 04:00:00,2021-03-16 08:00:00,13.56227775,2021,13.1389,13.4717,0.5250928571428571,0.03121730418771288,0.006678653222538491,0.13551005471776303,0.13551005471776303,11.72445275,12.564601321428572,11.72445275
SOL,2021-03-17 08:00:00,2021-03-17 12:00:00,13.304248799999998,2021,13.0326,13.1389,0.48082142857142846,0.02041819903428127,0.012428270283099226,0.12649154606910237,0.12649154606910237,11.621373799999999,12.390688085714284,11.621373799999999
SOL,2021-03-21 04:00:00,2021-03-21 08:00:00,13.9527729,2021,13.8012,13.8554,0.3154142857142859,0.010863281520191566,0.00697874900551129,0.07912047360851122,0.07912047360851122,12.848822899999998,13.353485757142856,12.848822899999998
SOL,2021-03-21 12:00:00,2021-03-21 16:00:00,13.9311621,2021,13.638,13.6755,0.3285142857142858,0.021043621335796528,0.018351814311312935,0.08253439244670051,0.08253439244670051,12.7813621,13.306984957142857,12.7813621
SOL,2021-03-26 00:00:00,2021-03-26 04:00:00,12.6953445,2021,12.3043,12.47,0.553807142857143,0.030802196821047245,0.01775016818172981,0.15267998438325173,0.15267998438325173,10.757019499999998,11.643110928571428,10.757019499999998
BTC,2021-04-04 00:00:00,2021-04-04 04:00:00,57521.166209999996,2021,56388.0,56880.0,930.2635714285716,0.019699986712073927,0.011146613538035841,0.056603902780989895,0.056603902780989895,54265.243709999995,55753.66542428571,54265.243709999995
ETH,2021-04-07 08:00:00,2021-04-07 12:00:00,1978.86894,2021,1957.59,1975.24,54.09499999999996,0.010753082010575267,0.001833845550175777,0.09567712958292218,0.09567712958292218,1789.5364400000003,1876.0884400000002,1789.5364400000003
BTC,2021-04-07 12:00:00,2021-04-07 16:00:00,56479.68573,2021,55612.0,55700.0,1073.912857142858,0.015362793166873336,0.01380471084289083,0.06654950273569808,0.06654950273569808,52720.99073,54439.251301428565,52720.99073
ETH,2021-04-07 12:00:00,2021-04-07 16:00:00,1977.898455,2021,1930.01,1957.59,57.40642857142854,0.02421178644380913,0.010267693444353337,0.101583829792718,0.101583829792718,1776.975955,1868.8262407142859,1776.975955
BTC,2021-04-07 16:00:00,2021-04-07 20:00:00,56181.916919999996,2021,55473.0,55612.0,1101.622142857144,0.012618240153846215,0.010144134469664444,0.0686284433030343,0.0686284433030343,52326.23941999999,54088.83484857142,52326.23941999999
SOL,2021-04-11 04:00:00,2021-04-11 08:00:00,26.34826755,2021,25.5131,25.6431,1.0573,0.03169724720667632,0.026763336475987727,0.14044756426499852,0.14044756426499852,22.64771755,24.339397549999997,22.64771755
SOL,2021-04-14 08:00:00,2021-04-14 12:00:00,26.012999999999998,2021,25.4909,25.5131,1.1869214285714278,0.020070733863837245,0.019217314419713093,0.15969803559758575,0.15969803559758575,21.858775,23.757849285714286,21.858775
SOL,2021-04-14 12:00:00,2021-04-14 16:00:00,25.77157935,2021,24.7,25.4909,1.2130428571428564,0.041579886721222634,0.01089104187943374,0.16474155279117567,0.16474155279117567,21.525929350000002,23.466797921428572,21.525929350000002
BTC,2021-04-17 16:00:00,2021-04-17 20:00:00,60735.372509999994,2021,59580.91,60000.0,1157.2649999999994,0.019008074904124605,0.012107812624001207,0.06668976137971494,0.06668976137971494,56684.945009999996,58536.56901,56684.945009999996
BTC,2021-05-04 16:00:00,2021-05-04 20:00:00,54566.999865,2021,53201.01,53526.0,1370.6985714285713,0.0250332594494747,0.01907746197473666,0.08791843077077699,0.08791843077077699,49769.554865,51962.67257928571,49769.554865
SOL,2021-05-04 16:00:00,2021-05-04 20:00:00,44.5732755,2021,42.26,42.324,2.0781428571428577,0.05189826132477078,0.05046242338640792,0.16318073819816095,0.16318073819816095,37.2997755,40.62480407142857,37.2997755
BTC,2021-05-10 16:00:00,2021-05-10 20:00:00,55761.626879999996,2021,55516.85,55570.35,1457.5185714285722,0.004389701192304912,0.003430260031896645,0.09148432865809533,0.09148432865809533,50660.311879999994,52992.34159428571,50660.311879999994
BTC,2021-05-10 20:00:00,2021-05-11 00:00:00,55844.04807,2021,53400.0,55516.85,1522.104285714286,0.04376559641479438,0.00585913953784043,0.095397185270706,0.095397185270706,50516.68307,52952.049927142856,50516.68307
SOL,2021-05-10 20:00:00,2021-05-11 00:00:00,42.889434,2021,39.0,42.0,1.984071428571428,0.09068513238015688,0.020737834870938176,0.16191050690946396,0.16191050690946396,35.945184000000005,39.119698285714286,35.945184000000005
ETH,2021-07-08 08:00:00,2021-07-08 12:00:00,2169.674295,2021,2124.21,2157.32,69.66999999999992,0.020954433162973785,0.0056940781519465985,0.11238783653469966,0.11238783653469966,1925.8292950000002,2037.301295,1925.8292950000002
BTC,2021-08-03 04:00:00,2021-08-03 08:00:00,38612.726715,2021,37955.52,38512.0,1002.9871428571429,0.01702046892079997,0.0026086402999575646,0.09091445486123319,0.09091445486123319,35102.271714999995,36707.05114357143,35102.271714999995
BTC,2021-08-03 12:00:00,2021-08-03 16:00:00,38188.534725,2021,37703.75,37955.52,942.4864285714284,0.012694509713215967,0.0061016932615500065,0.08637939433273188,0.08637939433273188,34889.832225,36397.810510714284,34889.832225
BTC,2021-08-03 16:00:00,2021-08-03 20:00:00,38027.8044,2021,37642.03,37703.75,962.8585714285712,0.010144535191729398,0.008521512222777734,0.08861949968376294,0.08861949968376294,34657.7994,36198.373114285714,34657.7994
BTC,2021-08-05 12:00:00,2021-08-05 16:00:00,38769.375,2021,37332.7,37508.56,870.611428571429,0.03705695539327118,0.03252090083990269,0.07859657268140127,0.07859657268140127,35722.235,37115.213285714286,35722.235
BTC,2021-08-17 00:00:00,2021-08-17 04:00:00,46440.2085,2021,45239.45,45500.0,941.4671428571429,0.025856010099524068,0.020245570172235567,0.0709543541347365,0.0709543541347365,43145.0735,44651.42092857143,43145.0735
ETH,2021-08-17 16:00:00,2021-08-17 20:00:00,3118.47846,2021,3102.08,3111.13,89.23071428571431,0.005258481086317937,0.0023564248059612073,0.10014739688149077,0.10014739688149077,2806.17096,2948.9401028571424,2806.17096
BTC,2021-08-18 00:00:00,2021-08-18 04:00:00,45078.30789,2021,44203.28,44376.0,1047.5507142857148,0.01941128518255918,0.015579730537219073,0.0813346301495347,0.0813346301495347,41411.88039,43087.96153285714,41411.88039
ETH,2021-08-18 00:00:00,2021-08-18 04:00:00,3051.394935,2021,2950.0,2991.89,93.88214285714291,0.03322904348990794,0.019500895907464674,0.10768435649907121,0.10768435649907121,2722.8074349999993,2873.0188635714285,2722.8074349999993
BTC,2021-08-19 04:00:00,2021-08-19 08:00:00,44682.340005,2021,43927.7,44044.65,1054.1514285714281,0.016888999208984044,0.01427163404890251,0.0825724436004725,0.0825724436004725,40992.810005,42679.45229071429,40992.810005
BTC,2021-08-24 16:00:00,2021-08-24 20:00:00,48267.321599999996,2021,47749.1,48050.0,873.0457142857148,0.01073648967503507,0.004502458242886957,0.06330701391145768,0.06330701391145768,45211.66159999999,46608.53474285714,45211.66159999999
SOL,2021-08-24 16:00:00,2021-08-24 20:00:00,71.6428035,2021,68.5,71.244,3.5452142857142865,0.04386767890790314,0.0055665535199219225,0.17319604194439436,0.17319604194439436,59.2345535,64.90689635714286,59.2345535
ETH,2021-08-25 08:00:00,2021-08-25 12:00:00,3141.259845,2021,3080.0,3126.42,66.87000000000002,0.019501680224737996,0.004724169833839381,0.07450673027655885,0.07450673027655885,2907.214845,3014.206845,2907.214845
ETH,2021-08-26 04:00:00,2021-08-26 08:00:00,3106.71258,2021,3061.01,3080.0,76.70928571428567,0.01471091348913895,0.00859834288243037,0.08642012837891809,0.08642012837891809,2838.23008,2960.9649371428573,2838.23008
BTC,2021-08-26 12:00:00,2021-08-26 16:00:00,46823.399999999994,2021,46250.0,46560.01,965.8778571428567,0.012246013745263998,0.005625178863559506,0.07219835595022998,0.07219835595022998,43442.8275,44988.23207142857,43442.8275
ETH,2021-08-26 12:00:00,2021-08-26 16:00:00,3106.31238,2021,3053.3,3061.01,78.89928571428565,0.01706601703721751,0.014583974326496949,0.08889881834743221,0.08889881834743221,2830.1648800000003,2956.403737142857,2830.1648800000003
BTC,2021-08-31 00:00:00,2021-08-31 04:00:00,47174.255339999996,2021,46700.0,46853.0,805.4149999999998,0.010053266057553759,0.006809971618727328,0.05975616318016902,0.05975616318016902,44355.30284,45643.966839999994,44355.30284
BTC,2021-09-01 00:00:00,2021-09-01 04:00:00,47067.171825,2021,46512.0,46700.0,858.3328571428574,0.01179530877835993,0.007801017370773321,0.06382718322591717,0.06382718322591717,44063.006825,45436.339396428564,44063.006825
SOL,2021-09-07 12:00:00,2021-09-07 16:00:00,169.14453,2021,128.01,134.74,12.797857142857143,0.2431916066100394,0.2034031487746012,0.2648179045458934,0.2648179045458934,124.35203,144.82860142857143,124.35203
ETH,2021-09-19 20:00:00,2021-09-20 00:00:00,3330.234285,2021,3277.74,3302.0,77.78285714285714,0.015762940534377514,0.008478167775514328,0.08174800230308722,0.08174800230308722,3057.994285,3182.4468564285717,3057.994285
SOL,2021-10-10 16:00:00,2021-10-10 20:00:00,153.54673499999998,2021,152.0,152.38,4.078571428571424,0.010073382543757666,0.007598566000117089,0.09296843726439372,0.09296843726439372,139.271735,145.7974492857143,139.271735
ETH,2021-10-11 00:00:00,2021-10-11 04:00:00,3519.909075,2021,3371.0,3405.0,75.7257142857143,0.042304807262670566,0.032645466843486584,0.07529739955001538,0.07529739955001538,3254.869075,3376.030217857143,3254.869075
SOL,2021-10-11 00:00:00,2021-10-11 04:00:00,151.505715,2021,145.34,145.55,4.13571428571428,0.04069625360337071,0.039310167276528134,0.09554095038593084,0.09554095038593084,137.03071500000004,143.64785785714287,137.03071500000004
SOL,2021-10-11 20:00:00,2021-10-12 00:00:00,144.862395,2021,140.24,141.32,4.462142857142855,0.03190886772236496,0.024453516732206446,0.10780920748963177,0.10780920748963177,129.244895,136.38432357142858,129.244895
SOL,2021-10-12 08:00:00,2021-10-12 12:00:00,142.58125499999997,2021,140.17,140.24,4.739999999999997,0.01691144463555173,0.01642049650916568,0.11635470595345786,0.11635470595345786,125.99125499999998,133.57525499999997,125.99125499999998
SOL,2021-10-12 12:00:00,2021-10-12 16:00:00,143.601765,2021,137.61,140.17,5.117857142857139,0.04172487016437428,0.023897791228401775,0.1247373247814885,0.1247373247814885,125.68926500000002,133.87783642857144,125.68926500000002
BTC,2021-10-12 20:00:00,2021-10-13 00:00:00,56024.908455,2021,53879.0,54080.0,1316.879285714285,0.03830275700894043,0.034715067077033694,0.08226836289615849,0.08226836289615849,51415.830955,53522.837812142854,51415.830955
ETH,2021-10-17 20:00:00,2021-10-18 00:00:00,3848.9235,2021,3640.0,3720.04,86.49857142857142,0.05428102169346829,0.033485596686969724,0.07865705826577224,0.07865705826577224,3546.1785,3684.5762142857143,3546.1785
SOL,2021-10-19 20:00:00,2021-10-20 00:00:00,155.847885,2021,153.06,153.13,3.4721428571428583,0.01788850070053879,0.01743934478161186,0.07797667578228606,0.07797667578228606,143.695385,149.25081357142858,143.695385
BTC,2021-10-22 16:00:00,2021-10-22 20:00:00,61063.226355,2021,60000.0,60478.1,1760.2664285714277,0.017411892860340804,0.009582303293282976,0.10089431672317009,0.10089431672317009,54902.293855,57718.720140714286,54902.293855
BTC,2021-10-23 08:00:00,2021-10-23 12:00:00,61583.01611999999,2021,59562.15,60000.0,1615.1992857142857,0.03281531576923991,0.025705400932545183,0.0917979965285273,0.0917979965285273,55929.81862,58514.13747714285,55929.81862
BTC,2021-10-24 16:00:00,2021-10-24 20:00:00,60673.411544999995,2021,59510.63,59562.15,1210.725714285715,0.019164598056886768,0.018315461694053552,0.06984179547670766,0.06984179547670766,56435.871544999995,58373.032687857136,56435.871544999995
ETH,2021-10-27 08:00:00,2021-10-27 12:00:00,3994.086045,2021,3931.59,3961.5,97.625,0.015647145378411564,0.008158573609297396,0.08554835728382512,0.08554835728382512,3652.398545,3808.5985450000003,3652.398545
SOL,2021-10-27 08:00:00,2021-10-27 12:00:00,190.07498999999999,2021,176.94,185.22,8.693571428571422,0.0691042519586611,0.025542497726818172,0.16008155517987915,0.16008155517987915,159.64749000000003,173.55720428571428,159.64749000000003
ETH,2021-10-28 00:00:00,2021-10-28 04:00:00,3997.647825,2021,3890.17,3909.0,105.33214285714283,0.026885265962616388,0.022174996117873394,0.09221985430895227,0.09221985430895227,3628.985325,3797.5167535714286,3628.985325
BTC,2021-10-28 16:00:00,2021-10-28 20:00:00,61319.514435,2021,57820.0,58000.0,1478.004285714284,0.057070158941156614,0.05413471495307997,0.08436164323322391,0.08436164323322391,56146.499435000005,58511.30629214286,56146.499435000005
BTC,2021-11-01 04:00:00,2021-11-01 08:00:00,62207.378144999995,2021,59405.0,59700.0,1114.1085714285707,0.045048967318119325,0.0403067645634496,0.0626835612796746,0.0626835612796746,58307.998145,60090.57185928571,58307.998145
ETH,2021-11-01 04:00:00,2021-11-01 08:00:00,4305.091469999999,2021,4146.3,4164.35,98.35857142857147,0.03688457518418284,0.03269186519746561,0.07996461919541982,0.07996461919541982,3960.8364699999993,4118.210184285714,3960.8364699999993
BTC,2021-11-06 12:00:00,2021-11-06 16:00:00,60678.90429,2021,60050.0,60081.21,942.3614285714274,0.01036446352086887,0.00985011672497357,0.05435604084471836,0.05435604084471836,57380.63929000001,58888.41757571429,57380.63929000001
ETH,2021-11-06 12:00:00,2021-11-06 16:00:00,4400.769284999999,2021,4326.17,4338.97,79.24142857142844,0.016951419210789038,0.014042836830969919,0.0630219359477282,0.0630219359477282,4123.424285,4250.2105707142855,4123.424285
SOL,2021-11-10 04:00:00,2021-11-10 08:00:00,240.990435,2021,235.38,235.89,6.33642857142857,0.023280737262456063,0.021164470697768584,0.09202647399677914,0.09202647399677914,218.812935,228.9512207142857,218.812935
ETH,2021-11-10 20:00:00,2021-11-11 00:00:00,4630.99434,2021,4461.93,4574.04,96.81142857142855,0.03650713595991998,0.012298512116082662,0.0731678717620717,0.0731678717620717,4292.15434,4447.052625714286,4292.15434
BTC,2021-11-12 16:00:00,2021-11-12 20:00:00,63876.92249999999,2021,62278.0,62822.9,1562.9514285714286,0.025031301406231547,0.01650083408448477,0.0856385966308881,0.0856385966308881,58406.59249999999,60907.31478571428,58406.59249999999
BTC,2021-11-16 04:00:00,2021-11-16 08:00:00,60834.472035,2021,60293.06,60422.2,1153.255000000001,0.00889975727394346,0.006776947694438913,0.06635041556171868,0.06635041556171868,56798.07953499999,58643.287534999996,56798.07953499999
BTC,2021-11-16 08:00:00,2021-11-16 12:00:00,60607.04838,2021,58574.07,60293.06,1292.9935714285727,0.03354359656740638,0.005180723833164213,0.07466916177184084,0.07466916177184084,56081.57088,58150.36059428572,56081.57088
ETH,2021-11-16 08:00:00,2021-11-16 12:00:00,4294.586219999999,2021,4103.0,4252.78,109.60428571428565,0.044611101089967,0.009734632828025861,0.08932525285288133,0.08932525285288133,3910.9712199999994,4086.3380771428565,3910.9712199999994
SOL,2021-11-16 08:00:00,2021-11-16 12:00:00,225.042465,2021,213.81,224.13,6.6321428571428545,0.04991264648651974,0.0040546347552671775,0.10314719935190896,0.10314719935190896,201.829965,212.4413935714286,201.829965
BTC,2022-03-31 12:00:00,2022-03-31 16:00:00,46477.03690499999,2022,46230.0,46445.42,648.1671428571426,0.0053152464410530734,0.0006802693782871939,0.04881087846966305,0.04881087846966305,44208.451904999994,45245.51933357142,44208.451904999994
BTC,2022-03-31 20:00:00,2022-04-01 00:00:00,45533.105175,2022,45200.0,45500.0,666.9257142857142,0.007315670076085404,0.000727057266855883,0.05126467854605306,0.05126467854605306,43198.86517499999,44265.94631785714,43198.86517499999
ETH,2022-04-05 20:00:00,2022-04-06 00:00:00,3408.7034999999996,2022,3400.0,3405.97,61.27214285714285,0.002553316825590616,0.0008019177966050206,0.06291321612454706,0.06291321612454706,3194.2509999999997,3292.286428571428,3194.2509999999997
BTC,2022-04-06 00:00:00,2022-04-06 04:00:00,45238.48793999999,2022,44412.0,45118.0,771.0064285714288,0.018269574816385695,0.0026633945007135404,0.05965103218257567,0.05965103218257567,42539.96543999999,43773.575725714276,42539.96543999999
SOL,2022-04-06 08:00:00,2022-04-06 12:00:00,121.68081,2022,119.25,120.12,5.052857142857145,0.019976938023341512,0.012827084237851387,0.14533926919125548,0.14533926919125548,103.99580999999998,112.08038142857141,103.99580999999998
BTC,2022-04-06 16:00:00,2022-04-06 20:00:00,43776.43728,2022,43177.11,43705.64,822.4649999999996,0.013690636270069662,0.0016172462721708008,0.06575746403454234,0.06575746403454234,40897.80978,42213.75378,40897.80978
ETH,2022-04-06 16:00:00,2022-04-06 20:00:00,3226.9426649999996,2022,3171.26,3217.33,75.28,0.01725554829465784,0.002978876911653977,0.08165004072050969,0.08165004072050969,2963.4626649999996,3083.910665,2963.4626649999996
SOL,2022-04-06 16:00:00,2022-04-06 20:00:00,118.83939,2022,114.5,114.71,5.468571428571432,0.036514744816512394,0.03474765395547723,0.16105770990578136,0.16105770990578136,99.69938999999998,108.44910428571427,99.69938999999998
ETH,2022-04-07 00:00:00,2022-04-07 04:00:00,3187.15278,2022,3143.15,3162.39,73.485,0.013806297669859366,0.007769561646178764,0.0806982023622978,0.0806982023622978,2929.95528,3047.5312799999997,2929.95528
ETH,2022-04-11 00:00:00,2022-04-11 04:00:00,3176.8976549999998,2022,3151.84,3173.52,45.44428571428567,0.007887460573544858,0.0010631928902978076,0.050066139130944036,0.050066139130944036,3017.842655,3090.553512142857,3017.842655
ETH,2022-04-11 16:00:00,2022-04-11 20:00:00,3006.1022999999996,2022,2977.54,3002.36,53.93714285714282,0.009501439787993775,0.0012449010800462221,0.06279892736850635,0.06279892736850635,2817.3223,2903.6217285714283,2817.3223
ETH,2022-04-11 20:00:00,2022-04-12 00:00:00,2981.2398749999998,2022,2950.0,2977.54,56.433571428571405,0.010478819655529987,0.0012410524329243358,0.06625347448769112,0.06625347448769112,2783.722375,2874.0160892857143,2783.722375
BTC,2023-01-18 16:00:00,2023-01-18 20:00:00,20915.822685,2023-2024,20407.15,20573.13,390.91999999999956,0.024319994133665975,0.0163843751288714,0.0654155478656468,0.0654155478656468,19547.602684999998,20173.074685,19547.602684999998
ETH,2023-01-18 16:00:00,2023-01-18 20:00:00,1542.73098,2023-2024,1501.39,1518.76,35.53357142857141,0.02679727090202074,0.015538016874465082,0.08061515689533891,0.08061515689533891,1418.36348,1475.2171942857144,1418.36348
ETH,2023-01-25 00:00:00,2023-01-25 04:00:00,1547.403315,2023-2024,1518.0,1535.0,28.559285714285675,0.019001713848596752,0.008015567033989469,0.06459692766006506,0.06459692766006506,1447.445815,1493.1406721428573,1447.445815
BTC,2023-01-30 20:00:00,2023-01-31 00:00:00,22838.79369,2023-2024,22500.0,22627.9,339.8292857142852,0.014834132423917816,0.0092340117811186,0.05207816648042931,0.05207816648042931,21649.391190000002,22193.118047142856,21649.391190000002
BTC,2023-02-06 04:00:00,2023-02-06 08:00:00,22892.350455,2023-2024,22628.13,22743.0,199.8142857142866,0.011541866595104892,0.006524033226451835,0.030549506105750517,0.030549506105750517,22193.000454999998,22512.703312142858,22193.000454999998
ETH,2023-02-06 04:00:00,2023-02-06 08:00:00,1636.227705,2023-2024,1608.53,1609.3,21.827142857142867,0.01692778145447674,0.016457186807015994,0.04668971180878522,0.04668971180878522,1559.832705,1594.7561335714286,1559.832705
ETH,2023-02-06 20:00:00,2023-02-07 00:00:00,1615.0871399999999,2023-2024,1605.01,1608.53,24.08071428571431,0.006239378514276247,0.004059929546587741,0.05218449080091127,0.05218449080091127,1530.8046399999998,1569.3337828571428,1530.8046399999998
BTC,2023-02-09 04:00:00,2023-02-09 08:00:00,22687.748205,2023-2024,22353.71,22424.48,273.9850000000006,0.01472328597715944,0.011603981259893408,0.04226719599209348,0.04226719599209348,21728.800704999998,22167.176704999998,21728.800704999998
BTC,2023-02-10 04:00:00,2023-02-10 08:00:00,21921.565305,2023-2024,21622.4,21688.0,309.7500000000003,0.013647077698952603,0.010654590662224614,0.049454725742268384,0.049454725742268384,20837.440305,21333.040305,20837.440305
BTC,2023-02-10 12:00:00,2023-02-10 16:00:00,21663.576375,2023-2024,21520.0,21622.4,328.5535714285717,0.006627547202487269,0.0019007191743057289,0.05308160943024353,0.05308160943024353,20513.638875,21039.324589285712,20513.638875
BTC,2023-02-10 20:00:00,2023-02-11 00:00:00,21636.002594999998,2023-2024,21451.0,21520.0,337.90928571428566,0.008550682788453333,0.005361553941891553,0.054662708363388414,0.054662708363388414,20453.320095,20993.974952142857,20453.320095
ETH,2023-02-10 20:00:00,2023-02-11 00:00:00,1513.806525,2023-2024,1490.0,1506.0,32.56785714285719,0.015726266604644188,0.005156884232613521,0.07529859207074047,0.07529859207074047,1399.8190249999998,1451.9275964285714,1399.8190249999998
BTC,2023-02-13 08:00:00,2023-02-13 12:00:00,21613.6014,2023-2024,21433.0,21451.0,183.79500000000033,0.008355914253142447,0.007523105334958179,0.029762855717326276,0.029762855717326276,20970.3189,21264.3909,20970.3189
BTC,2023-02-13 16:00:00,2023-02-13 20:00:00,21618.613905,2023-2024,21351.07,21433.0,208.7900000000001,0.012375627141299772,0.008585837455428591,0.03380258342238063,0.03380258342238063,20887.848905,21221.912904999997,20887.848905
ETH,2023-02-21 20:00:00,2023-02-22 00:00:00,1660.5998849999999,2023-2024,1636.3,1650.56,28.589285714285698,0.014633196846210733,0.006045938633796734,0.060256839051870674,0.060256839051870674,1560.537385,1606.280242142857,1560.537385
ETH,2023-02-22 00:00:00,2023-02-22 04:00:00,1650.0846299999998,2023-2024,1621.59,1636.3,28.212857142857143,0.017268587005746436,0.008353892733368397,0.05984238517511675,0.05984238517511675,1551.33963,1596.4802014285713,1551.33963
BTC,2023-02-22 16:00:00,2023-02-22 20:00:00,23803.575839999998,2023-2024,23574.69,23627.08,413.1435714285713,0.009615607400270287,0.0074146775756022704,0.06074728056488507,0.06074728056488507,22357.57334,23018.60305428571,22357.57334
ETH,2023-02-22 16:00:00,2023-02-22 20:00:00,1616.9080499999998,2023-2024,1595.07,1604.5,29.323571428571444,0.013506055585535517,0.007673936684278229,0.06347454328030593,0.06347454328030593,1514.2755499999998,1561.193264285714,1514.2755499999998
ETH,2023-02-24 16:00:00,2023-02-24 20:00:00,1611.6354149999997,2023-2024,1575.64,1595.07,31.571428571428587,0.022334713338376003,0.010278636747381109,0.06856389414847903,0.06856389414847903,1501.1354149999995,1551.6497007142855,1501.1354149999995
BTC,2023-02-25 20:00:00,2023-02-26 00:00:00,23168.648534999997,2023-2024,22722.0,22841.19,307.0835714285721,0.019278143665793095,0.014133691678447224,0.04638995228298941,0.04638995228298941,22093.856034999997,22585.18974928571,22093.856034999997
ETH,2023-02-25 20:00:00,2023-02-26 00:00:00,1595.37729,2023-2024,1557.33,1575.64,23.433571428571423,0.023848459068888953,0.012371550055096875,0.05140946941773252,0.05140946941773252,1513.35979,1550.8535042857143,1513.35979
ETH,2023-03-21 04:00:00,2023-03-21 08:00:00,1731.2051699999997,2023-2024,1717.01,1722.0,37.08071428571429,0.008199588498225047,0.005317203390745261,0.0749665621666322,0.0749665621666322,1601.4226699999997,1660.7518128571426,1601.4226699999997
BTC,2023-03-22 20:00:00,2023-03-23 00:00:00,27264.595484999998,2023-2024,26601.8,26650.27,625.1800000000003,0.024309749446480695,0.022531986045345048,0.08025536271769855,0.08025536271769855,25076.465484999997,26076.753484999997,25076.465484999997
ETH,2023-04-03 00:00:00,2023-04-03 04:00:00,1779.2191649999997,2023-2024,1762.77,1763.0,18.005714285714312,0.0092451595191758,0.009115889328901058,0.03542003213527666,0.03542003213527666,1716.1991649999995,1745.0083078571427,1716.1991649999995
BTC,2023-04-03 20:00:00,2023-04-04 00:00:00,27813.899999999998,2023-2024,27200.24,27560.0,361.16428571428594,0.02206306918483191,0.009128529260549504,0.045447599941036705,0.045447599941036705,26549.824999999997,27127.687857142857,26549.824999999997
BTC,2023-04-17 00:00:00,2023-04-17 04:00:00,29997.7914,2023-2024,29740.64,29966.0,213.72999999999956,0.008572344429330182,0.0010597913551728428,0.024937002528792787,0.024937002528792787,29249.736399999998,29591.7044,29249.736399999998
BTC,2023-04-18 00:00:00,2023-04-18 04:00:00,29461.7235,2023-2024,29096.78,29240.65,269.67000000000036,0.01238703838897956,0.007503753132432955,0.032036313150518886,0.032036313150518886,28517.8785,28949.350499999997,28517.8785
BTC,2023-04-19 08:00:00,2023-04-19 12:00:00,29325.295319999997,2023-2024,29000.0,29096.78,404.0128571428569,0.011092652825840236,0.0077924303065466495,0.048219292749478754,0.048219292749478754,27911.25032,28557.670891428566,27911.25032
ETH,2023-04-20 16:00:00,2023-04-20 20:00:00,1928.66385,2023-2024,1914.43,1923.03,38.867142857142916,0.007380161141092497,0.0029211155692060796,0.07053328655483443,0.07053328655483443,1792.6288499999996,1854.8162785714283,1792.6288499999996
BTC,2023-04-21 04:00:00,2023-04-21 08:00:00,28169.09751,2023-2024,27815.89,28010.0,481.50285714285695,0.012538829469939955,0.005647944878018196,0.05982655281738202,0.05982655281738202,26483.83751,27254.242081428572,26483.83751
ETH,2023-04-21 04:00:00,2023-04-21 08:00:00,1929.40422,2023-2024,1898.0,1914.43,39.3657142857143,0.016276641086645855,0.007761059007116628,0.07141064509540672,0.07141064509540672,1791.62422,1854.6093628571427,1791.62422
ETH,2023-04-21 12:00:00,2023-04-21 16:00:00,1904.861955,2023-2024,1890.6,1898.0,40.82785714285717,0.007487133103039044,0.003602337157287642,0.07501724711594657,0.07501724711594657,1761.964455,1827.2890264285713,1761.964455
BTC,2023-04-21 20:00:00,2023-04-22 00:00:00,27276.471419999998,2023-2024,27125.0,27184.54,463.1621428571429,0.005553189694798069,0.0033703560326571436,0.059430982660439745,0.059430982660439745,25655.403919999997,26396.463348571426,25655.403919999997
ETH,2023-04-21 20:00:00,2023-04-22 00:00:00,1849.6943849999998,2023-2024,1825.0,1836.61,37.42000000000001,0.013350521686316189,0.007073809114687822,0.070806291602599,0.070806291602599,1718.7243849999998,1778.5963849999998,1718.7243849999998
BTC,2023-04-24 16:00:00,2023-04-24 20:00:00,27396.971639999996,2023-2024,26942.82,27125.0,392.1021428571429,0.016576709497955172,0.009927069443066231,0.05009157647177096,0.05009157647177096,26024.614139999994,26651.977568571423,26024.614139999994
ETH,2023-04-24 16:00:00,2023-04-24 20:00:00,1832.2356599999998,2023-2024,1806.0,1825.0,29.34142857142857,0.0143189331878847,0.003949088077458238,0.056049012821855024,0.056049012821855024,1729.54066,1776.4869457142856,1729.54066
ETH,2023-04-25 08:00:00,2023-04-25 12:00:00,1826.9430149999998,2023-2024,1805.65,1806.0,29.346428571428596,0.011654996803498956,0.011463419946899566,0.05622096538134229,0.05622096538134229,1724.2305149999997,1771.1848007142855,1724.2305149999997
ETH,2023-04-25 12:00:00,2023-04-25 16:00:00,1815.9074999999998,2023-2024,1801.66,1805.65,30.387142857142862,0.00784593928930836,0.0056486908061119355,0.05856851188730705,0.05856851188730705,1709.5524999999998,1758.1719285714285,1709.5524999999998
ETH,2023-04-26 20:00:00,2023-04-27 00:00:00,1866.9430049999999,2023-2024,1785.0,1801.66,45.126428571428555,0.04389154075970298,0.034967861806793496,0.08459952959303112,0.08459952959303112,1709.000505,1781.2027907142856,1709.000505
BTC,2023-05-01 04:00:00,2023-05-01 08:00:00,28643.39454,2023-2024,28250.15,28369.95,338.7964285714284,0.013728978227452775,0.009546513057945695,0.04139828812342992,0.04139828812342992,27457.607040000003,27999.68132571429,27457.607040000003
BTC,2023-05-01 20:00:00,2023-05-02 00:00:00,28082.29413,2023-2024,27666.95,27799.99,422.1814285714281,0.014790249260878236,0.010052744576106925,0.05261803017800663,0.05261803017800663,26604.65913,27280.149415714284,26604.65913
ETH,2023-05-01 20:00:00,2023-05-02 00:00:00,1831.6453649999999,2023-2024,1806.12,1808.01,27.30285714285713,0.013935757154606163,0.012903898020673816,0.0521716713431587,0.0521716713431587,1736.085365,1779.7699364285713,1736.085365
ETH,2023-05-08 00:00:00,2023-05-08 04:00:00,1866.31269,2023-2024,1840.0,1860.0,33.01571428571425,0.014098757480987805,0.003382439627520282,0.06191620547787193,0.06191620547787193,1750.7576900000001,1803.5828328571429,1750.7576900000001
ETH,2023-05-08 04:00:00,2023-05-08 08:00:00,1852.355715,2023-2024,1838.34,1840.0,34.34071428571425,0.007566427380283166,0.006670271211919963,0.06488629534095716,0.06488629534095716,1732.163215,1787.108357857143,1732.163215
BTC,2023-05-08 08:00:00,2023-05-08 12:00:00,27948.057044999998,2023-2024,27577.01,27830.85,386.6707142857148,0.013276309133138145,0.004193745733783234,0.04842367030455594,0.04842367030455594,26594.709544999994,27213.38268785714,26594.709544999994
ETH,2023-05-08 08:00:00,2023-05-08 12:00:00,1863.7213949999998,2023-2024,1835.0,1838.34,32.52142857142854,0.0154107771027653,0.013618663748827054,0.06107404266827118,0.06107404266827118,1749.8963949999998,1801.9306807142855,1749.8963949999998
BTC,2023-05-08 20:00:00,2023-05-09 00:00:00,27682.6344,2023-2024,27262.0,27289.39,393.9992857142861,0.015194883330901448,0.014205454376842097,0.04981453282495402,0.04981453282495402,26303.636899999998,26934.035757142854,26303.636899999998
BTC,2023-06-28 16:00:00,2023-06-28 20:00:00,30115.039995,2023-2024,29858.8,29930.0,371.59857142857203,0.008508705120183917,0.006144437962915586,0.04318755678942946,0.04318755678942946,28814.444994999998,29409.002709285713,28814.444994999998
BTC,2023-06-30 12:00:00,2023-06-30 16:00:00,30082.75386,2023-2024,29500.0,29858.8,475.53357142857203,0.019371692588784847,0.007444593039661344,0.05532630116729619,0.05532630116729619,28418.386359999997,29179.240074285713,28418.386359999997
BTC,2023-07-06 12:00:00,2023-07-06 16:00:00,30422.2035,2023-2024,29888.0,30200.0,350.1385714285711,0.01755965835939529,0.007303990981455358,0.04028258505338046,0.04028258505338046,29196.718500000003,29756.940214285714,29196.718500000003
BTC,2023-07-06 20:00:00,2023-07-07 00:00:00,29910.367709999995,2023-2024,29850.45,29888.0,378.3621428571426,0.002003242172778834,0.0007478246411700497,0.04427453091983399,0.04427453091983399,28586.100209999997,29191.479638571425,28586.100209999997
BTC,2023-07-07 00:00:00,2023-07-07 04:00:00,30150.477704999998,2023-2024,29701.02,29850.45,375.1207142857139,0.01490715037412032,0.009951009995116653,0.04354566162586109,0.04354566162586109,28837.555205,29437.74834785714,28837.555205
ETH,2023-07-07 00:00:00,2023-07-07 04:00:00,1858.959015,2023-2024,1826.0,1846.0,24.25928571428572,0.01772982337644486,0.006971113884401539,0.045674756309783425,0.045674756309783425,1774.0515149999999,1812.8663721428572,1774.0515149999999
ETH,2023-07-17 08:00:00,2023-07-17 12:00:00,1911.0450449999998,2023-2024,1889.36,1898.39,15.516428571428573,0.01134721813948658,0.006622054793062058,0.028417697501211966,0.028417697501211966,1856.737545,1881.5638307142856,1856.737545
SOL,2023-07-18 12:00:00,2023-07-18 16:00:00,25.53276,2023-2024,24.76,24.87,0.9878571428571428,0.030265431547549036,0.02595724081532896,0.13541426778773621,0.13541426778773621,22.07526,23.655831428571428,22.07526
BTC,2023-07-18 16:00:00,2023-07-18 20:00:00,29730.837989999996,2023-2024,29512.0,29659.2,283.0057142857139,0.00736063982029712,0.002409551658923679,0.03331624895111134,0.03331624895111134,28740.31799,29193.127132857142,28740.31799
BTC,2023-09-21 12:00:00,2023-09-21 16:00:00,26597.302004999998,2023-2024,26377.7,26567.09,345.815,0.00825655192239853,0.0011359048746492433,0.04550658934400441,0.04550658934400441,25386.949504999997,25940.253504999997,25386.949504999997
SOL,2023-10-05 16:00:00,2023-10-05 20:00:00,22.8114,2023-2024,22.53,22.58,0.7149999999999993,0.012335937294510546,0.010144050781626762,0.10970391996983955,0.10970391996983955,20.3089,21.4529,20.3089
SOL,2023-10-09 16:00:00,2023-10-09 20:00:00,22.2111,2023-2024,21.59,22.05,0.4285714285714288,0.027963495729612604,0.007253130191660817,0.067533800667234,0.067533800667234,20.7111,21.39681428571428,20.7111
BTC,2023-10-11 04:00:00,2023-10-11 08:00:00,27035.460974999998,2023-2024,26964.89,27011.01,243.73142857142895,0.0026103115114351674,0.000904403850284256,0.03155337357808826,0.03155337357808826,26182.400974999997,26572.37126071428,26182.400974999997
BTC,2023-10-11 16:00:00,2023-10-11 20:00:00,26776.571594999998,2023-2024,26538.66,26727.56,268.73428571428616,0.008885065593850078,0.0018303909754133073,0.03512660299556925,0.03512660299556925,25836.001594999998,26265.976452142855,25836.001594999998
SOL,2023-10-12 00:00:00,2023-10-12 04:00:00,21.720855,2023-2024,21.49,21.59,0.4100000000000004,0.010628264863422816,0.0060243945277476596,0.06606553931693764,0.06606553931693764,20.285854999999998,20.941854999999997,20.285854999999998
SOL,2023-10-12 08:00:00,2023-10-12 12:00:00,21.520755,2023-2024,21.15,21.49,0.415714285714286,0.01722778777975041,0.0014290855502050346,0.06760915218820161,0.06760915218820161,20.065755,20.730897857142857,20.065755
SOL,2023-10-12 16:00:00,2023-10-12 20:00:00,21.23061,2023-2024,20.93,21.15,0.41857142857142904,0.014159272861213077,0.00379687630265923,0.06900414071946127,0.06900414071946127,19.76561,20.435324285714284,19.76561
ETH,2023-10-27 16:00:00,2023-10-27 20:00:00,1775.2171649999998,2023-2024,1744.66,1756.21,36.17571428571427,0.017213198251155776,0.01070695201395248,0.07132366816653667,0.07132366816653667,1648.6021649999998,1706.4833078571428,1648.6021649999998
ETH,2023-11-03 00:00:00,2023-11-03 04:00:00,1799.2391699999998,2023-2024,1777.11,1777.77,28.053571428571413,0.012299181992575191,0.011932360276482782,0.05457167764972566,0.05457167764972566,1701.0516699999998,1745.9373842857142,1701.0516699999998
BTC,2023-11-14 00:00:00,2023-11-14 04:00:00,36466.30404,2023-2024,36190.17,36333.0,350.0728571428564,0.0075723067437026845,0.0036555401900280624,0.03359964855928397,0.03359964855928397,35241.049040000005,35801.16561142857,35241.049040000005
ETH,2023-11-17 16:00:00,2023-11-17 20:00:00,1939.8394349999999,2023-2024,1904.0,1912.72,40.58928571428573,0.018475464697417017,0.013980247287837946,0.0732341540422391,0.0732341540422391,1797.7769349999999,1862.719792142857,1797.7769349999999
SOL,2023-11-21 12:00:00,2023-11-21 16:00:00,55.137555,2023-2024,52.73,54.7,2.0457142857142863,0.04366452230244889,0.007935698273164201,0.12985704571049628,0.12985704571049628,47.977554999999995,51.25069785714286,47.977554999999995
SOL,2023-11-21 16:00:00,2023-11-21 20:00:00,54.847409999999996,2023-2024,52.35,52.73,2.1542857142857152,0.045533781813945184,0.038605469246405615,0.1374723072611816,0.1374723072611816,47.30740999999999,50.75426714285713,47.30740999999999
BTC,2023-11-22 00:00:00,2023-11-22 04:00:00,36398.179995,2023-2024,35632.01,35735.0,617.394285714286,0.021049678723091235,0.018220141641452935,0.05936780356316827,0.05936780356316827,34237.299994999994,35225.13085214286,34237.299994999994
ETH,2023-11-22 00:00:00,2023-11-22 04:00:00,1979.299155,2023-2024,1928.41,1931.43,40.72642857142858,0.025710694046145767,0.02418490144810872,0.07201665278334342,0.07201665278334342,1836.756655,1901.9189407142856,1836.756655
ETH,2023-11-26 16:00:00,2023-11-26 20:00:00,2058.06852,2023-2024,2036.42,2040.35,22.23928571428574,0.010518852890281679,0.008609295476712263,0.03782065526175975,0.03782065526175975,1980.2310199999997,2015.8138771428569,1980.2310199999997
BTC,2023-11-27 04:00:00,2023-11-27 08:00:00,37301.84159999999,2023-2024,37051.0,37150.0,229.4521428571414,0.006724643857797963,0.004070619398051181,0.021529298971662437,0.021529298971662437,36498.759099999996,36865.88252857143,36498.759099999996
ETH,2023-11-27 04:00:00,2023-11-27 08:00:00,2046.5927849999998,2023-2024,2030.0,2036.42,19.711428571428574,0.00810751661083366,0.004970595554992025,0.03370968592562492,0.03370968592562492,1977.6027849999998,2009.1410707142854,1977.6027849999998
SOL,2023-11-27 04:00:00,2023-11-27 08:00:00,55.957964999999994,2023-2024,55.5,55.7,1.412857142857143,0.008184089610835462,0.00460997822204563,0.08836990408782737,0.08836990408782737,51.012964999999994,53.273536428571425,51.012964999999994
BTC,2023-11-27 16:00:00,2023-11-27 20:00:00,36895.4385,2023-2024,36707.0,36715.0,292.2521428571412,0.005107365779105636,0.00489053680714478,0.027723820113968678,0.027723820113968678,35872.556000000004,36340.15942857143,35872.556000000004
SOL,2023-11-27 16:00:00,2023-11-27 20:00:00,54.147059999999996,2023-2024,53.47,53.91,1.2985714285714292,0.012504095328536718,0.004378077036869585,0.08393807530824392,0.08393807530824392,49.602059999999994,51.67977428571428,49.602059999999994
SOL,2023-12-05 04:00:00,2023-12-05 08:00:00,59.71984499999999,2023-2024,59.11,59.58,1.7564285714285712,0.010211764615263033,0.0023416839075853933,0.1029389811711668,0.1029389811711668,53.57234499999999,56.3826307142857,53.57234499999999
SOL,2023-12-11 00:00:00,2023-12-11 04:00:00,70.91543999999999,2023-2024,64.18,64.5,3.1757142857142844,0.09497847013287916,0.090466053654888,0.15673596610272736,0.15673596610272736,59.800439999999995,64.88158285714285,59.800439999999995
BTC,2023-12-11 16:00:00,2023-12-11 20:00:00,40800.379994999996,2023-2024,40222.0,40400.0,701.1571428571436,0.014175848241385864,0.00981314377584379,0.060147724121705284,0.060147724121705284,38346.32999499999,39468.18142357142,38346.32999499999
ETH,2023-12-11 16:00:00,2023-12-11 20:00:00,2188.6938,2023-2024,2156.62,2161.0,42.15785714285715,0.014654311169520432,0.012653117580906023,0.06741578013333797,0.06741578013333797,2041.1413,2108.5938714285717,2041.1413
ETH,2023-12-13 00:00:00,2023-12-13 04:00:00,2167.113015,2023-2024,2150.0,2156.62,49.959285714285734,0.007896687843019532,0.00484193252837809,0.08068683949092526,0.08068683949092526,1992.2555149999998,2072.190372142857,1992.2555149999998
ETH,2023-12-13 04:00:00,2023-12-13 08:00:00,2173.56624,2023-2024,2144.32,2150.0,50.086428571428605,0.01345541693728181,0.010842200051837439,0.08065201638391298,0.08065201638391298,1998.26374,2078.4020257142856,1998.26374
SOL,2023-12-13 04:00:00,2023-12-13 08:00:00,64.93245,2023-2024,63.67,64.18,3.309999999999999,0.019442512949996514,0.011588196656679303,0.17841618481976265,0.17841618481976265,53.34745000000001,58.64345,53.34745000000001
BTC,2023-12-18 08:00:00,2023-12-18 12:00:00,41125.67256,2023-2024,40542.93,40801.0,463.97357142857174,0.014169800120589172,0.007894644386090475,0.03948646669864944,0.03948646669864944,39501.76506,40244.122774285715,39501.76506
SOL,2023-12-18 08:00:00,2023-12-18 12:00:00,69.05451,2023-2024,67.0,68.56,2.25,0.029752003163877255,0.007161154282319738,0.11404034291170846,0.11404034291170846,61.17950999999999,64.77950999999999,61.17950999999999
BTC,2023-12-26 08:00:00,2023-12-26 12:00:00,42706.90278,2023-2024,42150.0,42500.0,473.3142857142858,0.013040111638833219,0.004844715175573234,0.03878998223153284,0.03878998223153284,41050.30278,41807.60563714286,41050.30278
ETH,2023-12-26 08:00:00,2023-12-26 12:00:00,2243.7212999999997,2023-2024,2218.32,2220.0,27.39999999999996,0.011321058457661182,0.010572302362151531,0.04274149378534663,0.04274149378534663,2147.8212999999996,2191.6612999999998,2147.8212999999996
BTC,2023-12-29 20:00:00,2023-12-30 00:00:00,42087.97347,2023-2024,41300.0,41637.6,623.6571428571432,0.01872205775271311,0.010700763968144525,0.05186279642463387,0.05186279642463387,39905.173469999994,40903.02489857143,39905.173469999994
BTC,2024-01-03 12:00:00,2024-01-03 16:00:00,43021.510005,2023-2024,40750.0,42056.0,933.5399999999998,0.052799402083655356,0.022442494577428456,0.07594782237118736,0.07594782237118736,39754.120005,41247.784005,39754.120005
SOL,2024-01-03 12:00:00,2024-01-03 16:00:00,102.081015,2023-2024,85.0,99.78,4.9250000000000025,0.16732802862510718,0.022541067014272855,0.1688609777244085,0.1688609777244085,84.84351499999998,92.72351499999999,84.84351499999998
SOL,2024-01-07 00:00:00,2024-01-07 04:00:00,92.94645,2023-2024,91.0,91.53,3.962142857142857,0.020941628217107794,0.015239420117712914,0.149198812864827,0.149198812864827,79.07895,85.41837857142858,79.07895
ETH,2024-01-07 20:00:00,2024-01-08 00:00:00,2222.53071,2023-2024,2203.46,2206.17,26.134285714285756,0.008580628341463935,0.007361297608346625,0.041155786774257956,0.041155786774257956,2131.0607099999997,2172.875567142857,2131.0607099999997
SOL,2024-01-12 20:00:00,2024-01-13 00:00:00,92.18607,2023-2024,87.0,91.68,4.905,0.05625654722020367,0.005489658036186965,0.18622661753559946,0.18622661753559946,75.01857,82.86657,75.01857
BTC,2024-01-18 20:00:00,2024-01-19 00:00:00,41348.173754999996,2023-2024,40683.28,40831.99,548.5342857142849,0.01608036569981753,0.01248383442660703,0.04643179675542111,0.04643179675542111,39428.303755,40305.95861214285,39428.303755
ETH,2024-01-18 20:00:00,2024-01-19 00:00:00,2472.045405,2023-2024,2428.56,2430.0,35.27214285714285,0.017590860148460705,0.01700834657606131,0.04993941444210649,0.04993941444210649,2348.592905,2405.0283335714284,2348.592905
SOL,2024-02-16 12:00:00,2024-02-16 16:00:00,109.724835,2023-2024,107.94,108.25,2.867142857142855,0.016266463285180617,0.0134412141061775,0.09145605003643882,0.09145605003643882,99.689835,104.27726357142858,99.689835
SOL,2024-02-20 12:00:00,2024-02-20 16:00:00,106.67331,2023-2024,103.0,105.0,2.9542857142857164,0.03443513658664947,0.01568630428736111,0.09693146298732089,0.09693146298732089,96.33331,101.06016714285714,96.33331
BTC,2024-02-21 12:00:00,2024-02-21 16:00:00,51181.577999999994,2023-2024,50625.0,50760.37,722.2621428571438,0.01087457678620214,0.008229679827378348,0.04939115984270754,0.04939115984270754,48653.66049999999,49809.27992857142,48653.66049999999
SOL,2024-02-21 12:00:00,2024-02-21 16:00:00,103.91193,2023-2024,101.01,102.28,3.1750000000000003,0.027926822261890364,0.015704933976300864,0.10694152249890845,0.10694152249890845,92.79943,97.87943,92.79943
SOL,2024-02-21 16:00:00,2024-02-21 20:00:00,102.09102,2023-2024,100.23,101.01,3.2921428571428564,0.018229027391439487,0.01058878635946624,0.11286497088578405,0.11286497088578405,90.56852,95.83594857142857,90.56852
SOL,2024-02-23 12:00:00,2024-02-23 16:00:00,100.340145,2023-2024,100.18,100.23,2.839285714285713,0.0015960212136428543,0.001097716173322281,0.09903812676371951,0.09903812676371951,90.402645,94.94550214285715,90.402645
SOL,2024-02-23 16:00:00,2024-02-23 20:00:00,101.4507,2023-2024,98.64,100.18,2.8207142857142853,0.027705082370057546,0.012525295537635431,0.09731327630070566,0.09731327630070566,91.5782,96.09134285714285,91.5782
BTC,2024-02-23 20:00:00,2024-02-24 00:00:00,50769.522075,2023-2024,50521.0,50625.0,633.7564285714294,0.004895103692976821,0.0028466305983046968,0.04369053340157925,0.04369053340157925,48551.374575,49565.384860714286,48551.374575
SOL,2024-02-24 00:00:00,2024-02-24 04:00:00,100.27010999999999,2023-2024,98.48,98.64,2.6471428571428572,0.017852877592335187,0.016257187710275654,0.09240041723301193,0.09240041723301193,91.00510999999999,95.24053857142856,91.00510999999999
BTC,2024-03-05 16:00:00,2024-03-05 20:00:00,61441.685489999996,2023-2024,59005.0,61320.0,2068.846428571429,0.039658506607807516,0.0019805037740997723,0.11785097433856224,0.11785097433856224,54200.722989999995,57510.87727571428,54200.722989999995
ETH,2024-03-05 16:00:00,2024-03-05 20:00:00,3378.14823,2023-2024,3200.0,3360.0,113.1392857142857,0.05273546862684584,0.005372242058188129,0.11722028550535214,0.11722028550535214,2982.16073,3163.183587142857,2982.16073
ETH,2024-03-11 00:00:00,2024-03-11 04:00:00,3868.85346,2023-2024,3722.95,3791.26,59.3721428571428,0.03771232524273484,0.020055931505867788,0.053711649238841884,0.053711649238841884,3661.05096,3756.0463885714285,3661.05096
SOL,2024-03-11 00:00:00,2024-03-11 04:00:00,141.23057999999997,2023-2024,136.49,140.43,3.931428571428569,0.03356624323145856,0.005668602366427782,0.09742932444234098,0.09742932444234098,127.47057999999998,133.7608657142857,127.47057999999998
ETH,2024-03-14 12:00:00,2024-03-14 16:00:00,3847.732905,2023-2024,3820.2,3828.98,81.08071428571432,0.0071556175233010435,0.004873754354318892,0.07375317024506413,0.07375317024506413,3563.9504049999996,3693.6795478571426,3563.9504049999996
BTC,2024-03-14 16:00:00,2024-03-14 20:00:00,69449.797545,2023-2024,68555.0,68620.82,1480.864285714286,0.012884091482343199,0.011936356538157668,0.07462980718758266,0.07462980718758266,64266.772545,66636.15540214285,64266.772545
BTC,2024-03-15 08:00:00,2024-03-15 12:00:00,67791.628875,2023-2024,65600.0,66699.0,1898.5800000000017,0.032328901242970685,0.01611746012202594,0.09802139453313154,0.09802139453313154,61146.59887499999,64184.32687499999,61146.59887499999
ETH,2024-03-15 08:00:00,2024-03-15 12:00:00,3691.1746649999995,2023-2024,3570.0,3623.0,110.95071428571434,0.03282821215397553,0.018469639393236235,0.10520431441030176,0.10520431441030176,3302.847164999999,3480.3683078571426,3302.847164999999
BTC,2024-03-17 04:00:00,2024-03-17 08:00:00,65669.49833999999,2023-2024,64533.0,64780.0,2150.015714285718,0.017306335037247236,0.013545075910199059,0.1145898048594719,0.1145898048594719,58144.443339999976,61584.46848285713,58144.443339999976
ETH,2024-03-17 04:00:00,2024-03-17 08:00:00,3474.4563599999997,2023-2024,3412.0,3468.8,126.15000000000002,0.017975865438701232,0.0016279841834017151,0.12707743435292423,0.12707743435292423,3032.93136,3234.7713599999997,3032.93136
ETH,2024-03-19 00:00:00,2024-03-19 04:00:00,3420.8895899999998,2023-2024,3362.15,3412.0,107.15999999999998,0.01717085233376377,0.002598619384263662,0.10963814824552696,0.10963814824552696,3045.82959,3217.28559,3045.82959
BTC,2024-03-19 04:00:00,2024-03-19 08:00:00,64736.582115,2023-2024,63577.0,64533.0,1682.658571428572,0.017912315990672494,0.003144777007818363,0.09097336942407717,0.09097336942407717,58847.277115,61539.53082928571,58847.277115
SOL,2024-03-19 08:00:00,2024-03-19 12:00:00,177.92892,2023-2024,170.0,176.78,10.994285714285711,0.04456228925573204,0.006457185262519459,0.21626613593787894,0.21626613593787894,139.44892000000002,157.03977714285716,139.44892000000002
BTC,2024-03-19 12:00:00,2024-03-19 16:00:00,64083.87592499999,2023-2024,62410.78,62505.0,1715.7835714285725,0.02610790781378591,0.024637647180514123,0.09370910253662228,0.09370910253662228,58078.63342499999,60823.8871392857,58078.63342499999
BTC,2024-03-20 04:00:00,2024-03-20 08:00:00,62989.328924999994,2023-2024,60775.0,61555.0,1943.0057142857165,0.035154032639981715,0.022770982791510894,0.10796304891733705,0.10796304891733705,56188.80892499998,59297.61806785713,56188.80892499998
ETH,2024-03-20 04:00:00,2024-03-20 08:00:00,3220.0792349999997,2023-2024,3056.56,3150.88,118.13857142857144,0.05078112153970018,0.021489916846719952,0.1284083309210868,0.1284083309210868,2806.5942349999996,2995.615949285714,2806.5942349999996
SOL,2024-03-20 04:00:00,2024-03-20 08:00:00,173.43667499999998,2023-2024,162.45,166.0,11.407142857142858,0.06334689592036974,0.04287833008791238,0.23019929320024157,0.23019929320024157,133.51167499999997,151.76310357142856,133.51167499999997
ETH,2024-03-29 16:00:00,2024-03-29 20:00:00,3502.1001749999996,2023-2024,3445.91,3460.02,62.90357142857143,0.016044708087197913,0.012015697123797894,0.0628658487760134,0.0628658487760134,3281.9376749999997,3382.5833892857136,3281.9376749999997
BTC,2024-04-01 04:00:00,2024-04-01 08:00:00,69629.73747,2023-2024,68888.0,69009.0,632.4928571428588,0.010652596102628862,0.008914832836579884,0.03179280980276265,0.03179280980276265,67416.01246999999,68428.00104142856,67416.01246999999
BTC,2024-04-01 16:00:00,2024-04-01 20:00:00,69682.834005,2023-2024,68062.86,68161.48,839.7242857142867,0.023247820329519855,0.021832550680858334,0.04217731729724306,0.04217731729724306,66743.799005,68087.35786214285,66743.799005
ETH,2024-04-01 16:00:00,2024-04-01 20:00:00,3488.073165,2023-2024,3413.71,3437.23,57.544999999999945,0.021319267538930698,0.014576289714954926,0.05774176471438775,0.05774176471438775,3286.665665,3378.737665,3286.665665
SOL,2024-04-02 04:00:00,2024-04-02 08:00:00,183.27159,2023-2024,181.0,181.71,5.2450000000000045,0.012394665206975087,0.008520633230715112,0.10016555211857994,0.10016555211857994,164.91409,173.30608999999998,164.91409
BTC,2024-04-02 16:00:00,2024-04-02 20:00:00,65947.867455,2023-2024,64550.0,64588.58,1365.9314285714293,0.021196552806712735,0.020611545262286417,0.0724930188722507,0.0724930188722507,61167.107455,63352.59774071428,61167.107455
ETH,2024-04-02 16:00:00,2024-04-02 20:00:00,3279.168765,2023-2024,3212.0,3232.0,75.28071428571427,0.02048347304259587,0.014384366399025485,0.08035039331072671,0.08035039331072671,3015.686265,3136.135407857143,3015.686265
BTC,2024-04-03 00:00:00,2024-04-03 04:00:00,66258.90289499999,2023-2024,64493.07,64550.0,1461.7221428571434,0.02665050005126549,0.025791294759408834,0.07721268050736267,0.07721268050736267,61142.875394999995,63481.63082357142,61142.875394999995
ETH,2024-04-03 00:00:00,2024-04-03 04:00:00,3317.0577,2023-2024,3202.79,3212.0,83.27499999999999,0.03444851140213807,0.031671954334710505,0.08786778113627629,0.08786778113627629,3025.5952,3158.8351999999995,3025.5952
SOL,2024-04-05 12:00:00,2024-04-05 16:00:00,175.97794499999998,2023-2024,167.84,169.11,5.861428571428571,0.046244118829777074,0.03902730538193274,0.11657710856891756,0.11657710856891756,155.46294499999996,164.8412307142857,155.46294499999996
SOL,2024-04-09 08:00:00,2024-04-09 12:00:00,176.2881,2023-2024,173.17,173.54,3.693571428571431,0.017687524001903696,0.015588686927818689,0.07333166560873938,0.07333166560873938,163.36059999999998,169.27031428571428,163.36059999999998
SOL,2024-04-10 08:00:00,2024-04-10 12:00:00,170.295105,2023-2024,168.24,169.11,4.316428571428574,0.012067904124431513,0.006959125454604188,0.08871364799358154,0.08871364799358154,155.18760500000002,162.09389071428572,155.18760500000002
BTC,2024-04-10 12:00:00,2024-04-10 16:00:00,68691.63865499999,2023-2024,67518.0,68210.0,1177.174285714285,0.017085611553023565,0.007011605261289395,0.05997978910785671,0.05997978910785671,64571.52865499999,66455.00751214285,64571.52865499999
BTC,2024-04-19 00:00:00,2024-04-19 04:00:00,61816.032569999996,2023-2024,59600.01,59678.16,1759.6385714285705,0.0358486702861525,0.034584435155703044,0.09963005945141971,0.09963005945141971,55657.29757,58472.71928428572,55657.29757
ETH,2024-04-19 00:00:00,2024-04-19 04:00:00,2981.299905,2023-2024,2865.18,2914.47,86.54785714285711,0.03894942095736592,0.02241636438116079,0.10160584632628562,0.10160584632628562,2678.382405,2816.8589764285716,2678.382405
SOL,2024-05-23 12:00:00,2024-05-23 16:00:00,172.776345,2023-2024,168.82,171.8,4.992142857142858,0.022898649696519505,0.005650918243466608,0.101127848259552,0.101127848259552,155.303845,163.29127357142855,155.303845
BTC,2024-05-23 20:00:00,2024-05-24 00:00:00,68003.64483,2023-2024,66312.16,66753.42,1107.3299999999997,0.02487344368420967,0.01838467383807737,0.05699187168112263,0.05699187168112263,64127.989830000006,65899.71783000001,64127.989830000006
SOL,2024-05-23 20:00:00,2024-05-24 00:00:00,176.238075,2023-2024,165.35,168.82,5.816428571428572,0.061780492098543485,0.04209121666813494,0.11551136154885941,0.11551136154885941,155.880575,165.18686071428573,155.880575
SOL,2024-05-24 04:00:00,2024-05-24 08:00:00,166.23307499999999,2023-2024,165.12,165.35,6.065714285714287,0.006695869639660945,0.005312270136373228,0.12771224980347626,0.12771224980347626,145.00307499999997,154.70821785714284,145.00307499999997
SOL,2024-05-24 08:00:00,2024-05-24 12:00:00,166.42317,2023-2024,162.5,165.12,6.161428571428573,0.02357346035410814,0.007830460145663578,0.12957931278439178,0.12957931278439178,144.85816999999997,154.7164557142857,144.85816999999997
SOL,2024-05-26 08:00:00,2024-05-26 12:00:00,164.11201499999999,2023-2024,162.23,162.5,3.34714285714286,0.011467868455578928,0.009822650705982651,0.071384170135258,0.071384170135258,152.39701499999998,157.75244357142856,152.39701499999998
SOL,2024-05-26 16:00:00,2024-05-26 20:00:00,162.791355,2023-2024,161.14,162.23,2.9771428571428618,0.010143996897132674,0.003448309647646954,0.06400831297214779,0.06400831297214779,152.371355,157.13478357142858,152.371355
SOL,2024-05-26 20:00:00,2024-05-27 00:00:00,163.50170999999997,2023-2024,161.0,161.14,2.9164285714285763,0.01530081856636224,0.014444558408593943,0.06243053971729114,0.06243053971729114,153.29420999999996,157.96049571428568,153.29420999999996
BTC,2024-05-28 00:00:00,2024-05-28 04:00:00,68084.32515,2023-2024,67753.0,67924.39,864.4700000000001,0.004866393979378441,0.002349074469749735,0.04443967085425389,0.04443967085425389,65058.68015,66441.83215,65058.68015
BTC,2024-05-28 16:00:00,2024-05-28 20:00:00,68458.49214,2023-2024,67277.91,67486.65,1036.3535714285722,0.01724522558261533,0.01419607866928411,0.05298447842792353,0.05298447842792353,64831.25464,66489.42035428571,64831.25464
BTC,2024-05-29 12:00:00,2024-05-29 16:00:00,67412.819565,2023-2024,67262.34,67277.91,1068.547142857144,0.0022322099264058793,0.002001244954157622,0.05547780116798034,0.05547780116798034,63672.904565,65382.579993571424,63672.904565
BTC,2024-05-29 16:00:00,2024-05-29 20:00:00,67300.41339,2023-2024,67124.65,67262.34,1063.0578571428591,0.002611624225567143,0.0005657229737858081,0.05528498730667317,0.05528498730667317,63579.710889999995,65280.60346142857,63579.710889999995
ETH,2024-05-29 20:00:00,2024-05-30 00:00:00,3769.32372,2023-2024,3742.59,3744.41,66.18642857142858,0.007092444689255749,0.006609599453559275,0.061457310968239164,0.061457310968239164,3537.6712199999997,3643.5695057142857,3537.6712199999997
ETH,2024-05-30 08:00:00,2024-05-30 12:00:00,3738.878505,2023-2024,3702.58,3712.73,62.14857142857142,0.009708393827576434,0.006993676035482761,0.058177873313912346,0.058177873313912346,3521.358505,3620.7962192857144,3521.358505
BTC,2024-05-31 16:00:00,2024-05-31 20:00:00,67714.84049999999,2023-2024,66670.0,67124.65,893.6714285714291,0.01543000754760681,0.008715822050854525,0.046191499188423885,0.046191499188423885,64586.990499999985,66016.86478571428,64586.990499999985
BTC,2024-06-07 16:00:00,2024-06-07 20:00:00,69289.63750499999,2023-2024,68420.0,68567.32,854.6721428571431,0.01255075847289918,0.01042461082218624,0.0431717152479567,0.0431717152479567,66298.28500499998,67665.76043357141,66298.28500499998
BTC,2024-06-11 00:00:00,2024-06-11 04:00:00,68498.23199999999,2023-2024,67900.0,68420.0,486.2042857142847,0.008733539283174333,0.0011421024706154323,0.02484319595285316,0.02484319595285316,66796.51699999999,67574.44385714285,66796.51699999999
ETH,2024-06-11 08:00:00,2024-06-11 12:00:00,3531.32478,2023-2024,3503.4,3505.0,42.017142857142936,0.007907734841653344,0.007454647091395519,0.041644427845574795,0.041644427845574795,3384.26478,3451.4922085714284,3384.26478
ETH,2024-06-11 16:00:00,2024-06-11 20:00:00,3498.958605,2023-2024,3432.0,3432.01,52.82142857142863,0.019136723968187618,0.019133865974959023,0.052837149812465484,0.052837149812465484,3314.083605,3398.5978907142858,3314.083605
SOL,2024-06-11 16:00:00,2024-06-11 20:00:00,149.29460999999998,2023-2024,145.2,146.29,3.5442857142857145,0.02742637527235571,0.020125374921438798,0.08309074252580186,0.08309074252580186,136.88960999999998,142.5604671428571,136.88960999999998
ETH,2024-06-13 16:00:00,2024-06-13 20:00:00,3483.1707149999997,2023-2024,3428.0,3432.0,68.24285714285715,0.015839222224283012,0.014690843253716248,0.06857257927996792,0.06857257927996792,3244.3207149999994,3353.509286428571,3244.3207149999994
ETH,2024-07-23 16:00:00,2024-07-23 20:00:00,3458.758515,2023-2024,3389.0,3411.4,68.68642857142855,0.02016865725012895,0.013692345040746477,0.06950543062125282,0.06950543062125282,3218.3560150000003,3328.254300714286,3218.3560150000003
SOL,2024-07-25 00:00:00,2024-07-25 04:00:00,170.615265,2023-2024,167.95,169.72,5.423571428571429,0.01562149201596941,0.005247273741889361,0.11125909513430701,0.11125909513430701,151.632765,160.31047928571428,151.632765
BTC,2024-07-25 04:00:00,2024-07-25 08:00:00,64166.066999999995,2023-2024,63800.0,63861.0,932.1835714285693,0.0057049935754983315,0.0047543353405156575,0.05084685181031889,0.05084685181031889,60903.4245,62394.91821428571,60903.4245
ETH,2024-07-25 04:00:00,2024-07-25 08:00:00,3173.42592,2023-2024,3130.0,3153.04,73.11857142857136,0.013684239397653918,0.00642394702568011,0.08064313031135756,0.08064313031135756,2917.5109200000006,3034.5006342857146,2917.5109200000006
SOL,2024-07-25 08:00:00,2024-07-25 12:00:00,168.894405,2023-2024,167.04,167.95,5.300000000000003,0.010979670996206262,0.005591689079339351,0.10983193907459522,0.10983193907459522,150.344405,158.824405,150.344405
BTC,2024-07-25 12:00:00,2024-07-25 16:00:00,64823.285444999994,2023-2024,63456.7,63800.0,954.5892857142842,0.021081705989115452,0.01578576954215336,0.05154108553838658,0.05154108553838658,61482.222945,63009.56580214285,61482.222945
ETH,2024-07-25 12:00:00,2024-07-25 16:00:00,3143.85114,2023-2024,3105.35,3130.0,73.13214285714282,0.012246489507769857,0.004405787482673309,0.08141686377682623,0.08141686377682623,2887.8886400000006,3004.900068571429,2887.8886400000006
SOL,2024-07-25 12:00:00,2024-07-25 16:00:00,170.52522,2023-2024,165.71,167.04,5.370000000000003,0.028237582687182475,0.020438149852555525,0.11021830084722957,0.11021830084722957,151.73021999999997,160.32222,151.73021999999997
ETH,2024-07-25 16:00:00,2024-07-25 20:00:00,3125.44194,2023-2024,3100.9,3105.35,71.91357142857139,0.00785231031999272,0.006428511674736229,0.08053181112684495,0.08053181112684495,2873.7444400000004,2988.8061542857145,2873.7444400000004
ETH,2024-07-25 20:00:00,2024-07-26 00:00:00,3177.0577349999994,2023-2024,3087.53,3100.9,73.46785714285708,0.02817944855509503,0.02397115235301172,0.08093573408101754,0.08093573408101754,2919.9202349999996,3037.468806428571,2919.9202349999996
SOL,2024-07-25 20:00:00,2024-07-26 00:00:00,171.94593,2023-2024,165.42,165.71,5.547142857142863,0.0379533845319864,0.03626680782732104,0.1129134024864678,0.1129134024864678,152.53092999999998,161.40635857142857,152.53092999999998
BTC,2024-07-29 16:00:00,2024-07-29 20:00:00,67336.701525,2023-2024,66428.0,66650.0,1169.2707142857148,0.013494892152723348,0.010198027367661395,0.06077588309668844,0.06077588309668844,63244.254024999995,65115.08716785714,63244.254024999995
BTC,2024-07-30 00:00:00,2024-07-30 04:00:00,66643.305,2023-2024,65862.0,66428.0,1129.395714285714,0.011723683271710385,0.0032307071205426117,0.05931406012952087,0.05931406012952087,62690.41999999999,64497.453142857135,62690.41999999999
BTC,2024-07-30 12:00:00,2024-07-30 16:00:00,66249.118005,2023-2024,65555.0,65862.0,997.2921428571426,0.010477392392569056,0.005843368435045125,0.05268783351555805,0.05268783351555805,62758.595505,64354.26293357142,62758.595505
BTC,2024-07-30 20:00:00,2024-07-31 00:00:00,66221.094,2023-2024,65302.67,65555.0,1048.8621428571423,0.013869055077827604,0.010058637811087769,0.055435772474553176,0.055435772474553176,62550.076499999996,64228.25592857143,62550.076499999996
SOL,2024-07-30 20:00:00,2024-07-31 00:00:00,179.24957999999998,2023-2024,175.39,176.28,4.462142857142855,0.02153187750844378,0.016566733378119935,0.08712712185992288,0.08712712185992288,163.63207999999997,170.77150857142857,163.63207999999997
SOL,2024-07-31 16:00:00,2024-07-31 20:00:00,176.66829,2023-2024,174.99,175.39,4.866428571428569,0.009499667427584225,0.007235537288553745,0.09640949148259707,0.09640949148259707,159.63579000000004,167.42207571428574,159.63579000000004
BTC,2024-08-01 04:00:00,2024-08-01 08:00:00,64360.764299999995,2023-2024,63584.0,63750.0,957.0857142857136,0.01206891043709988,0.009489699301162514,0.052047237729897465,0.052047237729897465,61010.96429999999,62542.30144285714,61010.96429999999
BTC,2024-08-01 16:00:00,2024-08-01 20:00:00,63453.721005,2023-2024,62302.0,62666.07,1071.0842857142857,0.018150566850275756,0.012412999466775711,0.05907919883381786,0.05907919883381786,59704.926005,61418.66086214285,59704.926005
ETH,2024-08-01 16:00:00,2024-08-01 20:00:00,3133.2058199999997,2023-2024,3080.02,3102.4,59.46000000000007,0.016974888678075957,0.009832044803235936,0.06642078814981911,0.06642078814981911,2925.0958199999995,3020.2318199999995,2925.0958199999995
SOL,2024-08-01 16:00:00,2024-08-01 20:00:00,162.47119499999997,2023-2024,157.91,161.25,5.042857142857143,0.02807386872485286,0.0075163785186658245,0.10863464135904215,0.10863464135904215,144.821195,152.8897664285714,144.821195
ETH,2024-08-02 20:00:00,2024-08-03 00:00:00,2991.104805,2023-2024,2967.0,2985.13,74.3307142857143,0.008058829954639433,0.0019975244565192804,0.08697705930100301,0.08697705930100301,2730.947305,2849.876447857143,2730.947305
SOL,2024-08-02 20:00:00,2024-08-03 00:00:00,152.85639,2023-2024,150.0,150.01,6.583571428571427,0.018686755588039235,0.018621334705078495,0.15074606956241735,0.15074606956241735,129.81389000000001,140.34760428571428,129.81389000000001
BTC,2024-08-03 00:00:00,2024-08-03 04:00:00,61926.93799499999,2023-2024,60505.0,61230.01,1458.8542857142857,0.022961542117822795,0.01125403608775653,0.08245184027042092,0.08245184027042092,56820.94799499999,59155.11485214285,56820.94799499999
SOL,2024-08-03 00:00:00,2024-08-03 04:00:00,153.63678,2023-2024,148.62,150.0,6.422142857142857,0.032653509140194055,0.02367128496184304,0.1463028579484678,0.1463028579484678,131.15928,141.43470857142856,131.15928
SOL,2024-08-03 08:00:00,2024-08-03 12:00:00,152.45619,2023-2024,148.35,148.62,6.195714285714288,0.0269335735072482,0.02516257293324717,0.14223758313781823,0.14223758313781823,130.77119,140.68433285714283,130.77119
BTC,2024-08-03 20:00:00,2024-08-04 00:00:00,60728.338995,2023-2024,59850.0,59920.0,1408.0257142857138,0.014463412132387077,0.013310737760612092,0.08114975778286554,0.08114975778286554,55800.248995,58053.09013785714,55800.248995
SOL,2024-08-04 08:00:00,2024-08-04 12:00:00,143.57174999999998,2023-2024,139.4,140.0,5.93214285714286,0.029056900121367715,0.02487780499993892,0.14461410409777697,0.14461410409777697,122.80924999999998,132.30067857142853,122.80924999999998
BTC,2024-08-04 16:00:00,2024-08-04 20:00:00,59287.298834999994,2023-2024,57122.77,58960.0,1384.4235714285714,0.03650914913536552,0.005520555691209442,0.08172884572605103,0.08172884572605103,54441.816334999996,56656.89404928571,54441.816334999996
SOL,2024-08-04 16:00:00,2024-08-04 20:00:00,142.060995,2023-2024,131.22,135.0,6.691428571428576,0.07631225587290863,0.04970396694743685,0.16485876365993365,0.16485876365993365,118.64099499999998,129.3472807142857,118.64099499999998
SOL,2024-09-30 08:00:00,2024-09-30 12:00:00,155.6778,2023-2024,153.74,153.89,2.5992857142857155,0.012447503754549342,0.011483975236032397,0.0584380046480616,0.0584380046480616,146.5803,150.73915714285712,146.5803
BTC,2024-09-30 16:00:00,2024-09-30 20:00:00,63519.744,2023-2024,63056.0,63249.68,568.0435714285715,0.007300785091325286,0.004251654414728096,0.03129975618289646,0.03129975618289646,61531.591499999995,62440.461214285715,61531.591499999995
BTC,2024-09-30 20:00:00,2024-10-01 00:00:00,63359.26379999999,2023-2024,62856.3,63056.0,611.61,0.007938283525320736,0.00478641609468943,0.03378566718762917,0.03378566718762917,61218.62879999999,62197.2048,61218.62879999999
SOL,2024-10-01 00:00:00,2024-10-01 04:00:00,155.17755,2023-2024,151.48,151.73,3.026428571428574,0.02382786685316276,0.022216809068064336,0.0682605183546203,0.0682605183546203,144.58505,149.4273357142857,144.58505
SOL,2024-10-01 20:00:00,2024-10-02 00:00:00,145.19256,2023-2024,142.29,142.55,4.084285714285717,0.019991106982341206,0.01820038161734992,0.09845545804826371,0.09845545804826371,130.89755999999997,137.43241714285713,130.89755999999997
BTC,2024-10-02 16:00:00,2024-10-02 20:00:00,60220.105005,2023-2024,60000.0,60164.0,1128.7207142857146,0.003655008655028459,0.0009316656786855368,0.06560138843451027,0.06560138843451027,56269.582505,58075.53564785714,56269.582505
BTC,2024-10-03 12:00:00,2024-10-03 16:00:00,60671.82075,2023-2024,59828.11,60000.0,1194.6642857142858,0.013906138625318878,0.011073027670757664,0.0689170845429095,0.0689170845429095,56490.49575,58401.95860714286,56490.49575
BTC,2024-10-09 12:00:00,2024-10-09 16:00:00,62347.157999999996,2023-2024,61634.61,61798.97,824.3442857142862,0.011428716606456949,0.008792509836615081,0.04627644775724985,0.04627644775724985,59461.952999999994,60780.903857142854,59461.952999999994
SOL,2024-10-09 12:00:00,2024-10-09 16:00:00,142.90141500000001,2023-2024,140.19,141.17,2.9278571428571474,0.01897402485482748,0.012116150144489659,0.07171027662672211,0.07171027662672211,132.65391499999998,137.33848642857143,132.65391499999998
SOL,2024-10-09 16:00:00,2024-10-09 20:00:00,141.180555,2023-2024,139.75,140.19,2.8985714285714335,0.010132804761958885,0.007016228261746106,0.07185833771513377,0.07185833771513377,131.035555,135.67326928571427,131.035555
BTC,2024-10-22 00:00:00,2024-10-22 04:00:00,67423.705005,2023-2024,66571.42,66840.67,652.8542857142862,0.012640732290472531,0.008647329673692083,0.03389000945335994,0.03389000945335994,65138.71500499999,66183.28186214286,65138.71500499999
BTC,2024-10-23 12:00:00,2024-10-23 16:00:00,66256.56172499999,2023-2024,65923.01,66200.0,807.5814285714275,0.00503424440260596,0.0008536773344012865,0.04266045394464659,0.04266045394464659,63430.026724999996,64722.15701071428,63430.026724999996
BTC,2024-10-23 16:00:00,2024-10-23 20:00:00,66505.23599999999,2023-2024,65260.0,65923.01,862.6949999999987,0.018723879124344287,0.008754588886805774,0.045401425235149846,0.045401425235149846,63485.803499999995,64866.11549999999,63485.803499999995
SOL,2024-10-25 20:00:00,2024-10-26 00:00:00,164.99245499999998,2023-2024,159.12,164.13,4.827142857142854,0.035592263900794584,0.005227239027384513,0.10239862180364545,0.10239862180364545,148.097455,155.82088357142854,148.097455
SOL,2024-10-31 20:00:00,2024-11-01 00:00:00,168.77434499999998,2023-2024,167.56,168.53,3.6314285714285717,0.00719508050823708,0.0014477615066435683,0.07530765413428209,0.07530765413428209,156.06434499999997,161.8746307142857,156.06434499999997
SOL,2024-11-01 04:00:00,2024-11-01 08:00:00,166.04298,2023-2024,165.05,165.38,3.4485714285714266,0.005980258846233599,0.0039928216176318,0.07269202227037838,0.07269202227037838,153.97298,159.49069428571428,153.97298
BTC,2024-11-01 16:00:00,2024-11-01 20:00:00,69302.63399999999,2023-2024,68820.14,68830.0,1115.375,0.006962130761148148,0.006819856226532328,0.05632992968203778,0.05632992968203778,65398.82149999999,67183.42149999998,65398.82149999999
SOL,2024-11-02 12:00:00,2024-11-02 16:00:00,163.90191,2023-2024,162.11,163.43,3.770714285714281,0.010932819513817582,0.00287922209082237,0.0805207212045301,0.0805207212045301,150.70441,156.73755285714284,150.70441
BTC,2024-11-03 12:00:00,2024-11-03 16:00:00,68124.955455,2023-2024,67478.73,67864.16,878.2185714285713,0.009485884441082268,0.0038281926682839176,0.04511951574090023,0.04511951574090023,65051.190455,66456.34016928572,65051.190455
BTC,2024-11-04 16:00:00,2024-11-04 20:00:00,67889.93800499999,2023-2024,67251.5,67478.73,867.1271428571428,0.009404015142169802,0.00605698012229306,0.04470390000616116,0.04470390000616116,64854.99300499999,66242.39643357143,64854.99300499999
BTC,2024-11-04 20:00:00,2024-11-05 00:00:00,67883.93500499999,2023-2024,66835.0,67251.5,907.1000000000006,0.015451888652635307,0.009316416394444577,0.04676879735634298,0.04676879735634298,64709.085004999986,66160.44500499999,64709.085004999986
SOL,2024-11-04 20:00:00,2024-11-05 00:00:00,158.02897499999997,2023-2024,155.11,157.82,3.7907142857142913,0.018471137966945373,0.0013223840754518661,0.08395612260346573,0.08395612260346573,144.76147499999996,150.82661785714282,144.76147499999996
ETH,2024-11-15 04:00:00,2024-11-15 08:00:00,3041.009745,2023-2024,3014.79,3028.56,98.46285714285715,0.008622052278230985,0.004093951037305832,0.11332420113635644,0.11332420113635644,2696.389745,2853.9303164285716,2696.389745
ETH,2024-11-15 12:00:00,2024-11-15 16:00:00,3025.241865,2023-2024,3014.5,3014.79,99.27499999999999,0.0035507458508610723,0.0034548857467963136,0.11485445313312163,0.11485445313312163,2677.7793650000003,2836.619365,2677.7793650000003
ETH,2024-11-20 16:00:00,2024-11-20 20:00:00,3059.56902,2023-2024,3029.41,3042.93,70.78428571428572,0.009857277218737186,0.0054383541901597875,0.08097382290790747,0.08097382290790747,2811.82402,2925.0788771428574,2811.82402
SOL,2024-11-21 00:00:00,2024-11-21 04:00:00,235.93791,2023-2024,229.6,230.37,6.682857142857141,0.02686261822019189,0.02359904773251566,0.09913625156720256,0.09913625156720256,212.54791,223.24048142857143,212.54791
BTC,2024-11-25 12:00:00,2024-11-25 16:00:00,96048.57028500001,2023-2024,94525.0,95734.77,1232.9635714285719,0.01586249832224672,0.0032671000106392137,0.0449290654425695,0.0449290654425695,91733.19778500001,93705.93949928573,91733.19778500001
SOL,2024-11-25 12:00:00,2024-11-25 16:00:00,245.09248499999998,2023-2024,235.04,240.93,6.826428571428571,0.0410150682506646,0.016983323662494082,0.09748360909556243,0.09748360909556243,221.199985,232.1222707142857,221.199985
BTC,2024-11-25 16:00:00,2024-11-25 20:00:00,94716.824745,2023-2024,94400.0,94525.0,1359.837857142858,0.0033449679700831626,0.002025244675552023,0.050249071511988666,0.050249071511988666,89957.39224500001,92133.13281642858,89957.39224500001
ETH,2024-11-26 08:00:00,2024-11-26 12:00:00,3324.68151,2023-2024,3280.1,3281.4,89.61857142857136,0.01340925735770702,0.013018242460162689,0.09434437526017334,0.09434437526017334,3011.01651,3154.4062242857144,3011.01651
ETH,2024-11-26 16:00:00,2024-11-26 20:00:00,3302.260305,2023-2024,3252.0,3280.1,92.12142857142852,0.015219970673995609,0.006710647542365647,0.09763766942049103,0.09763766942049103,2979.835305,3127.2295907142857,2979.835305
BTC,2024-11-26 20:00:00,2024-11-27 00:00:00,92011.14258,2023-2024,90791.1,91466.52,1954.0135714285716,0.013259726439536558,0.005919093761132986,0.07432847053337831,0.07432847053337831,85172.09508,88298.51679428571,85172.09508
SOL,2024-12-02 04:00:00,2024-12-02 08:00:00,228.73431,2023-2024,225.93,228.0,4.364285714285714,0.012260119612138584,0.003210318556931811,0.06678053677211783,0.06678053677211783,213.45931,220.44216714285713,213.45931
BTC,2024-12-02 12:00:00,2024-12-02 16:00:00,97096.534005,2023-2024,94766.0,94820.41,978.0242857142845,0.024002236834529882,0.02344186667757658,0.0352544509964045,0.0352544509964045,93673.449005,95238.28786214285,93673.449005
SOL,2024-12-02 12:00:00,2024-12-02 16:00:00,229.324605,2023-2024,221.61,222.84,4.79642857142857,0.033640546333874546,0.028276970105322922,0.07320409425756993,0.07320409425756993,212.537105,220.2113907142857,212.537105
BTC,2024-12-02 16:00:00,2024-12-02 20:00:00,95863.91800499998,2023-2024,94395.0,94766.0,1126.9471428571414,0.015322949818547689,0.01145288058164617,0.041144938388542295,0.041144938388542295,91919.603005,93722.71843357141,91919.603005
SOL,2024-12-02 16:00:00,2024-12-02 20:00:00,224.08198499999997,2023-2024,220.0,221.61,5.124999999999998,0.018216480008421805,0.011031609703028833,0.08004882677204057,0.08004882677204057,206.14448499999997,214.34448499999996,206.14448499999997
BTC,2024-12-03 12:00:00,2024-12-03 16:00:00,95730.38126999998,2023-2024,93578.17,94395.0,1397.1764285714287,0.022482008756758664,0.013949398845844414,0.05108218974087035,0.05108218974087035,90840.26376999999,93075.74605571426,90840.26376999999
ETH,2024-12-03 12:00:00,2024-12-03 16:00:00,3573.5859,2023-2024,3500.0,3554.32,73.1064285714286,0.02059161359462495,0.005391195437613483,0.07160104924300269,0.07160104924300269,3317.7134,3434.6836857142857,3317.7134
SOL,2024-12-03 12:00:00,2024-12-03 16:00:00,223.321605,2023-2024,215.0,220.0,6.275714285714285,0.03726287476753539,0.014873639297012957,0.09835591142200503,0.09835591142200503,201.356605,211.39774785714286,201.356605
