symbol,datetime,period,close,ref_low,future_ret_6,future_ret_12,future_ret_24
BTC,2019-07-22 16:00:00,2019-2020,10162.66,10121.84,-0.0013164666052194068,-0.05165971814502619,-0.032366139023804176
ETH,2019-07-22 16:00:00,2019-2020,213.53,212.52,0.01607393150947654,-0.008607159879003123,0.027620451544225724
ETH,2019-07-23 04:00:00,2019-2020,212.51,212.25,-0.03028797489829248,0.03781526718192138,0.03591041831351159
BTC,2019-07-23 08:00:00,2019-2020,10025.0,9970.0,-0.030744102936690648,0.004123158908612057,-0.05107701642543176
ETH,2019-07-23 08:00:00,2019-2020,212.53,210.88,-0.02433743170901153,0.04399955025251701,-0.023181027995291766
BTC,2019-07-23 12:00:00,2019-2020,9932.36,9883.0,-0.0020862715828861684,0.005576246887919242,-0.052147009712423024
ETH,2019-07-23 12:00:00,2019-2020,209.6,209.12,0.030679126048939957,0.053368905990241085,-0.014077634173672979
BTC,2019-07-24 04:00:00,2019-2020,9710.82,9615.0,0.03402937342506236,0.005498294226974626,-0.022674455441200104
BTC,2019-07-24 16:00:00,2019-2020,9650.99,9593.06,0.021204548072275314,0.01929357912122192,-0.00992475867410595
BTC,2019-07-27 08:00:00,2019-2020,9525.81,9525.0,0.0009621847475854531,-0.0042975705741450584,0.024092752575573587
BTC,2019-07-28 20:00:00,2019-2020,9541.54,9333.0,-0.0035592120802121494,0.0034181271264349562,0.08374320425186699
ETH,2019-07-28 20:00:00,2019-2020,211.62,203.0,-0.0034555429523426867,-0.00968668542922001,0.024367540916121744
ETH,2019-08-09 04:00:00,2019-2020,216.65,215.51,-0.023632708297720916,-0.027705454976797012,-0.03074713785038241
ETH,2019-08-09 16:00:00,2019-2020,210.02,207.95,-0.016805504266398923,0.02571174047697261,-0.008319435983148975
BTC,2019-08-10 08:00:00,2019-2020,11395.23,11382.84,0.006534853304805002,-0.005916427065967436,-0.07643411734548776
BTC,2019-08-10 12:00:00,2019-2020,11413.87,11350.0,-0.003147616199559612,-0.0012940003506387262,-0.08211397125729067
BTC,2019-08-10 16:00:00,2019-2020,11329.1,11310.0,0.004758676553079247,0.010081326361100673,-0.11110658388449085
BTC,2019-08-11 08:00:00,2019-2020,11469.94,11270.0,-0.012451280370772476,-0.016663880149793545,-0.1277300633155135
BTC,2019-08-13 16:00:00,2019-2020,10936.18,10911.0,-0.0758085058140319,-0.06052215755661337,-0.06811948224462767
BTC,2019-08-14 08:00:00,2019-2020,10556.7,10541.0,-0.044761092665220735,-0.016298132686764617,-0.016261545782753992
BTC,2019-08-15 12:00:00,2019-2020,10094.59,9928.1,0.0284629599784561,0.021334811607185346,0.05897281108487591
BTC,2019-08-16 04:00:00,2019-2020,9937.0,9911.0,0.04149303831466415,0.020164646816635136,0.08408990186648686
BTC,2019-08-21 16:00:00,2019-2020,10106.28,9921.16,0.005421500882632868,0.02901507241381989,-0.00446758919972916
BTC,2019-08-22 00:00:00,2019-2020,9872.48,9858.0,0.026224944464320558,0.04692620481452333,0.040137839174099396
BTC,2019-09-06 20:00:00,2019-2020,10298.73,10293.34,0.015143912929420363,0.007973964768259408,-0.01966834790950948
BTC,2019-09-09 08:00:00,2019-2020,10413.26,10090.0,-0.015570120271804497,-0.03371295053468145,-0.010407112513789181
BTC,2019-09-11 04:00:00,2019-2020,10066.0,9953.0,0.001369020738704149,0.02134419743341244,0.0237976286582797
BTC,2019-09-16 16:00:00,2019-2020,10121.39,10112.15,0.013401033650496653,0.004972111776678942,0.003958015157814549
ETH,2019-09-22 20:00:00,2019-2020,211.2,206.34,-0.04805889751916593,-0.24196299731882506,-0.24129980735088916
BTC,2019-09-23 12:00:00,2019-2020,9867.01,9853.97,-0.03503445805913147,-0.1729473786657685,-0.21204419513369163
ETH,2019-09-23 12:00:00,2019-2020,209.48,206.1,-0.08370129208180928,-0.23565707459416932,-0.2445179688874284
BTC,2019-09-24 00:00:00,2019-2020,9719.98,9615.77,-0.12642821153528042,-0.15055529172509668,-0.17451178723851257
BTC,2019-10-30 08:00:00,2019-2020,9097.69,9072.0,0.0013005831388825067,0.007170562216122206,0.0064456586926143825
BTC,2019-10-30 12:00:00,2019-2020,9093.72,9018.0,0.01313783050417585,-0.0012422874428265644,0.009190383983682736
BTC,2019-10-31 08:00:00,2019-2020,9109.53,9001.01,0.0058699790772395915,0.014344136383247313,0.016404528413534448
BTC,2019-11-07 20:00:00,2019-2020,9216.2,9119.0,-0.04920077557405485,-0.04514233675441978,-0.05382293494270326
BTC,2019-11-11 08:00:00,2019-2020,8726.74,8696.0,0.002521243920181749,0.005294927001292599,-0.011084799580131787
BTC,2019-11-12 12:00:00,2019-2020,8705.27,8618.68,0.005259959023733673,-0.0071128974771476824,-0.025110262948414893
BTC,2020-01-19 08:00:00,2019-2020,8681.44,8586.0,-0.007653524818630316,-0.002846894910531861,-0.030221354196889823
BTC,2020-01-19 20:00:00,2019-2020,8701.7,8524.2,-0.0068438722969167065,0.003937444191740983,-0.03474875250481192
BTC,2020-01-23 16:00:00,2019-2020,8370.98,8326.0,0.015149308027211332,-0.0009645098211608602,0.0648828062544331
BTC,2020-01-24 00:00:00,2019-2020,8320.57,8306.39,-0.0027620354070030926,0.005782132771621338,0.09085597675846596
BTC,2020-01-24 08:00:00,2019-2020,8412.77,8275.5,-0.011516510903403018,0.007859419378414438,0.07655795704866976
BTC,2020-02-02 04:00:00,2019-2020,9370.53,9204.44,-0.000252952582345663,-0.009855751561725008,0.02718894930237895
BTC,2020-02-04 08:00:00,2019-2020,9182.81,9120.0,0.02534045874634752,0.054678187960541816,0.06607105430002691
BTC,2020-02-04 12:00:00,2019-2020,9206.47,9108.0,0.02981353996895439,0.06113621545323479,0.06547851837111988
ETH,2020-02-16 12:00:00,2019-2020,258.83,256.08,-0.009120786676398667,0.055714984414022464,-0.010994031058079114
BTC,2020-02-17 12:00:00,2019-2020,9633.45,9568.0,0.020266690654801984,0.051169655023796244,0.005010548766110614
BTC,2020-02-19 20:00:00,2019-2020,9593.79,9452.67,0.00027409809652581926,0.00864108861613587,0.035088767869872514
BTC,2020-02-24 16:00:00,2019-2020,9601.09,9550.21,-0.025436685100199117,-0.0835925220898331,-0.11276794790119159
ETH,2020-02-25 04:00:00,2019-2020,257.69,256.0,-0.07978079933025854,-0.13374762262755505,-0.1172495910952944
ETH,2020-02-25 16:00:00,2019-2020,250.4,250.13,-0.08615493292186398,-0.0639423197741993,-0.10620396675437485
BTC,2020-02-25 20:00:00,2019-2020,9315.84,9281.0,-0.05864199828916444,-0.05433042773669016,-0.08887621709935817
ETH,2020-02-25 20:00:00,2019-2020,246.67,245.93,-0.09671790793557251,-0.07962725905906046,-0.1271867834367104
BTC,2020-02-26 08:00:00,2019-2020,9158.37,9111.0,-0.039421161920695655,-0.06453990420851374,-0.057297351372720504
ETH,2020-02-26 16:00:00,2019-2020,229.73,225.98,0.022212613147664702,-0.03170797812894672,-0.06005346210193603
BTC,2020-02-27 00:00:00,2019-2020,8739.68,8633.63,0.011131587038925963,-0.0028588782999153634,-0.015880003884326033
ETH,2020-02-27 00:00:00,2019-2020,218.85,215.66,0.048692244952707534,0.049736222602008495,-0.00022849308907810383
BTC,2020-02-28 12:00:00,2019-2020,8715.94,8531.0,-0.007594212223198,-0.01831038539169152,0.004244108048102753
ETH,2020-03-01 16:00:00,2019-2020,216.34,214.01,0.07023089561100507,0.0332757973978988,0.07294179896874642
BTC,2020-03-08 08:00:00,2019-2020,8741.53,8695.73,-0.11333092747993782,-0.08054904012965076,-0.36521933433507003
ETH,2020-03-08 16:00:00,2019-2020,212.94,212.0,-0.07461384023411713,-0.05224781147688481,-0.4310791792051671
ETH,2020-04-20 20:00:00,2019-2020,170.2,167.14,0.0031677154428867106,0.07087124724468735,0.09728451410804265
ETH,2020-05-04 00:00:00,2019-2020,203.6,202.07,0.011961573108458835,0.015546500889302433,0.044571341993066
BTC,2020-05-04 04:00:00,2019-2020,8648.41,8573.98,0.041353511660439594,0.04186705086069983,0.12604105560849227
ETH,2020-05-11 16:00:00,2019-2020,187.2,179.59,0.012211460478989323,0.049908789394127774,0.03959046727100856
BTC,2020-05-21 08:00:00,2019-2020,9389.97,9326.0,-0.024141112239956568,-0.023459476833961615,-0.07031300730942289
BTC,2020-05-21 16:00:00,2019-2020,9065.53,8949.74,0.01186356554388558,0.012654643619649573,-0.01528018308112222
ETH,2020-05-21 16:00:00,2019-2020,198.57,196.6,0.04471228727782146,0.04225321036179169,0.030306101137950032
BTC,2020-05-25 00:00:00,2019-2020,8786.57,8700.0,0.01324924004384687,0.004806012156052841,0.08030277359834373
ETH,2020-05-26 16:00:00,2019-2020,199.3,197.12,0.03548918518233836,0.07424415383462932,0.17375511488897297
BTC,2020-06-02 12:00:00,2019-2020,9468.81,9381.41,0.009510217199665435,0.037373637976482625,0.019127718049849262
BTC,2020-06-07 12:00:00,2019-2020,9500.03,9450.0,0.02139880897585184,0.022879345039637466,0.0022164821488237676
ETH,2020-06-07 12:00:00,2019-2020,237.43,236.0,0.02318860015139729,0.02450460626335334,0.006507023232456758
BTC,2020-06-15 04:00:00,2019-2020,9123.3,9122.0,0.040890651529985354,0.041827703481883756,0.019131205181556612
ETH,2020-06-15 04:00:00,2019-2020,224.56,224.07,0.036766757857583,0.04467633114843866,0.016824188589873484
BTC,2020-06-19 00:00:00,2019-2020,9274.26,9236.61,0.006061859227066166,0.01046022524764256,0.04056654529121162
BTC,2020-06-20 08:00:00,2019-2020,9325.87,9215.79,0.0034927624717521906,0.014216697340132471,0.0005842251866454211
ETH,2020-06-20 08:00:00,2019-2020,229.02,226.74,0.0043134502537193475,0.03247708113239747,0.03871340675454022
BTC,2020-07-02 16:00:00,2019-2020,9055.15,9024.67,0.003370293589749354,0.008156460091924868,0.025567220565127863
BTC,2020-07-05 20:00:00,2019-2020,9069.41,8940.0,0.029848617569280738,0.020514939080292255,0.017815073406998675
BTC,2020-07-14 04:00:00,2019-2020,9181.01,9157.5,0.005452913813575529,-0.006262892848178212,-0.005311975656399661
BTC,2020-07-14 08:00:00,2019-2020,9232.95,9151.0,-0.0014827486889209146,-0.016527117747392395,-0.007943345821992734
BTC,2020-07-16 04:00:00,2019-2020,9123.69,9113.0,-0.0015082024376273995,0.0009509171917784603,0.006231305410608276
BTC,2020-08-02 04:00:00,2019-2020,11323.78,10831.0,-0.011249230007070518,-0.00282459832944853,0.026554902087055254
ETH,2020-08-07 12:00:00,2019-2020,385.49,380.77,0.012810278924952753,0.0030305015746527227,-0.008361927931724645
BTC,2020-08-11 12:00:00,2019-2020,11480.79,11450.0,0.00872947634069402,0.0016527008966680371,0.031820582116745065
BTC,2020-08-11 16:00:00,2019-2020,11387.05,11372.0,0.015850633496381227,0.010406668441017208,0.038762767032748356
ETH,2020-08-11 16:00:00,2019-2020,380.53,377.4,0.01667878029576006,0.03420196468013078,0.12662906214610353
BTC,2020-08-11 20:00:00,2019-2020,11392.08,11285.0,0.01500698346852347,0.033484801106567985,0.03961200160307231
ETH,2020-08-11 20:00:00,2019-2020,379.0,376.24,0.021353496093377,0.11347002473387166,0.13162984968940764
ETH,2020-08-12 04:00:00,2019-2020,379.09,367.0,0.027218582866800844,0.10775286129644625,0.11819036107252744
BTC,2020-08-19 04:00:00,2019-2020,11823.34,11686.0,-0.010155133213770201,0.0012450654380152472,-0.017652486124718876
ETH,2020-08-19 04:00:00,2019-2020,413.4,412.47,-0.022258470600942583,-0.0014524330803148745,-0.05588713142274352
BTC,2020-08-19 20:00:00,2019-2020,11754.59,11612.71,0.008383598166900236,-0.01917525652037328,-0.009098150502429351
ETH,2020-08-19 20:00:00,2019-2020,407.46,395.0,0.02059825073601981,-0.0490147513074238,-0.04197717153453524
ETH,2020-08-22 00:00:00,2019-2020,385.39,385.1,0.011506241179955407,0.02016430392306989,0.002332574144898556
BTC,2020-08-25 12:00:00,2019-2020,11419.41,11411.87,0.00493638787932517,-0.008459054522463495,0.0071185794750209044
ETH,2020-08-25 12:00:00,2019-2020,385.56,381.58,0.011090877402231478,-0.004601294918714056,0.04292373700355149
BTC,2020-09-04 12:00:00,2019-2020,10424.67,9960.8,-0.014569387157942315,-0.024401590571963637,-0.03178029260404971
ETH,2020-09-04 12:00:00,2019-2020,384.34,372.0,-0.07292382518114636,-0.10946251504807329,-0.11885362466388864
ETH,2020-09-05 12:00:00,2019-2020,357.31,347.42,-0.03653868986692688,-0.031615995035756954,-0.013666611686911292
BTC,2020-09-05 16:00:00,2019-2020,9956.66,9875.5,0.029845460014832872,0.019081281217731866,0.03164433432893703
ETH,2020-09-13 16:00:00,2019-2020,363.02,355.49,0.031133873791442647,0.004507483445226999,0.06966111454666973
ETH,2020-09-13 20:00:00,2019-2020,366.42,353.57,0.02878322272472259,-0.006461527245345662,0.06072414906210041
BTC,2020-09-20 16:00:00,2019-2020,10871.03,10745.83,-0.03486430046442665,-0.03549125017463204,-0.020182939564586652
ETH,2020-09-20 16:00:00,2019-2020,371.23,370.15,-0.07206074869611294,-0.07740183541358676,-0.07041194370592906
ETH,2020-10-01 16:00:00,2019-2020,353.18,350.45,-0.028227506918292795,-0.008873273622288758,-0.004682785869834165
BTC,2020-10-02 04:00:00,2019-2020,10490.88,10437.0,0.0035083197922290126,0.011557338252194998,0.02077894667090465
BTC,2020-10-02 08:00:00,2019-2020,10436.63,10385.02,0.009537922370765497,0.015603019922523827,0.024672444209631494
ETH,2020-10-06 08:00:00,2019-2020,346.12,343.7,-0.02007771424503875,-0.02480529662301893,0.07192012878501758
ETH,2020-10-06 12:00:00,2019-2020,351.34,343.6,-0.030869503152805563,-0.006109591619789691,0.0592340177184205
ETH,2020-10-06 20:00:00,2019-2020,340.75,339.5,0.00243284161440357,0.029494692599788506,0.08375835380918475
ETH,2020-10-07 00:00:00,2019-2020,336.85,336.8,0.0069521765110791105,0.038123983809804696,0.09540463335686053
BTC,2020-10-16 04:00:00,2019-2020,11305.87,11250.83,0.003453295471593157,0.013139174677515512,0.03729296764462836
ETH,2020-10-16 08:00:00,2019-2020,369.94,365.0,-0.004931858355746753,0.007620777143975432,-0.005285066439732965
ETH,2020-10-26 08:00:00,2019-2020,405.1,401.3,-0.00696072863368147,-0.04607107973469319,-0.06543746863931861
ETH,2020-10-26 16:00:00,2019-2020,391.56,391.5,0.03660841024590928,-0.017700945254095424,-0.021633907725383195
ETH,2020-10-28 12:00:00,2019-2020,387.54,382.3,0.008069741306839845,-0.013953533482631198,0.0022681591248690227
ETH,2020-10-30 08:00:00,2019-2020,379.44,375.06,0.028270433938255526,0.01905615105311965,0.000447928338956282
ETH,2020-11-03 04:00:00,2019-2020,375.52,371.4,0.007296494250531422,0.07020290461775071,0.19486067099703536
ETH,2020-11-15 20:00:00,2019-2020,448.08,442.75,0.027449639532667772,0.0732834810548166,0.05041695086064362
ETH,2020-11-26 08:00:00,2019-2020,512.69,505.0,-0.009504936677816813,0.011268653653720968,0.1374976530221303
BTC,2020-11-26 16:00:00,2019-2020,16516.87,16334.0,0.01718349087731455,0.07563044959833287,0.15364708511855657
ETH,2020-11-26 16:00:00,2019-2020,500.14,482.0,0.01303105325235661,0.08771260132936055,0.18601701685278618
ETH,2020-12-05 00:00:00,2019-2020,575.9,565.82,0.036066827466767,0.03198851154354526,-0.04216862055724909
BTC,2020-12-08 12:00:00,2019-2020,18809.91,18700.0,-0.02478153243955346,-0.036590817795849176,-0.02208699979288925
ETH,2020-12-08 12:00:00,2019-2020,574.13,570.73,-0.011209897920046863,-0.029142258628003143,-0.03471691026380657
BTC,2020-12-09 00:00:00,2019-2020,18300.01,18200.0,0.005979895661420663,-0.017036643464742894,0.026126196555258812
ETH,2020-12-09 00:00:00,2019-2020,552.12,549.22,0.027757233989030242,-0.008823131852002866,0.02380340386562018
BTC,2020-12-09 08:00:00,2019-2020,18244.95,17830.0,-0.002879457845924178,-0.033282299488616295,0.0570873718721276
ETH,2020-12-09 08:00:00,2019-2020,561.89,537.0,-0.01235600563270871,-0.04183174676420084,0.041262553104412104
ETH,2020-12-20 20:00:00,2019-2020,638.18,625.76,-0.04913652142708067,-0.002714514898135099,-0.041381685000567894
BTC,2020-12-21 12:00:00,2019-2020,22681.32,22350.0,0.028737482370953284,0.0333143176291394,0.057558687647757054
ETH,2020-12-21 12:00:00,2019-2020,610.45,603.0,0.02561713249995336,-0.007613477870579821,0.004853466185364061
ETH,2020-12-22 08:00:00,2019-2020,611.63,591.46,-0.015703980049268044,-0.048403567227069566,0.01792127813230869
BTC,2021-01-04 08:00:00,2021,30743.06,28624.57,0.03306778031625246,0.12735335614184223,0.29487540985455984
BTC,2021-01-10 20:00:00,2021,38150.02,36500.0,-0.07468819862209011,-0.11365983301051316,0.02573364527820271
BTC,2021-01-11 00:00:00,2021,35438.23,35111.11,-0.01287292607300981,-0.046783190890401484,0.08804841911266875
ETH,2021-01-11 00:00:00,2021,1104.14,1065.0,-0.014247775976480023,-0.05340528604131403,0.09902152155936648
BTC,2021-01-11 04:00:00,2021,34375.34,33600.0,0.05760288438845715,0.017634258865835917,0.11261932909874565
BTC,2021-01-11 16:00:00,2021,32254.62,31115.0,0.07264919943637549,0.10992014770746567,0.08787501453972185
ETH,2021-01-11 16:00:00,2021,984.41,950.0,0.09522613885694006,0.11291210542178698,0.1412347041663184
BTC,2021-01-17 08:00:00,2021,35267.17,34408.0,0.03277164802850973,0.055142028567460914,-0.09071838427799601
BTC,2021-01-20 16:00:00,2021,35197.12,33850.0,-0.08068894467533808,-0.0467501475200967,-0.11714522525182987
ETH,2021-01-21 12:00:00,2021,1188.68,1188.0,0.03650944808514091,0.03438208140025182,0.18823080501351194
ETH,2021-01-21 16:00:00,2021,1231.18,1185.75,0.029160178631359727,0.021414954915436338,0.11618799061450948
BTC,2021-01-22 00:00:00,2021,30943.4,30071.0,0.0449181717558368,0.04846632548382488,0.018420022178298544
ETH,2021-01-22 00:00:00,2021,1160.73,1086.0,0.05932185455795695,0.10817117011378126,0.12311314326336185
BTC,2021-01-26 12:00:00,2021,31750.23,30900.0,-0.04600633054340938,0.0055361033097895505,0.07462387580926197
ETH,2021-01-27 12:00:00,2021,1281.08,1244.56,0.05271958807800866,0.08603646368164208,0.023163007348625312
ETH,2021-02-01 00:00:00,2021,1316.92,1281.12,0.0386314610992291,0.15620747985620553,0.21939446745580957
ETH,2021-02-07 16:00:00,2021,1565.44,1525.01,0.08008201754936158,0.12425789470832231,0.1344173323411993
BTC,2021-02-15 00:00:00,2021,47120.3,46125.0,0.051771286170497414,0.05244311388233961,0.08391414623720259
BTC,2021-02-22 12:00:00,2021,53236.69,50918.0,-0.09108252071297107,-0.06634134664081709,-0.11202746033181646
BTC,2021-02-26 04:00:00,2021,44973.68,44892.56,0.04743747493270041,-0.012819266810051709,0.07200836817719065
SOL,2021-02-27 20:00:00,2021,13.1916,13.1,-0.007831000852934498,0.1275028035213227,0.06476307065381455
BTC,2021-02-28 04:00:00,2021,44400.83,44106.78,0.04162847396592485,0.0848276349872422,0.11267614390900652
SOL,2021-02-28 04:00:00,2021,12.1365,12.028,0.17873777967837592,0.1642099144175841,0.12305983255905242
ETH,2021-02-28 12:00:00,2021,1318.22,1313.74,0.16308809582858064,0.16421523388705184,0.1793814619150032
BTC,2021-02-28 16:00:00,2021,44405.32,43168.0,0.08330241709363834,0.0666845095609569,0.07784922879958849
BTC,2021-03-05 00:00:00,2021,47289.81,47047.6,0.028515641638977574,0.04671648302273162,0.1297333619869789
ETH,2021-03-05 00:00:00,2021,1481.67,1455.52,0.033208399674358506,0.10698708492713216,0.2209341432054796
SOL,2021-03-05 04:00:00,2021,12.5038,12.35,-0.017303633029287627,0.020102412776201607,0.1042218135510194
ETH,2021-03-05 08:00:00,2021,1480.15,1445.45,0.05514796416312731,0.1256736921630669,0.21064677932754508
SOL,2021-03-05 08:00:00,2021,12.5116,12.2508,-0.034707749405416585,0.08527214467306829,0.1328897820601111
SOL,2021-03-06 12:00:00,2021,12.2773,12.0025,0.0971574133454282,0.10357432703967916,0.18558377792766
ETH,2021-03-12 12:00:00,2021,1775.47,1725.0,0.055108656405596,0.045440845899063005,0.015891354651248343
SOL,2021-03-15 04:00:00,2021,13.9359,13.8439,-0.028015278640079154,-0.03083086004024286,0.004624798838992021
BTC,2021-03-15 08:00:00,2021,56150.79,54962.84,-0.012176603120127139,-0.023620895848176768,0.04663378559170183
SOL,2021-03-15 08:00:00,2021,14.2587,13.7233,-0.04504998145259387,-0.06915970085020796,-0.005534725631098044
ETH,2021-03-16 00:00:00,2021,1748.59,1723.22,0.01028100941044305,0.04750422062850487,0.04707875137860353
SOL,2021-03-16 04:00:00,2021,13.5509,13.4717,-0.0028155814001636324,0.04805580172312943,0.06866073507178323
SOL,2021-03-17 08:00:00,2021,13.3059,13.1389,0.05512634049764744,0.06362497521910992,0.031615994615087885
SOL,2021-03-21 04:00:00,2021,13.9532,13.8554,0.14813502184397284,0.033350988768565994,-0.04760654877604333
SOL,2021-03-21 12:00:00,2021,13.9345,13.6755,0.1277791162076717,0.05435008378795009,-0.08522734241577977
BTC,2021-03-23 04:00:00,2021,54161.34,53650.0,0.02377039777168091,-0.03553119385463192,0.014461406573448979
ETH,2021-03-23 04:00:00,2021,1679.36,1655.15,0.009364363204272459,-0.06481803174173614,0.007533953094790101
ETH,2021-03-24 00:00:00,2021,1678.89,1650.0,-0.06568875145941944,-0.036490969584549206,0.01892760038868414
BTC,2021-03-25 00:00:00,2021,52122.86,51700.0,0.005440171534206143,0.04937408980266448,0.060463202811433185
SOL,2021-03-26 00:00:00,2021,12.689,12.47,0.159168299151619,0.3054869984115414,0.4549467958891717
BTC,2021-04-04 00:00:00,2021,57492.42,56880.0,-0.00044015486506742134,0.019230036700550315,-0.01669379513319584
ETH,2021-04-07 08:00:00,2021,1977.89,1975.24,0.009575373616004523,0.05216732898436054,0.08210610411158335
BTC,2021-04-07 12:00:00,2021,56451.45,55700.0,0.02305626281321792,0.031191427174466466,0.05503705828796713
ETH,2021-04-07 12:00:00,2021,1977.04,1957.59,0.04086245823442507,0.042191994014758955,0.0831226023895939
BTC,2021-04-07 16:00:00,2021,56153.83,55612.0,0.027767647162684324,0.038717278087145875,0.06132975691479951
SOL,2021-04-11 04:00:00,2021,26.3355,25.6431,0.07188389327826301,0.017301196084173392,0.015624111054343862
SOL,2021-04-14 08:00:00,2021,25.99,25.5131,0.021656824643623007,0.005261241176173717,-0.026725651265028502
SOL,2021-04-14 12:00:00,2021,25.7589,25.4909,0.056075137873284775,0.00858915214682151,0.08798887821173536
BTC,2021-04-17 16:00:00,2021,60705.02,60000.0,-0.08567540267760244,-0.08190868104308299,-0.0900272331532766
BTC,2021-04-22 00:00:00,2021,53497.09,53329.96,-0.061646835184918654,-0.06540806785537297,-0.020739943567194715
BTC,2021-04-22 16:00:00,2021,52923.54,52561.0,-0.03944277888844797,-0.04355861690499453,0.02080577684212946
BTC,2021-04-23 08:00:00,2021,50070.36,47700.0,-0.020105762729549198,-0.010432222989284683,0.09667159012877262
BTC,2021-04-25 20:00:00,2021,49066.77,47500.0,0.09582776337101846,0.11436877431404015,0.08752713961388364
BTC,2021-04-29 20:00:00,2021,53555.0,52476.69,0.07444869860711945,0.07628601382533313,0.06530945207058038
BTC,2021-05-04 16:00:00,2021,54541.13,53526.0,0.046479994994504906,0.028687183676605353,0.07910017996792383
SOL,2021-05-04 16:00:00,2021,44.551,42.324,0.03118036778070577,-0.01702361428246884,0.007736377017202697
BTC,2021-05-05 00:00:00,2021,54795.19,53046.69,0.03588267564131192,0.016479520705577948,0.06769150947165269
SOL,2021-05-07 04:00:00,2021,42.251,41.603,0.032025280733836425,0.05661389980525878,-0.015047201196649982
BTC,2021-05-10 16:00:00,2021,55733.76,55570.35,0.015580855810720277,-0.023626686364799088,-0.10580506878965495
BTC,2021-05-10 20:00:00,2021,55816.14,55516.85,0.01518224822672772,-0.11744098881305226,-0.11321610772123923
SOL,2021-05-10 20:00:00,2021,42.854,42.0,0.03854376778493082,0.019755040975041795,-0.003600069343955109
BTC,2021-05-13 00:00:00,2021,50461.99,48600.0,-0.02618220320635074,-0.0166851376478132,-0.16198824563764427
ETH,2021-05-13 00:00:00,2021,3941.08,3650.0,-0.03887508084720375,0.02122662293817968,-0.1958413449671242
SOL,2021-05-13 16:00:00,2021,39.06,39.0,0.09956031684132902,0.07926253812440733,0.22987964537035477
BTC,2021-05-16 20:00:00,2021,46431.5,44444.44,-0.06434306949225864,-0.08027759736665832,-0.1360185725589464
ETH,2021-05-16 20:00:00,2021,3582.1,3346.72,-0.08734084696477265,-0.059533155763290685,-0.2576002195003742
BTC,2021-05-17 04:00:00,2021,45149.18,42777.0,0.0005208040517230639,-0.11184951373408397,-0.12503617934681877
ETH,2021-05-17 04:00:00,2021,3520.85,3212.0,-0.0030807022645501993,-0.16510269088722374,-0.27029199469974974
BTC,2021-05-17 16:00:00,2021,44197.73,42196.97,-0.02138236726065403,-0.11635714120937099,-0.20343042334764672
BTC,2021-05-19 04:00:00,2021,40371.44,40125.0,-0.010251658540426641,-0.013186665612734778,-0.11661429690034156
BTC,2021-05-19 08:00:00,2021,38700.0,38550.0,0.04484909964267525,0.06075934446307775,-0.0894357369144225
SOL,2021-05-19 08:00:00,2021,43.969,41.602,-0.0167651019226576,-0.04073292057650435,-0.5381228900509027
BTC,2021-05-19 12:00:00,2021,37318.52,36333.0,0.10458505034516305,-0.014139438232572746,-0.11338922544596991
ETH,2021-05-19 12:00:00,2021,2742.61,2442.82,0.057175631678318156,-0.12485739825670794,-0.35409315087232107
SOL,2021-05-19 12:00:00,2021,46.324,38.6,-0.009674485990195053,-0.22685260597375362,-0.704654287710571
ETH,2021-05-23 08:00:00,2021,2115.49,2101.0,0.11264944954437489,0.12314432998852615,0.2898871658340474
ETH,2021-05-23 16:00:00,2021,1968.09,1866.29,0.29782058636038244,0.2440634888738895,0.3373189647425782
SOL,2021-05-23 16:00:00,2021,22.939,21.337,0.3305508831466122,0.21288138842087737,0.40635112436134047
ETH,2021-05-28 20:00:00,2021,2412.1,2382.21,-0.05687507874505124,-0.010887795964420402,0.08822224344561079
SOL,2021-05-29 08:00:00,2021,28.728,28.0,0.023530497410194036,0.0937013320634405,0.12087241375071615
ETH,2021-05-29 12:00:00,2021,2328.92,2327.38,0.02273732116141871,0.12441927502902526,0.18108130073552028
ETH,2021-05-29 20:00:00,2021,2278.74,2216.6,0.0459872827806308,0.17190430195449533,0.171930168626583
SOL,2021-05-29 20:00:00,2021,27.388,25.713,0.04288208809891589,0.17879800082244438,0.21607907719634317
ETH,2021-05-30 00:00:00,2021,2296.12,2204.1,0.002023107616681633,0.13606343941277668,0.1715412211113508
SOL,2021-05-30 00:00:00,2021,26.764,25.7,0.04725173519995321,0.18512611930807432,0.2832915634868973
SOL,2021-06-08 00:00:00,2021,37.519,36.731,0.07835393229066959,0.08197012791413387,-0.057260328183383155
SOL,2021-06-08 04:00:00,2021,36.796,35.213,0.1553224806931367,0.13522850590343996,-0.018487045613439012
SOL,2021-06-08 12:00:00,2021,36.683,34.711,0.14803734371769844,0.11396229311135661,-0.00264777891523258
SOL,2021-06-12 00:00:00,2021,35.431,35.074,0.00904703855574298,0.06659850454385685,0.0970252328235056
ETH,2021-06-18 08:00:00,2021,2319.89,2306.0,-0.03453956780771403,-0.11190566524444003,-0.21721904383624
SOL,2021-06-20 00:00:00,2021,34.972,34.898,-0.06503427860792124,-0.22455997201328548,-0.18787279369491217
ETH,2021-06-20 12:00:00,2021,2111.21,2060.17,-0.062226882389032276,-0.1261418917376187,-0.061254494596743356
SOL,2021-06-20 12:00:00,2021,33.764,32.237,-0.13020287158675042,-0.2744617869339833,-0.09451379045516602
SOL,2021-06-21 08:00:00,2021,30.498,30.179,-0.3246206516718316,0.015906653999785542,-0.030765510741524674
SOL,2021-06-21 16:00:00,2021,28.58,28.353,-0.0776022543670901,-0.0045590119293813436,0.028831571497249527
SOL,2021-06-22 00:00:00,2021,27.938,25.925,0.07034256991744534,0.03668717831837328,0.044283674417540136
SOL,2021-06-22 12:00:00,2021,25.66,22.01,0.12429164323139237,0.17994799647881718,0.10251156647541802
ETH,2021-07-02 04:00:00,2021,2061.49,2033.96,0.06318573240148159,0.12456573803686202,0.12531921433800686
SOL,2021-07-02 04:00:00,2021,32.48,31.555,0.06850424638201975,0.084475837638615,0.052302637046572516
ETH,2021-07-08 08:00:00,2021,2168.59,2157.32,-0.041214223321699474,-0.027417675710662347,-0.03167328423434913
ETH,2021-07-09 00:00:00,2021,2121.42,2084.79,0.005903104983223369,-0.014395432470575589,-0.04404495663125542
SOL,2021-07-09 00:00:00,2021,33.412,32.37,-0.003838315855476371,-0.053040173940808684,-0.08140042691413098
SOL,2021-07-10 20:00:00,2021,31.693,31.477,0.015311453727365778,-0.02955564697564226,-0.010403214760886263
ETH,2021-07-13 04:00:00,2021,2027.72,2006.68,-0.06521603016679227,-0.03702322015291485,-0.07671527803355822
ETH,2021-07-13 12:00:00,2021,1998.94,1976.91,-0.0015620465982423822,-0.043531470917321596,-0.05770296826513512
SOL,2021-07-13 12:00:00,2021,30.255,30.011,0.010750140511674838,-0.05050208975902798,-0.13149837785121346
SOL,2021-07-13 20:00:00,2021,29.136,28.961,0.07371809856345433,-0.020492733569029493,-0.08349801138721544
SOL,2021-07-14 04:00:00,2021,28.1,27.706,0.07781740296837801,0.008292920617459114,-0.04390354664412616
SOL,2021-07-17 00:00:00,2021,26.232,26.196,0.04709686827024155,-0.010577242783425152,-0.0862630917749178
SOL,2021-07-17 08:00:00,2021,26.451,26.0,0.03488401850198714,-0.06436966969241906,-0.009267414118466722
BTC,2021-08-03 04:00:00,2021,38593.44,38512.0,-0.02001053916120505,0.007155609708639542,0.11294080362107471
BTC,2021-08-03 12:00:00,2021,38169.44,37955.52,0.02924021272381497,0.015095818422078541,0.12773806559643303
BTC,2021-08-03 16:00:00,2021,38011.37,37703.75,0.04477910530710514,0.06815208538115163,0.14474422849163338
BTC,2021-08-05 12:00:00,2021,38750.01,37508.56,0.08528873324436566,0.11264224717435457,0.16869664516749172
BTC,2021-08-17 00:00:00,2021,46417.0,45500.0,-0.02976449373088768,-0.05240920689673999,0.050641628968361455
ETH,2021-08-17 16:00:00,2021,3116.91,3111.13,-0.028012215922585484,0.009791777159863586,0.03173456161783579
BTC,2021-08-18 00:00:00,2021,45055.78,44376.0,-0.02264471316585235,0.04341032713538677,0.07962409611658952
ETH,2021-08-18 00:00:00,2021,3049.87,2991.89,-0.027550995864931326,0.05360825257125397,0.05614711275210723
BTC,2021-08-19 04:00:00,2021,44660.01,44044.65,0.04751986144738117,0.09160301631962277,0.11554215835565342
BTC,2021-08-24 16:00:00,2021,48243.2,48050.0,0.008440910121024346,-0.02739002074989402,0.008436593754812833
SOL,2021-08-24 16:00:00,2021,71.672,71.244,-0.020224917586694605,0.042049056975518535,0.27044966871114684
ETH,2021-08-25 08:00:00,2021,3139.68,3126.42,-0.016746226563113916,0.004782029985347359,0.013335619070984298
ETH,2021-08-26 04:00:00,2021,3105.16,3080.0,0.007044011494911515,0.039466427762944574,0.023850543540304255
BTC,2021-08-26 12:00:00,2021,46800.0,46560.01,0.02915771775186048,0.04207495282979589,0.02572689096510291
ETH,2021-08-26 12:00:00,2021,3104.77,3061.01,0.04231573946061254,0.04453004017785592,0.03570853301728679
BTC,2021-08-31 00:00:00,2021,47150.68,46853.0,-0.002272536915169974,0.049860645592771036,0.06420783762003242
BTC,2021-09-01 00:00:00,2021,47043.65,46700.0,0.05213318250794102,0.050428585064981234,0.05418852342234401
SOL,2021-09-07 12:00:00,2021,168.81,134.74,-0.015160849061009197,0.17577409418537537,0.11021807834992452
SOL,2021-09-13 08:00:00,2021,160.23,151.1,0.029577585743207797,-0.014458386137825305,-0.14321606926698008
BTC,2021-09-13 12:00:00,2021,44361.31,44132.29,0.05254110356486271,0.08481538943019941,0.0689412185373224
ETH,2021-09-13 12:00:00,2021,3202.62,3150.0,0.05637090113318895,0.08826217385299076,0.0746310676332484
SOL,2021-09-14 20:00:00,2021,158.88,150.3,-0.0005666257588566007,-0.04236260243326302,0.06305044319949243
ETH,2021-09-19 20:00:00,2021,3328.62,3302.0,-0.1115476716565549,-0.18519172438548223,-0.05436201482761589
BTC,2021-09-20 12:00:00,2021,43844.88,43240.33,-0.017766010747353195,-0.01428611476815769,-0.04432231663011864
ETH,2021-09-20 12:00:00,2021,3087.55,3011.0,-0.01708739733996275,-0.0263618322042627,-0.07058462664880172
SOL,2021-09-20 12:00:00,2021,144.1,134.0,-0.03963717737808318,-0.017077682679999883,-0.045720626035258304
BTC,2021-09-21 00:00:00,2021,42683.01,42500.0,-0.014891860864125608,0.032082023355999904,-0.0017563380397353533
ETH,2021-09-21 00:00:00,2021,2998.78,2913.39,-0.04489749766663156,0.03914657769391083,-0.029313899293324317
SOL,2021-09-21 00:00:00,2021,136.43,130.26,-0.056386930247429135,0.08531187114887746,0.015708271505928382
BTC,2021-09-21 20:00:00,2021,40734.38,40200.0,0.06669051131367976,0.09659132257622272,0.04643864259536971
ETH,2021-09-29 20:00:00,2021,2850.45,2789.0,0.05133872477868343,0.14944412213364217,0.1814997114564167
SOL,2021-10-10 16:00:00,2021,153.48,152.38,-0.08070533703270831,-0.022668340165065075,-0.0224684134708534
ETH,2021-10-11 00:00:00,2021,3518.15,3405.0,-0.009120097021549846,-0.004635316125895601,0.08255594804925598
SOL,2021-10-11 00:00:00,2021,151.47,145.55,-0.05614533101238888,-0.01456384843990034,-0.004101619933863917
SOL,2021-10-11 20:00:00,2021,144.77,141.32,0.05083729487710279,0.022336231352002897,0.11970760983470194
SOL,2021-10-12 08:00:00,2021,142.5,140.24,0.030137752314759316,0.0768310781753891,0.12911815985085584
SOL,2021-10-12 12:00:00,2021,143.54,140.17,0.019113916388145094,0.0625815776152401,0.10574361072232684
BTC,2021-10-12 20:00:00,2021,55996.93,54080.0,0.024172357303921338,0.02384005533566171,0.08353507700478065
ETH,2021-10-17 20:00:00,2021,3846.85,3720.04,-0.026843695583821218,0.007814765012476325,0.052200248746875136
SOL,2021-10-19 20:00:00,2021,155.78,153.13,0.12612180362005926,0.20120743907495314,0.2385588511559607
BTC,2021-10-22 16:00:00,2021,61032.7,60478.1,-0.00040445517424740455,-0.006404089615000884,0.01572459892983123
BTC,2021-10-23 08:00:00,2021,61552.23,60000.0,-0.02086911981002831,0.019418938790904408,-0.049765909349653116
BTC,2021-10-24 16:00:00,2021,60643.09,59562.15,0.03316434526187077,0.02212868854483197,0.010596806085081891
ETH,2021-10-27 08:00:00,2021,3992.09,3961.5,0.03926320011660619,0.0790631766307311,0.05254899036974708
SOL,2021-10-27 08:00:00,2021,190.0,185.22,0.02807584321136585,0.032874708863532554,-0.01923647180297678
ETH,2021-10-28 00:00:00,2021,3995.64,3909.0,0.09180614421186988,0.08329711327300789,0.04765447279130493
BTC,2021-10-28 16:00:00,2021,61289.13,58000.0,0.020285553813528395,0.0071813033676516634,0.00239315442596009
BTC,2021-11-01 04:00:00,2021,62178.31,59700.0,-0.010625532064860608,0.01937293243648605,-0.0007980241603777901
ETH,2021-11-01 04:00:00,2021,4302.93,4164.35,0.008764780638746106,0.06906615220022085,0.05128225533690869
BTC,2021-11-06 12:00:00,2021,60648.59,60081.21,0.0210376591885474,0.09029053105826303,0.11952513210262149
ETH,2021-11-06 12:00:00,2021,4398.57,4338.97,0.04565686282202904,0.07975988346998032,0.09702063614984441
SOL,2021-11-10 04:00:00,2021,240.87,235.89,0.013730192811901817,-0.05451708095624737,-0.023353575096913173
ETH,2021-11-10 20:00:00,2021,4628.78,4574.04,0.01930357828813424,0.007893101627105704,-0.00049269174916828
BTC,2021-11-12 16:00:00,2021,63845.01,62822.9,0.0015125212353743532,0.005077384256454971,-0.05871182545607898
BTC,2021-11-16 04:00:00,2021,60805.27,60422.2,-0.018545467678198122,-0.01777174215137312,-0.04070206967274161
BTC,2021-11-16 08:00:00,2021,60574.49,60293.06,0.003104405985857844,-0.02272445979946085,-0.03270119207968154
ETH,2021-11-16 08:00:00,2021,4292.43,4252.78,-0.009369476711107388,-0.024235807917954703,0.005899955095433124
SOL,2021-11-16 08:00:00,2021,224.93,224.13,-0.02088977829392674,-0.07873204782424016,-0.04254994962291156
BTC,2021-11-17 00:00:00,2021,59039.99,58574.07,0.013459489862998405,-0.05465063075445547,-0.006206893395345372
ETH,2021-11-17 00:00:00,2021,4122.11,4103.0,0.037471012152606106,-0.027406858530871075,0.05226695725574376
SOL,2021-11-17 04:00:00,2021,214.81,211.73,-0.010200350467275321,-0.08939687531484149,-0.004385562688238586
BTC,2021-11-17 08:00:00,2021,60762.83,58553.12,-0.02582886578531874,-0.06410963376168069,-0.03465931744464275
SOL,2021-11-17 08:00:00,2021,220.28,210.71,-0.057842269530313434,-0.0819890955433439,-0.04062718570179765
ETH,2021-11-18 12:00:00,2021,4071.77,4063.48,0.03484933865438242,0.03411143017611848,0.03968326641582871
BTC,2021-11-18 16:00:00,2021,57928.0,57650.0,0.0018118157560162355,0.025598962352566805,-0.033973641383406694
ETH,2021-11-18 16:00:00,2021,4065.41,4050.01,0.05378845090086703,0.07872396594998576,0.00024102904762641767
SOL,2021-11-18 16:00:00,2021,200.18,193.0,0.08210794374077221,0.07327980293141549,0.061323747937295794
BTC,2021-11-18 20:00:00,2021,56891.62,56592.06,0.020195240460608506,0.04830975376838865,-0.011392147868971704
ETH,2021-11-18 20:00:00,2021,3996.9,3960.0,0.07187661429380714,0.09884757127513825,0.02204009357243171
BTC,2021-11-22 16:00:00,2021,55993.03,55986.05,0.03138432320174732,0.014751438758350065,-0.03021029547841581
ETH,2021-11-22 16:00:00,2021,4066.39,4061.41,0.06876643700675168,0.035153475867509526,0.00406168918243501
BTC,2021-11-22 20:00:00,2021,56247.18,55800.0,0.022746522987712518,0.01571856336401714,-0.04584898600937655
ETH,2021-11-22 20:00:00,2021,4085.97,4051.0,0.060186153304300265,0.04390477887841622,-0.011017476653130518
BTC,2021-11-23 08:00:00,2021,56149.51,55610.0,0.00823181441799254,0.03259728257262262,-0.027879132221806283
SOL,2021-11-24 12:00:00,2021,212.34,210.53,0.009747944842666547,-0.0967947511419881,-0.11649465997848084
SOL,2021-11-26 04:00:00,2021,201.39,200.14,-0.03589143836374826,-0.0591670719164237,0.001885108207816858
BTC,2021-11-26 12:00:00,2021,54341.55,53680.45,0.010191797704472,-0.0008359898419172051,0.05194356123546508
ETH,2021-11-26 12:00:00,2021,4063.94,3980.0,0.016807036294169547,0.0033899669885464937,0.12690970308251506
SOL,2021-11-26 12:00:00,2021,192.75,183.75,0.019064835803284767,-0.019699908836492766,0.10003898841867302
BTC,2021-11-28 16:00:00,2021,54617.85,53500.0,0.05802272497001598,0.053682339527746585,0.03593582395959417
SOL,2021-11-28 16:00:00,2021,188.51,182.7,0.08896780190600558,0.1333921330211874,0.21668274854419942
BTC,2021-12-03 12:00:00,2021,55975.32,55777.77,-0.14947447535181432,-0.15471933607288457,-0.07879277426746746
ETH,2021-12-03 20:00:00,2021,4215.73,4182.78,-0.023637302670389607,-0.00458622063301393,0.021279520822040036
SOL,2021-12-03 20:00:00,2021,211.65,207.12,-0.05327219916850644,-0.07462783322074774,-0.10691039447336306
BTC,2021-12-09 20:00:00,2021,47545.59,47500.0,-0.008555687528783013,0.03805873187150853,-0.01788599076012367
SOL,2021-12-09 20:00:00,2021,181.11,178.91,-0.078778162361916,-0.05073839169191176,-0.1543255428133513
ETH,2021-12-10 12:00:00,2021,4022.9,4021.49,0.008706919767328694,0.00044236901752502475,-0.06070618943739733
ETH,2021-12-10 16:00:00,2021,4016.56,3985.0,-0.0031294559469865805,0.030103292380784605,-0.06368508680916966
SOL,2021-12-10 16:00:00,2021,173.57,172.51,-0.03273605153530926,0.004942538797253274,-0.1198881478172448
ETH,2021-12-11 00:00:00,2021,4008.53,3887.37,0.00850303646748499,-0.0030506529090101758,-0.04101399937429539
SOL,2021-12-11 00:00:00,2021,170.18,167.0,-0.0022354265441642505,-0.016470542366036362,-0.0585627578513408
ETH,2021-12-13 16:00:00,2021,3765.8,3764.12,0.0007804060099788261,0.05268989688794249,0.030209826984147852
ETH,2021-12-15 16:00:00,2021,3969.54,3653.41,0.006848825971670552,-0.0224800699037947,-0.014075020525644827
SOL,2021-12-28 00:00:00,2021,190.29,188.18,-0.05765004453317116,-0.11151625549403363,-0.09560451078163126
SOL,2021-12-28 04:00:00,2021,189.99,187.04,-0.07387721740249002,-0.08964176594938952,-0.09304420860781043
BTC,2021-12-28 12:00:00,2021,48937.48,48657.12,-0.02018957944982776,-0.03701000007768502,-0.035746363984177604
ETH,2021-12-28 12:00:00,2021,3897.9,3877.0,-0.026740360583296152,-0.049745750281659416,-0.045290561073311766
SOL,2021-12-29 04:00:00,2021,176.46,176.2,-0.015764548546899574,-0.02234921971305778,-0.0034059978431025873
SOL,2021-12-29 08:00:00,2021,175.55,175.32,-0.00485368547443049,-0.002452449399833825,0.0006264058745299764
ETH,2021-12-29 12:00:00,2021,3795.05,3759.36,-0.023005389698363316,-0.0027468159107522728,-0.004457820571303099
SOL,2021-12-29 12:00:00,2021,176.41,174.41,-0.014560453657396118,-0.004146672987148689,-0.0010208712320365415
ETH,2021-12-30 00:00:00,2021,3649.41,3604.2,0.02526314011930095,0.020222107525562586,0.03648037619640125
SOL,2021-12-30 00:00:00,2021,170.21,170.01,0.008074941477647889,0.01591174471240242,0.015101887550073537
SOL,2022-01-03 20:00:00,2022,170.15,167.67,-0.01438447864435282,-0.09635686314883417,-0.22072215379256732
SOL,2022-01-04 04:00:00,2022,169.04,166.59,0.004839195044062142,-0.11464521648536347,-0.1575481468490753
ETH,2022-01-06 04:00:00,2022,3453.12,3415.0,-0.07542448246412327,-0.0710993968079224,-0.08768135141661197
SOL,2022-01-07 04:00:00,2022,138.99,138.0,0.03818523836205912,0.009879805449567828,-0.012597907707026708
SOL,2022-01-07 12:00:00,2022,135.97,134.6,0.0591136322206143,0.029993555215545434,0.00813042383881358
SOL,2022-01-17 04:00:00,2022,143.23,141.84,-0.02116779805321429,-0.06333372693486877,-0.1238932660730354
SOL,2022-01-17 12:00:00,2022,142.15,141.66,-0.039313577120299835,-0.037339964404092006,-0.15359977051995405
SOL,2022-01-17 20:00:00,2022,139.8,138.8,0.010106128288490895,-0.03308791207311906,-0.21930614532902196
BTC,2022-03-31 12:00:00,2022,46453.81,46445.42,0.0016817623770528126,-0.0034232256420075216,-0.01780806247581312
BTC,2022-03-31 20:00:00,2022,45510.34,45500.0,0.01684575714059203,0.006584684069145797,0.023242660415202482
ETH,2022-04-05 20:00:00,2022,3406.99,3405.97,-0.07256775769697918,-0.05421741398934226,-0.04454075470429478
BTC,2022-04-06 00:00:00,2022,45215.88,45118.0,-0.04343337137799105,-0.03625451431030444,-0.05524395051467361
SOL,2022-04-06 08:00:00,2022,121.63,120.12,-0.03488579953597159,-0.05361969793907835,-0.0910030992899086
BTC,2022-04-06 16:00:00,2022,43754.57,43705.64,-0.00839195551849956,-0.023675156708820106,-0.01192790259244595
ETH,2022-04-06 16:00:00,2022,3225.33,3217.33,-0.0022876521820840833,0.0040904281739895885,0.02036887805585494
SOL,2022-04-06 16:00:00,2022,118.8,114.71,-0.00921743450415528,-0.04502202002498967,-0.03651729996283326
ETH,2022-04-07 00:00:00,2022,3185.57,3162.39,0.025442895512370882,0.00760231636033686,-0.0032259715315778644
ETH,2022-04-11 00:00:00,2022,3175.31,3173.52,-0.06246235061148687,-0.0405620799284844,-0.042890071536570096
ETH,2022-04-11 16:00:00,2022,3004.6,3002.36,-0.010640178008803803,0.02674102756963109,0.006042414703850636
ETH,2022-04-11 20:00:00,2022,2979.74,2977.54,0.015953995545066883,0.045445519369479624,0.020205660590961284
BTC,2023-01-18 16:00:00,2023-2024,20906.54,20573.13,0.008782009839011153,0.027836010734745145,0.08327819097525864
ETH,2023-01-18 16:00:00,2023-2024,1541.96,1518.76,0.006457870279762298,0.037255497893319375,0.05864963009094664
ETH,2023-01-25 00:00:00,2023-2024,1546.63,1535.0,0.04317608768616796,0.012273798518051719,0.030394031401928277
BTC,2023-01-30 20:00:00,2023-2024,22826.15,22627.9,0.013013096440887308,0.0389453499974232,0.026191533284757873
BTC,2023-02-06 04:00:00,2023-2024,22879.69,22743.0,0.0013635988538060284,0.015310290717719801,-0.04322842035277415
ETH,2023-02-06 04:00:00,2023-2024,1635.41,1609.3,-0.0019096006047736587,0.025512388571646057,-0.05254243333174093
ETH,2023-02-06 20:00:00,2023-2024,1614.29,1608.53,0.03454497124674816,0.02214062849452053,-0.06476114119482303
BTC,2023-02-09 04:00:00,2023-2024,22676.41,22424.48,-0.034303979972878394,-0.04435260556664065,-0.03631497212147188
BTC,2023-02-10 04:00:00,2023-2024,21911.71,21688.0,-0.01004862559376215,-0.005183707011752461,-0.006558145161506163
BTC,2023-02-10 12:00:00,2023-2024,21654.09,21622.4,0.0037653994592884796,0.01335864243069659,0.017730420438319523
BTC,2023-02-10 20:00:00,2023-2024,21625.19,21520.0,0.010916288456747329,0.007295799826273184,0.026226242738541617
ETH,2023-02-10 20:00:00,2023-2024,1513.06,1506.0,0.01668032526444855,0.00116913111216907,0.02779794273293368
BTC,2023-02-13 08:00:00,2023-2024,21603.11,21451.0,0.00952258276814604,0.03823637834570328,0.0964204722746928
BTC,2023-02-13 16:00:00,2023-2024,21607.81,21433.0,0.027427029216020977,0.07620936714639977,0.12661738671613146
ETH,2023-02-21 20:00:00,2023-2024,1659.76,1650.56,-0.010063968196039556,-0.005576565146614473,-0.040062634925509724
ETH,2023-02-22 00:00:00,2023-2024,1649.25,1636.3,0.010968877030434955,-6.669920781998448e-05,-0.028599735235613582
BTC,2023-02-22 16:00:00,2023-2024,23791.67,23627.08,0.007530105298002608,-0.025947757046930833,-0.012363609307753976
ETH,2023-02-22 16:00:00,2023-2024,1616.1,1604.5,0.02265462126216184,-0.0032600573041917467,0.010470333033092446
ETH,2023-02-24 16:00:00,2023-2024,1610.84,1595.07,-0.016417461798296132,0.013730390337284255,0.010602627999356988
BTC,2023-02-25 20:00:00,2023-2024,23157.07,22841.19,0.01703161058168721,0.014363635269047773,0.02017336811499624
ETH,2023-02-25 20:00:00,2023-2024,1594.58,1575.64,0.02891478779857588,0.024083963791763495,0.04334686815862065
BTC,2023-03-07 12:00:00,2023-2024,22320.9,22157.08,-0.008101398958467185,-0.030584057822087972,-0.10669697772960586
ETH,2023-03-07 12:00:00,2023-2024,1560.79,1549.12,-0.00025631331880230794,-0.0172873251110581,-0.08891023664146185
BTC,2023-03-08 04:00:00,2023-2024,21971.03,21927.0,-0.012940756961740938,-0.09631619155110932,-0.07680553935275088
ETH,2023-03-21 04:00:00,2023-2024,1730.34,1722.0,0.035432832788794916,0.011777751780520927,0.009725202383348987
BTC,2023-03-22 20:00:00,2023-2024,27250.97,26650.27,0.037610483876124916,0.007439879422357502,0.025973670422969854
ETH,2023-04-03 00:00:00,2023-2024,1778.34,1763.0,0.016330717981483892,0.07266296564494613,0.053850555786725936
BTC,2023-04-03 20:00:00,2023-2024,27800.0,27560.0,0.01306073888880465,0.013221916179202159,0.0038175241173933738
BTC,2023-04-17 00:00:00,2023-2024,29982.8,29966.0,-0.018032186167058064,0.00758982565436338,-0.0570058281886949
BTC,2023-04-18 00:00:00,2023-2024,29446.99,29240.65,0.025622011821421504,-0.020047830122320386,-0.07489360320854231
BTC,2023-04-19 08:00:00,2023-2024,29310.65,29096.78,-0.02429494375353986,-0.04338456954443928,-0.05858201740747369
ETH,2023-04-20 16:00:00,2023-2024,1927.7,1923.03,-0.04509569506273048,-0.02929883707292302,-0.051285103585548164
BTC,2023-04-21 04:00:00,2023-2024,28155.03,28010.0,-0.03165430606913281,-0.015611533241468186,-0.03206571478308645
ETH,2023-04-21 04:00:00,2023-2024,1928.44,1914.43,-0.04109340786802429,-0.028476129535929495,-0.06027887099175123
ETH,2023-04-21 12:00:00,2023-2024,1903.91,1898.0,-0.01967857450499303,-0.023704215186780904,-0.04782970828463786
BTC,2023-04-21 20:00:00,2023-2024,27262.84,27184.54,0.02011734939753183,0.011950532209116746,0.03736511666051514
ETH,2023-04-21 20:00:00,2023-2024,1848.78,1836.61,0.013634596948651654,0.007125216763134681,0.009324729465548265
BTC,2023-04-24 16:00:00,2023-2024,27383.29,27125.0,0.008295757579563684,0.01812868133078691,0.06862778905877583
ETH,2023-04-24 16:00:00,2023-2024,1831.33,1825.0,0.003450544308133277,-0.0014152737146086833,0.03278224853530183
ETH,2023-04-25 08:00:00,2023-2024,1826.03,1806.0,0.047354066037788724,0.02961680745400172,0.03863014492965019
ETH,2023-04-25 12:00:00,2023-2024,1814.99,1805.65,0.0737525351346589,0.045873923112965335,0.04868547491734116
ETH,2023-04-26 20:00:00,2023-2024,1866.01,1801.66,0.02260944219517275,0.013271598461552682,0.002184096583011218
BTC,2023-05-01 04:00:00,2023-2024,28629.09,28369.95,-0.02016842708892233,0.0008627358547261203,0.01501812375121809
BTC,2023-05-01 20:00:00,2023-2024,28068.26,27799.99,0.021206996165195773,0.03355809176725793,0.04994101419233578
ETH,2023-05-01 20:00:00,2023-2024,1830.73,1808.01,0.02126641628521955,0.039830204305859145,0.08507676233171418
ETH,2023-05-08 00:00:00,2023-2024,1865.39,1860.0,-0.011766237294215975,-0.011679452926195792,-0.05631144940957586
ETH,2023-05-08 04:00:00,2023-2024,1851.43,1840.0,-0.0015188986852799628,-0.0071225217900815155,-0.05094568613769133
BTC,2023-05-08 08:00:00,2023-2024,27934.09,27830.85,-0.009198732786288384,-0.009242811593421914,-0.05845505644471242
ETH,2023-05-08 08:00:00,2023-2024,1862.78,1838.34,-0.008637243212639058,-0.006619526658195371,-0.05399862841684889
BTC,2023-05-08 20:00:00,2023-2024,27668.79,27289.39,-0.0014655392981985705,-0.0025345813291252246,-0.03208938702084079
BTC,2023-05-10 16:00:00,2023-2024,27692.26,27262.0,-0.03114600975391877,-0.045533154481304135,-0.02980875529651636
ETH,2023-05-10 16:00:00,2023-2024,1849.4,1810.73,-0.03574541370691338,-0.03264005573216382,-0.02912113443306902
ETH,2023-05-11 12:00:00,2023-2024,1807.7,1790.51,-0.023593062424319654,-0.006549029956117981,0.011079622850246733
BTC,2023-05-11 16:00:00,2023-2024,26843.05,26777.0,-0.014387144727385375,-0.00019038397076642444,0.021201543338099305
ETH,2023-05-12 04:00:00,2023-2024,1759.47,1758.21,0.02442822420048651,0.025664301172005348,0.03529531812002614
BTC,2023-05-12 16:00:00,2023-2024,26459.62,26120.74,0.014196760756619065,0.01572439918478775,0.01773435971801672
BTC,2023-05-17 12:00:00,2023-2024,26796.93,26573.62,0.010758088082885373,0.003230966410579093,0.003800667195492617
ETH,2023-05-17 12:00:00,2023-2024,1797.24,1785.05,0.005963576171070054,0.010081216060417978,0.005598463258612977
BTC,2023-05-18 16:00:00,2023-2024,26734.01,26544.71,0.003750344847873039,0.012232052261829732,0.004792118497320352
ETH,2023-05-18 16:00:00,2023-2024,1795.2,1783.68,0.009005672735888813,0.014450567091410066,0.011740083895418802
ETH,2023-05-24 12:00:00,2023-2024,1793.35,1792.01,-0.000998630453070387,0.020689498788279283,0.02771073821977613
BTC,2023-05-25 00:00:00,2023-2024,26183.72,26080.5,0.009556342094080522,0.021471393313903117,0.06545787317239594
ETH,2023-05-25 00:00:00,2023-2024,1781.27,1777.6,0.014568288238008532,0.02930908557000186,0.06650953771117654
BTC,2023-05-31 16:00:00,2023-2024,27010.57,26851.0,-0.005490308139684424,0.008422233252073525,0.007470571601538628
BTC,2023-06-02 00:00:00,2023-2024,27000.0,26605.05,0.005289688600013518,0.0022707532206753113,-0.04814698216644029
BTC,2023-06-06 12:00:00,2023-2024,26066.11,25388.0,0.01081405534626413,0.024839217787036395,-0.016919284009176545
ETH,2023-06-10 08:00:00,2023-2024,1747.95,1724.43,0.0023885179694451476,-0.001345336608575719,-0.0011391250577068295
BTC,2023-06-10 16:00:00,2023-2024,25750.0,25456.41,0.010849282629929291,0.002878571381749223,0.004826778939620152
BTC,2023-06-28 16:00:00,2023-2024,30100.0,29930.0,0.01598419398198573,0.009007812548431615,0.015092836929259551
BTC,2023-06-30 12:00:00,2023-2024,30067.72,29858.8,0.016651357762444797,0.014209264536878657,0.029385017585380178
BTC,2023-07-06 12:00:00,2023-2024,30407.01,30200.0,-0.0005322557637564977,-0.00656638397207576,-0.0031027784856336566
BTC,2023-07-06 20:00:00,2023-2024,29895.43,29888.0,0.014916247025860701,0.012934697183380204,0.017117502205011303
BTC,2023-07-07 00:00:00,2023-2024,30135.4,29850.45,0.004616113780298546,0.005050703854113605,0.011238928161725389
ETH,2023-07-07 00:00:00,2023-2024,1858.02,1846.0,0.003181122307765482,0.005271278436928555,0.01165930330841709
ETH,2023-07-17 08:00:00,2023-2024,1910.09,1898.39,-0.008380172273640669,-0.00042415372804606796,-0.010970436448562321
SOL,2023-07-18 12:00:00,2023-2024,25.53,24.87,0.03237276911180291,0.006247579868399801,0.005858247568367849
BTC,2023-07-18 16:00:00,2023-2024,29715.99,29659.2,0.010988007200050345,0.0013455075586387586,0.004030433322460488
ETH,2023-07-24 08:00:00,2023-2024,1853.04,1851.18,0.00019425648392103052,-0.0010474767030306314,0.007312489570133515
BTC,2023-07-24 12:00:00,2023-2024,29093.78,29000.0,0.003010883902105948,0.00788188773522938,0.010061681856920347
SOL,2023-07-24 12:00:00,2023-2024,23.21,23.05,0.00043075598339976164,0.07068610898774332,0.08345054236662068
SOL,2023-07-25 12:00:00,2023-2024,23.22,22.89,0.07025535300434357,0.08024145556249436,0.0770567394949745
BTC,2023-07-30 20:00:00,2023-2024,29281.09,29083.85,-0.0016693633056041337,0.014406793798786259,-0.002991037844764976
ETH,2023-07-30 20:00:00,2023-2024,1861.79,1854.84,-0.0030393279859110174,0.006253935773525154,-0.014052589535135359
SOL,2023-07-30 20:00:00,2023-2024,24.25,23.87,-0.021676546935819996,-0.008281620831721986,-0.06825676545444928
BTC,2023-08-01 12:00:00,2023-2024,28954.0,28720.0,0.012609261123460494,0.01048124734953611,0.00301713344845037
ETH,2023-08-01 12:00:00,2023-2024,1834.58,1815.98,0.004264352396338312,0.0032217013618660536,-0.00043070901365609707
SOL,2023-08-01 12:00:00,2023-2024,23.27,22.88,-0.0004298302236819506,-0.02084313405660753,-0.029657646834288457
SOL,2023-08-02 16:00:00,2023-2024,23.18,22.84,-0.0125897039471303,-0.010407726210380901,0.0012933823747401456
SOL,2023-08-05 16:00:00,2023-2024,22.59,22.44,0.02707588980643389,0.016681686221094894,0.07296901986659081
BTC,2023-08-07 12:00:00,2023-2024,28858.44,28807.54,0.023186707513742456,0.030819834158613633,0.018452370823210645
ETH,2023-08-07 12:00:00,2023-2024,1818.18,1815.74,0.013873332710047974,0.01907787380523574,0.015076787094218723
BTC,2023-08-07 16:00:00,2023-2024,29154.91,28788.73,0.024707913414423327,0.00892288517374969,0.008261126469798001
ETH,2023-08-07 16:00:00,2023-2024,1825.28,1813.86,0.018342962759797646,0.012587000090344403,0.010507366742590767
ETH,2023-08-13 20:00:00,2023-2024,1840.73,1838.05,0.0025880114167464037,-0.006403797659352216,-0.09048192696173402
BTC,2023-08-14 00:00:00,2023-2024,29399.91,29252.45,7.14262391734801e-05,-0.005847010317235368,-0.10770336340869772
SOL,2023-08-14 00:00:00,2023-2024,24.4,24.21,0.0242926925690447,-0.029530114128461946,-0.12374338625835977
BTC,2023-08-15 16:00:00,2023-2024,29181.73,29102.45,-0.0024026732923185775,-0.045130858083751876,-0.11062638645943552
SOL,2023-08-15 20:00:00,2023-2024,23.9,23.75,-0.04624111450353534,-0.09841121736462036,-0.08739182211500984
SOL,2023-08-16 08:00:00,2023-2024,23.51,23.35,-0.018459420912079423,-0.06547473125744435,-0.0677479761554594
BTC,2023-08-16 12:00:00,2023-2024,29106.55,29059.6,-0.04111793390337763,-0.11278977662008974,-0.10876626884142705
BTC,2023-08-16 16:00:00,2023-2024,29111.7,29047.09,-0.0427281847914332,-0.11054635335166788,-0.10777865532042889
SOL,2023-08-16 16:00:00,2023-2024,23.34,22.93,-0.01076900349200595,-0.09193114795302182,-0.06871747790188151
ETH,2023-08-17 00:00:00,2023-2024,1798.52,1798.17,-0.06995762162873166,-0.08039352055970629,-0.06988010525335855
BTC,2023-08-17 16:00:00,2023-2024,27894.01,27888.0,-0.06781816856023465,-0.06549552837568368,-0.06656324989527439
BTC,2023-08-31 20:00:00,2023-2024,25940.78,25918.0,-0.005246038619321044,-0.0027511926667042733,-0.004433736989582912
BTC,2023-09-21 12:00:00,2023-2024,26584.02,26567.09,0.0017660428722155713,-9.291727716935178e-05,-0.012883561063843545
SOL,2023-10-05 16:00:00,2023-2024,22.8,22.58,0.026829822209176173,0.014369940282952607,-0.02666824708216141
SOL,2023-10-09 16:00:00,2023-2024,22.2,22.05,-0.007687128063981927,-0.013149135270858585,-0.02832532904824521
BTC,2023-10-11 04:00:00,2023-2024,27021.95,27011.01,-0.007849929067063546,-0.005453012244064665,-0.0051732374311992966
BTC,2023-10-11 16:00:00,2023-2024,26763.2,26727.56,-0.0018812147794687985,0.0005741312034396572,0.010428115415450658
SOL,2023-10-12 00:00:00,2023-2024,21.71,21.59,-0.02707915226223522,0.01463217692405126,0.01825701097915443
SOL,2023-10-12 08:00:00,2023-2024,21.5,21.49,-0.0009306654929531506,0.022080013841858256,0.0743737175711773
SOL,2023-10-12 16:00:00,2023-2024,21.22,21.15,0.01682282664415157,0.03791485109887662,0.1172592834839331
ETH,2023-10-27 16:00:00,2023-2024,1774.34,1756.21,0.0015430450600936387,0.01050071177963282,0.020710147559516046
ETH,2023-11-03 00:00:00,2023-2024,1798.34,1777.77,0.02003331454460254,0.04896120676448564,0.04977101126478213
BTC,2023-11-14 00:00:00,2023-2024,36448.07,36333.0,-0.029685574190468123,0.027251170618336984,-0.0020944837557685804
ETH,2023-11-17 16:00:00,2023-2024,1938.88,1912.72,0.012893089549168572,0.02277768184576218,0.023810648693718392
SOL,2023-11-21 12:00:00,2023-2024,55.11,54.7,-0.003089507228016211,0.026677797313993282,0.06054990214858223
SOL,2023-11-21 16:00:00,2023-2024,54.81,52.73,0.04512580139719877,0.027709581427760213,0.07417313019457289
BTC,2023-11-22 00:00:00,2023-2024,36380.0,35735.0,0.024965842533300045,0.02539363661005156,0.03644643239661698
ETH,2023-11-22 00:00:00,2023-2024,1978.31,1931.43,0.0402348565460923,0.04240290273511374,0.048175935350976515
ETH,2023-11-26 16:00:00,2023-2024,2057.05,2040.35,-0.030734135975585497,0.0009475104266898792,-0.007622374942681615
BTC,2023-11-27 04:00:00,2023-2024,37283.19,37150.0,-0.004787858848393744,0.0215848468921128,0.025446222226281668
ETH,2023-11-27 04:00:00,2023-2024,2045.56,2036.42,-0.015240998632413363,0.005873524441839999,0.022807399919411248
SOL,2023-11-27 04:00:00,2023-2024,55.93,55.7,-0.015132697348871342,0.0595196900256283,0.0844752356353284
BTC,2023-11-27 16:00:00,2023-2024,36877.0,36715.0,0.03300043984592811,0.02668209101691602,0.049862654132945196
SOL,2023-11-27 16:00:00,2023-2024,54.13,53.91,0.06974386720710044,0.10395550174629761,0.11142007982534345
SOL,2023-12-05 04:00:00,2023-2024,59.69,59.58,0.05966824532561187,0.05982606115486707,0.2541213041768925
SOL,2023-12-11 00:00:00,2023-2024,70.88,64.5,0.00422357378522124,-0.07924355379389127,0.048198782200098385
BTC,2023-12-11 16:00:00,2023-2024,40779.99,40400.0,0.008740505543654202,0.046803570398444114,0.03176310478618832
ETH,2023-12-11 16:00:00,2023-2024,2187.61,2161.0,-0.003920621694768836,0.029466353241049462,0.024656822808840836
ETH,2023-12-13 00:00:00,2023-2024,2166.03,2156.62,0.038651804349575034,0.05147679301442229,0.022925091624045223
ETH,2023-12-13 04:00:00,2023-2024,2172.49,2150.0,0.04954630671301503,0.044548821398265395,0.01649843864918724
SOL,2023-12-13 04:00:00,2023-2024,64.89,64.18,0.0972836022321815,0.16616461063942584,0.10923648950251921
BTC,2023-12-18 08:00:00,2023-2024,41105.12,40801.0,0.04451169195297026,0.04190988982111853,0.0624489779388674
SOL,2023-12-18 08:00:00,2023-2024,69.01,68.56,0.07829114951078543,0.11046267815739123,0.3067001920289298
BTC,2023-12-26 08:00:00,2023-2024,42685.55,42500.0,0.007783980105818094,0.008733572000228998,-0.018718791675239863
ETH,2023-12-26 08:00:00,2023-2024,2242.6,2220.0,0.019137036686784414,0.06844097868287546,0.020103353412138095
BTC,2023-12-29 20:00:00,2023-2024,42066.95,41637.6,0.0017416561151908701,0.005136434264921061,0.06621961874983721
BTC,2024-01-03 12:00:00,2023-2024,43000.01,42056.0,0.02414997544188329,0.011560819727994564,0.0240698380231937
SOL,2024-01-03 12:00:00,2023-2024,102.06,99.78,0.015555437125735047,-0.0402873213621906,-0.08269171584511341
SOL,2024-01-07 00:00:00,2023-2024,92.9,91.53,-0.06274608473725629,0.07154433207642828,0.07684143106481757
ETH,2024-01-07 20:00:00,2023-2024,2221.42,2206.17,0.04791045990948524,0.05383595315699459,0.16426785614852987
SOL,2024-01-12 20:00:00,2023-2024,92.12,91.68,0.03969239453916903,0.018179385185375097,0.057887872234389216
BTC,2024-01-18 20:00:00,2023-2024,41327.5,40831.99,0.007990013891329613,0.00887802232157977,-0.043506921707140905
ETH,2024-01-18 20:00:00,2023-2024,2470.81,2430.0,0.008539568821651248,0.000485552791150226,-0.06548197664345545
BTC,2024-01-19 16:00:00,2023-2024,41814.27,40683.28,-0.004345507581567268,-0.0022714203934523576,-0.06588654518283392
ETH,2024-01-19 16:00:00,2023-2024,2493.37,2428.56,-0.012856163782433983,-0.007693847677226101,-0.13169906571849407
SOL,2024-01-19 16:00:00,2023-2024,94.12,90.71,-0.02267329706489182,-0.0177944452990825,-0.15110955155961706
ETH,2024-01-22 04:00:00,2023-2024,2420.8,2415.2,-0.04102769837026772,-0.08007609939648871,-0.0967913654450804
SOL,2024-01-22 08:00:00,2023-2024,88.36,87.04,-0.0966465182100096,-0.013100375313022203,0.03982557249841368
ETH,2024-01-22 12:00:00,2023-2024,2379.61,2361.6,-0.06970422535783133,-0.06274907336080314,-0.05250143094259434
SOL,2024-01-22 12:00:00,2023-2024,87.26,86.2,-0.0535516539916486,-0.003098998176014224,0.057451237746656746
ETH,2024-01-22 20:00:00,2023-2024,2314.2,2305.27,-0.031428148415456714,-0.03481387888874454,-0.02030677302364186
BTC,2024-01-23 12:00:00,2023-2024,39204.0,38657.0,0.02136761879049821,0.01519465687257387,0.06445242927750328
ETH,2024-01-23 12:00:00,2023-2024,2219.39,2203.11,0.006955151997028202,-0.014244498792173403,0.022626740151893626
SOL,2024-02-01 00:00:00,2023-2024,93.6,93.45,0.0557863904250534,0.05841000444260379,0.025734387869506235
SOL,2024-02-01 04:00:00,2023-2024,94.94,93.34,0.06395245307763779,0.04298523129544519,0.027837277335829573
SOL,2024-02-05 00:00:00,2023-2024,96.04,94.68,-0.00031241864352006803,-0.005638523866367987,0.0829858621701571
SOL,2024-02-06 08:00:00,2023-2024,94.29,94.11,0.008974351526549426,0.07111879619933735,0.13705154447627285
SOL,2024-02-16 12:00:00,2023-2024,109.67,108.25,-0.022779608135415835,0.02387608350538338,-0.02820474537750257
SOL,2024-02-20 12:00:00,2023-2024,106.62,105.0,-0.026227272978442136,-0.011603356448769614,-0.04478861437415084
BTC,2024-02-21 12:00:00,2023-2024,51156.0,50760.37,0.008688395462718348,-0.004798616712428877,0.0071683191313129495
SOL,2024-02-21 12:00:00,2023-2024,103.86,102.28,0.014623916529672567,-0.034977849316055847,-0.010453056852089368
SOL,2024-02-21 16:00:00,2023-2024,102.04,101.01,0.014593118200144542,-0.006390426309122308,0.012853146760680953
SOL,2024-02-23 12:00:00,2023-2024,100.29,100.23,0.016416507920347274,0.024524792463966535,0.06298556600148704
SOL,2024-02-23 16:00:00,2023-2024,101.39,100.18,0.025897085875154886,0.01924357306980333,0.06694586870871198
BTC,2024-02-23 20:00:00,2023-2024,50744.15,50625.0,0.016109250933854777,0.019219312612743067,0.11690980073581918
SOL,2024-02-24 00:00:00,2023-2024,100.23,98.64,0.03094397473111829,0.0320074446433067,0.07058128636388902
BTC,2024-03-05 16:00:00,2023-2024,61410.98,61320.0,0.08320803533649312,0.09450961758796654,0.10476075250401724
ETH,2024-03-05 16:00:00,2023-2024,3376.46,3360.0,0.1319178260169748,0.13647577806788974,0.13931140773439446
ETH,2024-03-11 00:00:00,2023-2024,3866.93,3791.26,0.04098035050618644,0.044718987522263165,-0.038146019245824316
SOL,2024-03-11 00:00:00,2023-2024,141.17,140.43,0.066652527877695,0.05585889920292545,0.22063278704955763
ETH,2024-03-14 12:00:00,2023-2024,3845.81,3828.98,-0.041655933340311015,-0.04419378187517491,-0.08705274517988497
BTC,2024-03-14 16:00:00,2023-2024,69415.09,68620.82,-0.006519649722057438,-0.03673312941631725,-0.03636734004236465
BTC,2024-03-15 08:00:00,2023-2024,67757.76,66699.0,0.007326496850059563,-0.01191092167724155,-0.07151398721072362
ETH,2024-03-15 08:00:00,2023-2024,3689.33,3623.0,0.0008019920176476534,-0.030364232047132313,-0.11866603822056795
BTC,2024-03-17 04:00:00,2023-2024,65636.67,64780.0,0.038579496333105215,-0.014308110182452368,0.020337016507259196
ETH,2024-03-17 04:00:00,2023-2024,3472.72,3468.8,0.04337120858976354,-0.032955508797380205,0.012394363638609547
ETH,2024-03-19 00:00:00,2023-2024,3419.17,3412.0,-0.07850307123689836,0.026386282958091756,-0.03439715668430429
BTC,2024-03-19 04:00:00,2023-2024,64704.22,64533.0,-0.02736096863088866,0.03464512668971144,-0.0019927353230405867
SOL,2024-03-19 08:00:00,2023-2024,177.84,176.78,-0.033041016462739076,0.06155033964442177,-0.011252910735949714
BTC,2024-03-19 12:00:00,2023-2024,64051.85,62505.0,-0.007073623671021858,0.03837738073568653,0.016293847650766326
BTC,2024-03-20 04:00:00,2023-2024,62957.85,61555.0,0.06200609532060029,0.04988277767371602,0.02549242147817086
ETH,2024-03-20 04:00:00,2023-2024,3218.48,3150.88,0.08842331379339143,0.0871056199366247,0.03760038556155955
SOL,2024-03-20 04:00:00,2023-2024,173.36,166.0,0.08399286647626243,0.03246227614466111,0.0010377631372400036
ETH,2024-03-29 16:00:00,2023-2024,3500.34,3460.02,0.0024766895799101696,0.038623449972517904,-0.06577001670254475
BTC,2024-04-01 04:00:00,2023-2024,69594.94,69009.0,-0.04615931281475481,-0.050978786801309454,-0.03903351016915555
BTC,2024-04-01 16:00:00,2023-2024,69648.01,68161.48,-0.05508961228565278,-0.057077480720477795,-0.0326251511312402
ETH,2024-04-01 16:00:00,2023-2024,3486.33,3437.23,-0.061759517057308685,-0.05060618426964985,-0.048854704032500765
SOL,2024-04-02 04:00:00,2023-2024,183.17,181.71,0.034185400669923226,0.009724902111887255,-0.032740689346432525
BTC,2024-04-02 16:00:00,2023-2024,65914.9,64588.58,-0.0019878684348250764,0.03846922916476028,0.034959134377735665
ETH,2024-04-02 16:00:00,2023-2024,3277.53,3232.0,0.011153332787658773,0.02666174344717129,0.021643364495519596
BTC,2024-04-03 00:00:00,2023-2024,66225.79,64550.0,-0.009189284191298474,0.02443559103508675,0.04693289090545338
ETH,2024-04-03 00:00:00,2023-2024,3315.41,3212.0,-0.01245581206117259,-0.002146833943747617,0.021779488584946903
SOL,2024-04-05 12:00:00,2023-2024,175.89,169.11,0.007250923968112693,0.021096048575303887,-0.019635491340924113
SOL,2024-04-09 08:00:00,2023-2024,176.21,173.54,-0.03464349676075752,-0.03282387368362963,-0.15287460881799014
SOL,2024-04-10 08:00:00,2023-2024,170.21,169.11,0.001819623077127914,0.014349289604456972,-0.20371077782629624
BTC,2024-04-10 12:00:00,2023-2024,68657.32,68210.0,0.019367487697434127,0.009999458702198444,-0.06742100504182665
BTC,2024-04-13 20:00:00,2023-2024,63924.51,63750.01,0.026815078915186055,-0.007923744483954586,-0.04229224915840416
SOL,2024-04-13 20:00:00,2023-2024,138.47,130.0,0.08828040124432822,0.00028882952038455586,-0.049064629505460956
BTC,2024-04-17 16:00:00,2023-2024,61022.35,59888.0,0.03943807520131837,0.0527120541638049,0.05601400709917127
ETH,2024-04-17 16:00:00,2023-2024,3001.6,2925.85,0.02063778056987257,0.03357833846710911,0.04405450419888037
BTC,2024-04-19 00:00:00,2023-2024,61785.14,59678.16,0.03453246444743788,0.05333635786855313,0.07256129409059149
ETH,2024-04-19 00:00:00,2023-2024,2979.8,2914.47,0.025247414876509482,0.060865430144039855,0.06625067628264761
ETH,2024-04-24 16:00:00,2023-2024,3134.67,3116.49,0.009894517840202685,-0.00026481572330601166,0.05651273610855564
BTC,2024-04-24 20:00:00,2023-2024,64289.59,63736.7,0.0032417662557915235,-0.008114703639922224,-0.018381907599892278
SOL,2024-04-24 20:00:00,2023-2024,147.78,146.63,-0.02009499646306108,-0.05959743943930752,-0.06854346259703838
SOL,2024-04-25 00:00:00,2023-2024,146.03,145.58,-0.019220724457531115,-0.06895374134989313,-0.07905595460968412
SOL,2024-04-25 04:00:00,2023-2024,146.3,144.75,-0.019672765598705007,-0.07190208890631011,-0.08068086978836582
BTC,2024-04-25 08:00:00,2023-2024,63861.23,63606.06,0.005976197529391551,-0.015768373287293486,-0.025457531742131796
ETH,2024-04-25 08:00:00,2023-2024,3112.0,3104.9,0.005329602736939448,0.004143076544534118,0.015341230803399592
SOL,2024-04-25 08:00:00,2023-2024,144.8,144.73,-0.011460448407491981,-0.06350774501921004,-0.07245188565874232
BTC,2024-04-25 12:00:00,2023-2024,64135.94,63337.25,-0.00991427995375339,-0.018636333283084557,-0.017250200325443173
SOL,2024-04-25 12:00:00,2023-2024,147.81,143.13,-0.03518314074119082,-0.07070502675365845,-0.0796763133558772
SOL,2024-04-26 00:00:00,2023-2024,143.25,142.09,-0.049733016892361925,0.004040691020948991,-0.048193483579962657
SOL,2024-04-26 12:00:00,2023-2024,142.7,141.44,-0.03552188601246768,-0.005058321871550918,-0.11059102057603361
BTC,2024-04-27 00:00:00,2023-2024,63082.01,62794.0,0.014785212927392018,-0.01280057758597695,-0.04599894780288321
ETH,2024-04-27 00:00:00,2023-2024,3122.18,3072.2,0.058075265593765926,0.017594719088346637,-0.03846358035531702
BTC,2024-04-29 04:00:00,2023-2024,62399.98,62150.52,0.011927941240874557,-0.08178018097226408,-0.052799844126184
BTC,2024-04-29 12:00:00,2023-2024,63039.07,61923.13,-0.03621671448328142,-0.10270542773885584,-0.02162085429195376
BTC,2024-05-01 08:00:00,2023-2024,57898.47,57100.0,0.011355104265931984,0.023768082404137816,0.0979964339863016
ETH,2024-05-01 08:00:00,2023-2024,2905.39,2859.0,0.030560221522906373,0.025187868621042265,0.07704988865071583
ETH,2024-05-07 00:00:00,2023-2024,3049.19,3046.35,-0.0055446806701523865,-0.01696393802415356,-0.046379316814383634
BTC,2024-05-08 00:00:00,2023-2024,62893.99,62261.0,-0.019484396333328893,0.0003524357967855607,-0.03172494639127798
ETH,2024-05-08 00:00:00,2023-2024,3032.33,2998.0,-0.011419257354001098,-0.001115276096913091,-0.03736077318604337
BTC,2024-05-08 04:00:00,2023-2024,62208.0,62111.0,-0.015468168907215769,0.013888764051482138,-0.02256492658875525
ETH,2024-05-08 04:00:00,2023-2024,2995.01,2994.58,-0.003820297022465792,0.015653089810209343,-0.029550788944814037
ETH,2024-05-08 08:00:00,2023-2024,2990.31,2989.56,-0.004393799454453621,0.015772967407998776,-0.021057464859007058
BTC,2024-05-08 12:00:00,2023-2024,62273.08,62020.09,-0.0018326460014626473,-0.021836062256240983,-0.013809996142838447
BTC,2024-05-09 08:00:00,2023-2024,61053.99,60888.0,0.036120929264930525,-0.006078318012527033,0.027208769977934574
BTC,2024-05-10 16:00:00,2023-2024,60716.97,60630.0,0.007008507284084728,0.01128594809606177,0.014382144780664175
ETH,2024-05-13 00:00:00,2023-2024,2889.92,2878.03,0.017517439281768042,0.004391847627169531,0.02074243817298754
SOL,2024-05-13 04:00:00,2023-2024,143.56,138.35,0.020545362452411273,0.0050720970297577,0.1643283808927164
ETH,2024-05-14 16:00:00,2023-2024,2893.74,2864.76,0.044215843234918055,0.01747753660211002,0.07518385478770821
SOL,2024-05-23 12:00:00,2023-2024,172.7,171.8,-0.03182715180944358,-0.028604422832544878,-0.00965853787589784
BTC,2024-05-23 20:00:00,2023-2024,67969.65,66753.42,0.008501978114690344,0.01924753988603295,0.021350375725464457
SOL,2024-05-23 20:00:00,2023-2024,176.16,168.82,-0.04921600414520672,-0.04534752736728641,-0.03471227202745504
SOL,2024-05-24 04:00:00,2023-2024,166.16,165.35,0.016888362006875532,-0.005007703004603106,-0.0004213694569493598
SOL,2024-05-24 08:00:00,2023-2024,166.34,165.12,0.0135544693493478,-0.014045514832276297,0.020646278517668395
SOL,2024-05-26 08:00:00,2023-2024,164.02,162.5,0.02242678994800035,0.03469179334994458,0.013203510813082624
SOL,2024-05-26 16:00:00,2023-2024,162.71,162.23,0.03585608635643166,0.04612045207592014,0.03449138445061837
SOL,2024-05-26 20:00:00,2023-2024,163.41,161.14,0.04041802088322203,0.03174104881466635,0.02101261118876943
BTC,2024-05-28 00:00:00,2023-2024,68050.3,67924.39,0.011384132205679916,0.0009972938767445001,-0.004934838503266361
BTC,2024-05-28 16:00:00,2023-2024,68424.29,67486.65,-0.017061374462014105,0.003337243957942256,-0.009847922173639275
BTC,2024-05-29 12:00:00,2023-2024,67379.13,67277.91,0.016947369518028825,-0.0024302601565260873,0.011260931872971672
BTC,2024-05-29 16:00:00,2023-2024,67266.78,67262.34,0.020398618419956358,0.006138986516072866,0.006965317193559229
ETH,2024-05-29 20:00:00,2023-2024,3767.43,3744.41,-0.005194720104684686,-0.0013652568218689909,0.0035716500131168162
ETH,2024-05-30 08:00:00,2023-2024,3737.0,3712.73,0.01740715233541923,0.013628939723346873,0.019083536993120105
BTC,2024-05-31 16:00:00,2023-2024,67681.0,67124.65,0.001074465772302028,0.000826330677486241,0.03972294365809192
BTC,2024-06-07 16:00:00,2023-2024,69255.0,68567.32,0.0029558466566068178,0.006552164601773733,-0.027046326182324828
BTC,2024-06-11 00:00:00,2023-2024,68464.0,68420.0,-0.015559189582257833,-0.014551789989016971,-0.032602895331246565
ETH,2024-06-11 08:00:00,2023-2024,3529.56,3505.0,0.0006117871171715351,-0.009219147287308573,0.0027840039710382613
ETH,2024-06-11 16:00:00,2023-2024,3497.21,3432.01,0.00905187060213351,-0.0045223788286122175,0.01736797964483105
SOL,2024-06-11 16:00:00,2023-2024,149.23,146.29,0.027103721504921484,-0.010102456609859917,-0.031102578522241894
ETH,2024-06-13 16:00:00,2023-2024,3481.43,3432.0,-0.021842892681099884,0.02189035847344321,0.020633414537208523
BTC,2024-06-18 00:00:00,2023-2024,65500.0,65078.0,-0.0014667239688662152,-0.0047442131025304925,-0.01806369736350977
ETH,2024-06-18 00:00:00,2023-2024,3441.53,3362.26,0.0355087494634813,0.032059104350225555,0.018779245940452195
BTC,2024-06-18 12:00:00,2023-2024,64706.0,64569.0,0.0033326164087071003,0.0019334987943389148,-0.006184198863676731
BTC,2024-06-18 16:00:00,2023-2024,64412.19,64261.12,0.007267488686235632,0.009853304046201173,-0.0018208776568332575
BTC,2024-06-21 12:00:00,2023-2024,63732.02,63522.75,0.008982629004424734,0.005663650759061152,-0.03062194137112775
SOL,2024-06-21 12:00:00,2023-2024,131.4,129.66,0.021457627338463837,0.0013689256073417405,0.059316577156419505
SOL,2024-06-21 16:00:00,2023-2024,132.64,129.4,0.013702434448793818,-0.008936068551554523,0.04503506123955924
BTC,2024-06-24 20:00:00,2023-2024,60293.3,59058.0,0.024779622477455705,0.00943714611477759,0.00222893945006605
BTC,2024-06-28 20:00:00,2023-2024,60427.84,60079.41,0.009205553774616642,0.03805934758436114,0.027867075505332593
BTC,2024-07-03 00:00:00,2023-2024,60987.99,60712.21,-0.03141219475595802,-0.09920706955665005,-0.05086432005243138
ETH,2024-07-03 00:00:00,2023-2024,3360.33,3352.66,-0.035478686722521476,-0.14011658352348405,-0.0966484435311923
ETH,2024-07-03 12:00:00,2023-2024,3304.26,3281.63,-0.05137516972140952,-0.09960810877778835,-0.10631731445185803
SOL,2024-07-03 16:00:00,2023-2024,140.43,140.34,-0.04686934402917752,-0.03965661245889829,-0.022322355437898383
BTC,2024-07-03 20:00:00,2023-2024,60208.58,59600.0,-0.05388661548310068,-0.06129735394529828,-0.07500551248326588
ETH,2024-07-03 20:00:00,2023-2024,3295.48,3254.49,-0.07423496066796823,-0.10003139497871769,-0.11720817088165787
SOL,2024-07-03 20:00:00,2023-2024,140.84,139.12,-0.096688578948271,-0.04739948151756642,-0.06755357021171275
ETH,2024-07-04 08:00:00,2023-2024,3159.45,3155.0,-0.06946775040175455,-0.04990411106456687,-0.033955578251858444
BTC,2024-07-04 12:00:00,2023-2024,58140.0,56952.0,-0.025750103080943856,-0.014239533545392279,-0.0417698693656384
ETH,2024-07-04 12:00:00,2023-2024,3138.79,3126.6,-0.048232939056378744,-0.03858054394839874,-0.05554145116904529
SOL,2024-07-04 12:00:00,2023-2024,135.4,132.21,-0.0034772350354786816,0.046748269427246435,0.01488133608858589
SOL,2024-07-12 00:00:00,2023-2024,136.53,135.0,0.016129381929883717,0.0529911125141697,0.14529088009798607
SOL,2024-07-12 08:00:00,2023-2024,135.65,134.05,0.03242115922434538,0.06582777447021718,0.148203908458668
ETH,2024-07-23 16:00:00,2023-2024,3457.03,3411.4,-0.027576406188248328,-0.10133401999864568,-0.058375942139198715
SOL,2024-07-25 00:00:00,2023-2024,170.53,169.72,0.030151296365951336,0.06871526693870988,0.11988537406093054
BTC,2024-07-25 04:00:00,2023-2024,64134.0,63861.0,0.04208320652936256,0.05907232699071824,0.08075504844223226
ETH,2024-07-25 04:00:00,2023-2024,3171.84,3153.04,0.02465078018329165,0.03118429639044692,0.05968354865647737
SOL,2024-07-25 08:00:00,2023-2024,168.81,167.95,0.0575499674738142,0.09374183101845748,0.12266155853460899
BTC,2024-07-25 12:00:00,2023-2024,64790.88,63800.0,0.04185138724358523,0.06067822269515345,0.04987109586917505
ETH,2024-07-25 12:00:00,2023-2024,3142.28,3130.0,0.0352497689587522,0.04319045930722277,0.05159764487565538
SOL,2024-07-25 12:00:00,2023-2024,170.43,167.04,0.0630962740651945,0.06853510082205669,0.09251654618597749
ETH,2024-07-25 16:00:00,2023-2024,3123.88,3105.35,0.046994691304530975,0.04295807785944695,0.05818048007028718
ETH,2024-07-25 20:00:00,2023-2024,3175.48,3100.9,0.03073997600638479,0.022891532532034523,0.04380091312910317
SOL,2024-07-25 20:00:00,2023-2024,171.85,165.71,0.06319196466079043,0.06787887715908311,0.0605116578295761
BTC,2024-07-29 16:00:00,2023-2024,67303.05,66650.0,-0.020596511129291416,-0.03087484003453864,-0.07190415873905558
BTC,2024-07-30 00:00:00,2023-2024,66610.0,66428.0,-0.008321572427871677,-0.04097197699260553,-0.07339932073927648
BTC,2024-07-30 12:00:00,2023-2024,66216.01,65862.0,0.0024733790400473968,-0.051271189944325606,-0.08403398894104297
BTC,2024-07-30 20:00:00,2023-2024,66188.0,65555.0,-0.02385142421501373,-0.012680224531668574,-0.08658859378622068
SOL,2024-07-30 20:00:00,2023-2024,179.16,176.28,-0.04247225401338802,-0.06807233081355267,-0.2287969206014639
SOL,2024-07-31 16:00:00,2023-2024,176.59,175.39,-0.08376823369745534,-0.15456604063072268,-0.2180036038237722
BTC,2024-08-01 04:00:00,2023-2024,64328.59,63750.0,-0.002560770240166553,-0.042336146903182846,-0.1998785846902911
BTC,2024-08-01 16:00:00,2023-2024,63422.01,62666.07,-0.0125095657302523,-0.05137478195471034,-0.1706885299340073
ETH,2024-08-01 16:00:00,2023-2024,3131.64,3102.4,-0.03907204811143881,-0.07907961894905818,-0.26404850634175175
SOL,2024-08-01 16:00:00,2023-2024,162.4,161.25,-0.07079780693326736,-0.14542449613847494,-0.2321122212969702
ETH,2024-08-02 20:00:00,2023-2024,2989.61,2985.13,-0.02917782177676601,-0.10600331810520996,-0.19444108986062933
SOL,2024-08-02 20:00:00,2023-2024,152.77,150.01,-0.06945118163999618,-0.09929138749090756,-0.05634629591890559
BTC,2024-08-03 00:00:00,2023-2024,61895.99,61230.01,-0.01893525753357748,-0.13849431987368815,-0.08482811596969876
SOL,2024-08-03 00:00:00,2023-2024,153.56,150.0,-0.06205831381828354,-0.1966989688970918,-0.012713979504439034
SOL,2024-08-03 08:00:00,2023-2024,152.38,148.62,-0.0599726818620231,-0.27313209699140883,-0.005065966951373161
BTC,2024-08-03 20:00:00,2023-2024,60697.99,59920.0,-0.04269555681819708,-0.11657826459974029,-0.09614109608025322
SOL,2024-08-04 08:00:00,2023-2024,143.51,140.0,-0.21315941512938566,-0.028555194812237353,0.0713268005751165
BTC,2024-08-04 16:00:00,2023-2024,59257.66,58960.0,-0.10277262221331718,-0.04296665986389229,0.002643418272953606
SOL,2024-08-04 16:00:00,2023-2024,142.0,135.0,-0.09787685117065335,0.0300372875030745,0.09281025862800259
SOL,2024-08-15 04:00:00,2023-2024,142.51,141.2,0.01407492577562996,-0.021706058611622902,-0.0014746675893140319
SOL,2024-08-16 12:00:00,2023-2024,137.91,137.78,0.01632601258593246,0.05563452108831156,0.030351885360149572
SOL,2024-08-16 16:00:00,2023-2024,140.94,136.3,0.0012054601707930917,0.03828152035315895,0.021617910921844497
SOL,2024-08-21 12:00:00,2023-2024,140.36,140.33,0.01604331382031648,0.028376675743711506,0.12689249014833098
SOL,2024-08-27 12:00:00,2023-2024,153.75,153.15,-0.06475100983635693,-0.05131041049466356,-0.11805136433623079
SOL,2024-08-28 08:00:00,2023-2024,147.16,143.73,-0.010451271742084598,-0.05949553672222922,-0.10940055837574518
SOL,2024-08-28 16:00:00,2023-2024,144.26,142.72,-0.02797680180354917,-0.05910941097721298,-0.06464019459025809
SOL,2024-08-29 20:00:00,2023-2024,140.0,138.57,-0.014461203845841226,-0.033778406548994146,-0.03681218741002498
SOL,2024-09-30 08:00:00,2023-2024,155.6,153.89,0.005511774512643359,-0.06272354538121953,-0.10493215840132993
BTC,2024-09-30 16:00:00,2023-2024,63488.0,63249.68,-0.027659936810326562,-0.05334451996218698,-0.017798588337257348
BTC,2024-09-30 20:00:00,2023-2024,63327.59,63056.0,-0.04063624492665931,-0.04321333124343476,-0.019800574480549633
SOL,2024-10-01 00:00:00,2023-2024,155.09,151.73,-0.052145454801439756,-0.08200047644317261,-0.08937643626484527
SOL,2024-10-01 20:00:00,2023-2024,145.13,142.55,-0.0347025814100927,-0.0589636991494196,-0.01765651318824368
BTC,2024-10-02 16:00:00,2023-2024,60190.01,60164.0,0.01395746232926866,0.0355459316249298,0.03976003876328085
BTC,2024-10-03 12:00:00,2023-2024,60641.5,60000.0,0.020105066443518265,0.024855451664443664,0.04844498498207657
BTC,2024-10-09 12:00:00,2023-2024,62316.0,61798.97,-0.024803440992347565,-0.0009143083461306414,-0.0013921040302537053
SOL,2024-10-09 12:00:00,2023-2024,142.83,141.17,-0.029558102108764358,0.01100136426393655,0.017420713313952712
SOL,2024-10-09 16:00:00,2023-2024,141.12,140.19,-0.02156012316864381,0.030221792682729377,0.03420148779389899
BTC,2024-10-22 00:00:00,2023-2024,67390.02,66840.67,-0.004579693369631807,-0.0026278740484262297,-0.007088722933711188
BTC,2024-10-23 12:00:00,2023-2024,66223.44,66200.0,0.02206972161353204,0.021904127431019334,0.023409567552366926
BTC,2024-10-23 16:00:00,2023-2024,66472.0,65923.01,0.027272288155886587,0.0056704971852718855,0.020518579918197964
SOL,2024-10-25 20:00:00,2023-2024,164.9,164.13,0.03562232620627667,0.06871791960179886,0.08439019656558418
SOL,2024-10-31 20:00:00,2023-2024,168.69,168.53,-0.01547269435297089,-0.015051350259097918,-0.06578418372412585
SOL,2024-11-01 04:00:00,2023-2024,165.96,165.38,0.010072027592203502,-0.014750335720368025,-0.02390357713017747
BTC,2024-11-01 16:00:00,2023-2024,69268.0,68830.0,0.0034875880224901307,-0.00853956344618894,-0.003934652123470727
SOL,2024-11-02 12:00:00,2023-2024,163.82,163.43,-0.023656950806835324,-0.004834031135893048,0.12434052486282587
BTC,2024-11-03 12:00:00,2023-2024,68090.9,67864.16,0.00811943241427155,0.02249539409685193,0.11067484955462921
BTC,2024-11-04 16:00:00,2023-2024,67856.0,67478.73,0.0166605742341987,0.11102111767901615,0.12528163947685253
BTC,2024-11-04 20:00:00,2023-2024,67850.01,67251.5,0.02218393837390412,0.10778617822211925,0.12011904213370528
SOL,2024-11-04 20:00:00,2023-2024,157.95,157.82,0.05343724329866906,0.1666351691610636,0.2352885579092383
ETH,2024-11-15 04:00:00,2023-2024,3039.48,3028.56,0.021861745948959285,0.031513535873267176,0.025530979623794844
ETH,2024-11-15 12:00:00,2023-2024,3023.73,3014.79,0.038085072020551634,0.02045263226362801,0.02631640636053303
ETH,2024-11-20 16:00:00,2023-2024,3058.05,3042.93,0.09028696430006887,0.07079740421671875,0.08418232162131091
SOL,2024-11-21 00:00:00,2023-2024,235.82,230.37,0.10710608650431896,0.0867851902149371,0.06818401817618844
BTC,2024-11-25 12:00:00,2023-2024,96000.56,95734.77,-0.03376730859626075,-0.004641457070177083,0.020812107622843787
SOL,2024-11-25 12:00:00,2023-2024,244.97,240.93,-0.07460108971885625,-0.018041514150590996,-0.006018811545002338
BTC,2024-11-25 16:00:00,2023-2024,94669.48,94525.0,-0.0320449851031089,0.020476783440017996,0.027712825005574072
ETH,2024-11-26 08:00:00,2023-2024,3323.01,3281.4,0.040521860107628004,0.08574390119551574,0.09486661712685986
ETH,2024-11-26 16:00:00,2023-2024,3300.61,3280.1,0.08393347580472954,0.07987186218724666,0.11139990987532077
BTC,2024-11-26 20:00:00,2023-2024,91965.16,91466.52,0.04151142667791282,0.039222946437995065,0.047179272325693765
SOL,2024-12-02 04:00:00,2023-2024,228.62,228.0,-0.0074637041392659614,0.034225180519958466,0.0456567583166954
BTC,2024-12-02 12:00:00,2023-2024,97048.0,94820.41,-0.01416986479591496,-0.01354016761117407,0.02304046875184986
SOL,2024-12-02 12:00:00,2023-2024,229.21,222.84,-0.026480781678706187,0.019485203779961355,0.037716089848018775
BTC,2024-12-02 16:00:00,2023-2024,95816.0,94766.0,-0.0040513617627203485,0.014440197858211242,0.05703770646326374
SOL,2024-12-02 16:00:00,2023-2024,223.98,221.61,0.018490375071383635,0.0380643784846544,0.06783137928579128
BTC,2024-12-03 12:00:00,2023-2024,95682.54,94395.0,0.0006296971847408575,0.056971696841354565,0.04169146790883985
ETH,2024-12-03 12:00:00,2023-2024,3571.79,3554.32,0.06744529777224993,0.08482801590567986,0.11440429771797639
SOL,2024-12-03 12:00:00,2023-2024,223.22,220.0,0.04596598545866733,0.06855673422226616,0.07597498036867828
SOL,2024-12-14 20:00:00,2023-2024,219.93,216.73,0.019541369234592747,-0.017151663237231864,-0.06286363360404638
SOL,2024-12-16 12:00:00,2023-2024,216.98,213.61,0.016228556659801385,0.0034505796699228625,-0.13336022625697916
SOL,2024-12-17 00:00:00,2023-2024,215.45,213.26,0.009469986466891829,-0.03116045551949531,-0.10342844658430284
SOL,2024-12-19 00:00:00,2023-2024,208.84,204.8,-0.061618699352499855,-0.07226799106480757,-0.11453224399927864
SOL,2024-12-27 04:00:00,2023-2024,186.67,186.13,-0.008284071043420228,0.04897636799684122,0.018050073318240812
SOL,2024-12-27 16:00:00,2023-2024,186.9,183.3,0.036046565343264884,0.03061275374831211,0.036304583251139035
SOL,2025-01-08 16:00:00,2025-2026,194.32,193.14,-0.044351183774864446,-0.021324987639677582,-0.02828851018645308
SOL,2025-01-09 12:00:00,2025-2026,192.22,188.34,-0.026035726212482905,-0.027799347972015595,-0.0723726866557245
SOL,2025-01-13 04:00:00,2025-2026,182.46,182.0,0.017116727293678902,0.04049310124315772,0.15602799769217307
SOL,2025-01-13 12:00:00,2025-2026,178.8,175.23,0.04403829319207904,0.09449634456103376,0.20097571300302428
SOL,2025-01-27 08:00:00,2025-2026,225.85,221.71,0.05344948043369826,0.026823205188440627,0.05558780119983598
SOL,2025-02-02 04:00:00,2025-2026,211.78,206.83,-0.06179101621060323,-0.03630119027324187,-0.047280302601103615
SOL,2025-02-02 20:00:00,2025-2026,203.51,195.0,0.06085872078934718,0.015263005063128016,-0.07111505968240829
SOL,2025-02-03 00:00:00,2025-2026,197.92,192.31,0.08500518916815517,0.04668995048595439,-0.023567790710577227
SOL,2025-02-06 20:00:00,2025-2026,189.54,188.36,0.01284320329601559,0.05031148937115503,0.056064525574336124
SOL,2025-02-12 04:00:00,2025-2026,195.19,193.53,-0.010920625710793948,0.007146898560995876,-0.011853364922370602
SOL,2025-02-16 16:00:00,2025-2026,189.23,188.78,-0.06630512849525123,-0.13514070735103817,-0.07829152473784053
SOL,2025-02-16 20:00:00,2025-2026,188.27,187.64,-0.058737494017914206,-0.10608668708389758,-0.06739310769846873
