symbol,signal_time,entry_time,exit_time,period,entry_price,net_pnl,trade_return_pct,is_winner,mae_pct,mfe_pct,mfe_mae_ratio,atr14_at_signal,atr14_pct_of_entry,mae_atr_multiple
BTC,2019-07-22 16:00:00,2019-07-22 20:00:00,2019-07-26 16:00:00,2019-2020,10168.831875,-348.76830722506156,-3.48768307225061,False,6.331424129283285,2.214296860916487,0.34973124777334175,268.0285714285713,2.635785257572383,2.4021016549408385
ETH,2019-07-22 16:00:00,2019-07-22 20:00:00,2019-07-26 16:00:00,2019-2020,213.636765,249.57460837791737,2.4957460837791703,True,5.44698614959836,5.37512117822979,0.9868064706986873,6.266428571428569,2.933216373796228,1.8570011398609372
BTC,2019-08-13 16:00:00,2019-08-13 20:00:00,2019-08-17 20:00:00,2019-2020,10941.74814,-686.3072021161063,-6.86988651570259,False,10.891752622629822,0.36504093759921635,0.03351535333631889,159.81642857142847,1.4606114720113497,7.456981429586627
BTC,2019-08-21 16:00:00,2019-08-21 20:00:00,2019-08-25 16:00:00,2019-2020,10112.19357,-74.81428206356705,-0.75406601598509,False,3.4630821450938614,3.291139827340158,0.9503499164761964,234.7785714285714,2.321737314494183,1.4915908546046406
BTC,2019-10-30 08:00:00,2019-10-30 12:00:00,2019-11-03 08:00:00,2019-2020,9100.778115,35.779512077201346,0.36089999825252,True,2.063319340689136,3.3428118030762564,1.6201136378432714,221.34214285714305,2.4321232762759544,0.8483613313583644
BTC,2019-11-07 20:00:00,2019-11-08 00:00:00,2019-11-11 20:00:00,2019-2020,9218.607,-545.0334894417982,-5.49564847645636,False,6.507783659722122,0.4598634045252176,0.07066359740435094,107.98357142857132,1.1713653855573984,5.555724746489218
BTC,2019-11-12 12:00:00,2019-11-12 16:00:00,2019-11-16 12:00:00,2019-2020,8707.961805,-270.9166583978091,-2.74678571401933,False,3.5365543843241602,1.5735966471662648,0.4449519153844374,136.1757142857141,1.5638069772828327,2.2615031367036376
BTC,2020-01-19 08:00:00,2020-01-19 12:00:00,2020-01-23 08:00:00,2019-2020,8685.50058,-334.06448716927014,-3.3963617037983,False,3.287094133151274,1.5255242778419122,0.46409509921135766,174.24714285714293,2.0061842291321677,1.638480696547595
BTC,2020-01-23 16:00:00,2020-01-23 20:00:00,2020-01-27 16:00:00,2019-2020,8374.084949999999,619.6789442330028,6.32161286856785,True,1.6250724803072196,7.33112995229409,4.5112633689471755,119.40928571428569,1.4259383135859605,1.139651319291979
BTC,2020-02-02 04:00:00,2020-02-02 08:00:00,2020-02-06 04:00:00,2019-2020,9375.215265,194.27043247276993,1.96938698498886,True,3.0101203761533095,3.938413407726697,1.308390667339248,124.91500000000009,1.3323960727210042,2.2591783612856764
ETH,2020-02-16 12:00:00,2020-02-16 16:00:00,2020-02-20 16:00:00,2019-2020,258.96941999999996,-185.69463332226164,-1.87875113636966,False,8.325083324509883,10.391412237012403,1.2482051929040805,9.997857142857145,3.8606323259546036,2.156404086589979
BTC,2020-02-17 12:00:00,2020-02-17 16:00:00,2020-02-21 16:00:00,2019-2020,9640.087635,3.875030165671326,0.03925228616971,True,3.0091804761897256,6.326834237332118,2.1025107292146403,199.97571428571413,2.074418012131631,1.4506143210246962
BTC,2020-02-24 16:00:00,2020-02-24 20:00:00,2020-02-28 16:00:00,2019-2020,9605.94057,-1098.0800925826773,-11.13021522024469,False,12.08565222260167,0.7189241854741074,0.059485758172788554,142.76785714285728,1.4862454759373687,8.131666281425886
ETH,2020-02-25 04:00:00,2020-02-25 08:00:00,2020-02-29 04:00:00,2019-2020,257.75881499999997,-1140.9708891312207,-11.57646293280016,False,18.528489510630305,2.7045379611944793,0.1459664566635511,7.025714285714285,2.725693119637552,6.797716653111016
ETH,2020-04-20 20:00:00,2020-04-21 00:00:00,2020-04-24 20:00:00,2019-2020,170.295105,954.551816133796,9.90008695552347,True,1.3477222378177027,13.702622280305702,10.167245071576213,6.5792857142857155,3.863461439062336,0.34883801975898476
ETH,2020-05-04 00:00:00,2020-05-04 04:00:00,2020-05-08 00:00:00,2019-2020,203.7018,396.5832002008747,4.072821759061529,True,4.330742290937044,6.336811947660759,1.4632161236935806,4.5200000000000005,2.2189298278169365,1.951725663716813
BTC,2020-05-04 04:00:00,2020-05-04 08:00:00,2020-05-08 04:00:00,2019-2020,8652.744209999999,1271.0906165878766,13.08261556905542,True,0.6759036044588993,16.34459260179611,24.18183967946275,187.6542857142857,2.168725680084396,0.31165933555625924
ETH,2020-05-11 16:00:00,2020-05-11 20:00:00,2020-05-15 16:00:00,2019-2020,187.39365,365.7740627576242,3.6931671816520897,True,2.147164538392845,9.939691126140081,4.629217252991683,7.734999999999998,4.127674550338284,0.520187459599225
BTC,2020-05-21 08:00:00,2020-05-21 12:00:00,2020-05-25 08:00:00,2019-2020,9394.664985,-695.7862520207171,-6.999401998527969,False,8.003957418392181,0.008143079090338186,0.0010173816107050143,193.5699999999997,2.060424723064244,3.884615307124044
ETH,2020-05-21 16:00:00,2020-05-21 20:00:00,2020-05-25 16:00:00,2019-2020,198.709305,272.8791198078977,2.75486255885199,True,1.242672053027407,6.285913485531032,5.058384849178223,4.509999999999999,2.2696471108889433,0.5475177383592001
ETH,2020-05-26 16:00:00,2020-05-26 20:00:00,2020-05-30 16:00:00,2019-2020,199.39965,1845.075386852054,18.64020902945417,True,0.05499006643192013,19.794593420800886,359.9667122662486,3.8671428571428583,1.9393930015137228,0.028354266715925874
BTC,2020-06-02 12:00:00,2020-06-02 16:00:00,2020-06-06 12:00:00,2019-2020,9472.81404,165.92667768856012,1.64562950383433,True,1.1359247584258518,4.315675978370625,3.7992621838362135,219.96000000000004,2.322013280015788,0.48919821785779294
BTC,2020-06-15 04:00:00,2020-06-15 08:00:00,2020-06-19 04:00:00,2019-2020,9127.86165,178.75439456080926,1.7699397160900299,True,0.9276175871925076,5.051986628215374,5.4461953912554915,119.22499999999971,1.3061657217383404,0.7101836863074056
ETH,2020-06-15 04:00:00,2020-06-15 08:00:00,2020-06-19 04:00:00,2019-2020,224.702295,140.09032589127753,1.3871067743211098,True,1.9591677957717257,5.6063980120897385,2.8616221766147145,3.703571428571426,1.6482125509983891,1.188662102217932
BTC,2020-08-02 04:00:00,2020-08-02 08:00:00,2020-08-06 04:00:00,2019-2020,11331.612975,218.4500405221454,2.15617967869133,True,3.5353570218453387,4.124629265323104,1.1666796987791022,319.69285714285695,2.821247582741917,1.2531183166878932
ETH,2020-08-07 12:00:00,2020-08-07 16:00:00,2020-08-11 12:00:00,2019-2020,385.662735,-152.16461617789307,-1.49868750007697,False,5.915203344704791,3.717565556340309,0.6284763751474787,8.19857142857143,2.12583967402799,2.782525614218501
BTC,2020-08-11 12:00:00,2020-08-11 16:00:00,2020-08-15 12:00:00,2019-2020,11486.52039,288.9020226393667,2.8497013787575702,True,3.1473446938268106,4.296162747681331,1.3650118323893177,204.44,1.7798253349028355,1.7683446977108184
ETH,2020-08-11 16:00:00,2020-08-11 20:00:00,2020-08-15 16:00:00,2019-2020,380.7202649999999,1248.7013359709554,12.32823728395442,True,3.9058243983938987,16.807546349023493,4.3032007163288934,7.708571428571438,2.0247336790888815,1.9290558747220017
BTC,2020-08-19 04:00:00,2020-08-19 08:00:00,2020-08-23 04:00:00,2019-2020,11829.25167,-213.45167554914283,-2.0740104736938,False,3.824770007619596,0.7220941136676351,0.18879412676555718,217.0400000000001,1.8347737122749044,2.084600396240324
ETH,2020-08-19 04:00:00,2020-08-19 08:00:00,2020-08-23 04:00:00,2019-2020,413.576685,-596.5419042540373,-5.79631972547,False,8.137955117078223,1.3064844310553967,0.16054210329983548,10.184285714285718,2.462490291077631,3.3047663767709325
BTC,2020-08-25 12:00:00,2020-08-25 16:00:00,2020-08-29 12:00:00,2019-2020,11425.12971,41.575394096191566,0.40717332089878,True,2.6913454621951933,1.4623054113229974,0.543336198144652,119.55928571428532,1.0464588914875903,2.5718597109622907
ETH,2020-08-25 12:00:00,2020-08-25 16:00:00,2020-08-29 12:00:00,2019-2020,385.75278,415.5257153190732,4.06949805536075,True,4.0836465261507575,4.787320003241469,1.1723149818635241,8.674285714285721,2.2486644721745677,1.8160319499341193
ETH,2020-10-06 08:00:00,2020-10-06 12:00:00,2020-10-10 08:00:00,2019-2020,346.29305999999997,735.8111082772847,7.1741330137832,True,4.075467178002343,9.271609428153141,2.2749807624994225,4.644285714285709,1.3411431676643215,3.038800984312514
BTC,2020-10-16 04:00:00,2020-10-16 08:00:00,2020-10-20 04:00:00,2019-2020,11311.522935,361.8599231394072,3.50299088986463,True,0.8798367432210035,4.751588871706594,5.400534710918588,135.31428571428555,1.1962517027269373,0.7354946632179128
ETH,2020-10-16 08:00:00,2020-10-16 12:00:00,2020-10-20 08:00:00,2019-2020,370.12497,-88.56619173933375,-0.85696324973695,False,1.8277529343670071,3.835199230141099,2.098313813660661,6.747857142857129,1.823129399472056,1.0025360431883168
ETH,2020-10-26 08:00:00,2020-10-26 12:00:00,2020-10-30 08:00:00,2019-2020,405.312555,-688.5946665672512,-6.64836283334473,False,7.900706406689019,1.218182101464887,0.15418647887403217,5.93500000000001,1.4643020372265574,5.395544229149098
ETH,2020-10-30 08:00:00,2020-10-30 12:00:00,2020-11-03 08:00:00,2019-2020,379.62972,-28.662286659153388,-0.27858573954640004,False,2.4760232154637425,6.55119414781329,2.645853280736019,8.937857142857151,2.3543618088850238,1.0516748981059691
ETH,2020-11-15 20:00:00,2020-11-16 00:00:00,2020-11-19 20:00:00,2019-2020,448.2940349999999,480.9594804368262,4.67603271912821,True,0.6344128580697949,10.487751638274668,16.531429817144183,8.44571428571429,1.8839675807228378,0.33674298037887906
ETH,2020-11-26 08:00:00,2020-11-26 12:00:00,2020-11-30 08:00:00,2019-2020,512.9463450000001,1484.5015442516128,14.36559648329299,True,6.228009091282259,15.622229455597342,2.5083825708386924,26.064285714285695,5.08128890445368,1.2256750616607324
BTC,2020-11-26 16:00:00,2020-11-26 20:00:00,2020-11-30 16:00:00,2019-2020,16525.11843,1675.2558182707407,16.25291308171341,True,0.526703819816418,20.19980422010205,38.35135318962119,644.4571428571427,3.899863989399214,0.13505697153750185
ETH,2020-12-05 00:00:00,2020-12-05 04:00:00,2020-12-09 00:00:00,2019-2020,576.288,-477.1462486227823,-4.4803714587844805,False,5.94980287633961,5.416041979010493,0.9102893140457297,15.442857142857147,2.6797117314358703,2.220314523589269
BTC,2020-12-08 12:00:00,2020-12-08 16:00:00,2020-12-12 12:00:00,2019-2020,18819.314955,-261.3955725210687,-2.45586612550796,False,6.62609110895769,0.6296458998817986,0.09502524030051322,272.4021428571429,1.4474604602160073,4.57773548299127
ETH,2020-12-09 00:00:00,2020-12-09 04:00:00,2020-12-13 00:00:00,2019-2020,552.3860549999999,221.66394144868107,2.09669032839724,True,3.974766343440729,4.651447075361108,1.1702441536059236,11.64499999999999,2.1081270779002543,1.8854491197939038
ETH,2020-12-20 20:00:00,2020-12-21 00:00:00,2020-12-24 20:00:00,2019-2020,638.41905,-466.0470660846735,-4.39749388637447,False,13.649193268903865,1.5007305938004247,0.10995013142787338,14.820714285714287,2.3214711850647762,5.879544556364162
BTC,2020-12-21 12:00:00,2020-12-21 16:00:00,2020-12-25 12:00:00,2019-2020,22704.996825,583.1485223040258,5.5277206118147095,True,1.548543819274447,8.702944070990865,5.620082533452965,702.5092857142861,3.094073481396693,0.500487085579952
BTC,2021-01-04 08:00:00,2021-01-04 12:00:00,2021-01-08 08:00:00,2021,30758.361495,3443.180962484039,32.4530643620069,True,2.790660663571218,34.92412463760855,12.514643967108501,1746.9292857142862,5.679526479322582,0.4913544595189686
BTC,2021-01-10 20:00:00,2021-01-11 00:00:00,2021-01-14 20:00:00,2021,38169.09501,203.6268797194666,1.85891979217771,True,20.302013993179028,5.058817845940862,0.24917812822119514,1785.1292857142855,4.676897068810764,4.340915289448823
ETH,2021-01-11 00:00:00,2021-01-11 04:00:00,2021-01-15 00:00:00,2021,1105.57251,1045.1390117001404,9.61026791139191,True,17.2374501243704,13.694939828053437,0.7944875680128267,81.99285714285718,7.41632560517059,2.3242574614513445
BTC,2021-01-17 08:00:00,2021-01-17 12:00:00,2021-01-21 08:00:00,2021,35287.634999999995,-1070.669160593527,-9.66402110759164,False,9.28924536880977,7.261367898415425,0.7816962099845817,1631.6200000000001,4.623772604766515,2.0090186440470172
ETH,2021-01-21 12:00:00,2021-01-21 16:00:00,2021-01-25 12:00:00,2021,1189.1342699999998,2189.070718968953,19.95169563475789,True,12.347156557854468,24.039819321665018,1.9469923467012678,81.88071428571429,6.885741698934831,1.7931483778667554
BTC,2021-01-22 00:00:00,2021-01-22 04:00:00,2021-01-26 00:00:00,2021,30958.8717,156.06640617502742,1.42592490643741,True,1.4821977507662196,12.649454211214037,8.534255435669715,1634.9535714285714,5.281050250382902,0.28066344391605685
BTC,2021-01-26 12:00:00,2021-01-26 16:00:00,2021-01-30 12:00:00,2021,31766.11512,799.7383452205842,7.13646416089988,True,7.9468172625573406,21.298748224142315,2.680160814128024,1175.4092857142857,3.700198407246362,2.147673283409485
ETH,2021-01-27 12:00:00,2021-01-27 16:00:00,2021-01-31 12:00:00,2021,1282.0407,127.79442634208095,1.14565946801844,True,5.055276326250797,12.07912510109859,2.389409464795166,65.5664285714286,5.114223641373367,0.9884738487684243
ETH,2021-02-01 00:00:00,2021-02-01 04:00:00,2021-02-05 00:00:00,2021,1317.568455,2555.0476043992185,22.61280173526924,True,1.333399789083451,28.661246675035184,21.49486366331007,41.765,3.169854275237638,0.42065018556207556
BTC,2021-02-15 00:00:00,2021-02-15 04:00:00,2021-02-19 00:00:00,2021,47143.870155,826.2746028017128,7.15102930321208,True,2.0556016122855754,11.613110733165689,5.649494855305811,1225.357142857143,2.5991865725669188,0.7908634316525778
BTC,2021-02-22 12:00:00,2021-02-22 16:00:00,2021-02-26 12:00:00,2021,53263.308345,-1280.622071525918,-11.004505589164589,False,17.19106197026072,3.240789407633634,0.18851595167535098,2125.5314285714294,3.990610975202332,4.307877183991631
SOL,2021-02-27 20:00:00,2021-02-28 00:00:00,2021-03-03 20:00:00,2021,13.19189265,707.9722425803968,6.15136461803303,True,13.454420052455477,17.85192930598932,1.326844950312911,1.1013,8.348309292829184,1.611634114228639
BTC,2021-02-28 04:00:00,2021-02-28 08:00:00,2021-03-04 04:00:00,2021,44423.030415,1317.2774213774092,11.53687194506877,True,3.2033618636685732,18.497093755732237,5.7742754465300665,1977.9892857142856,4.45262123550759,0.7194328226535973
ETH,2021-02-28 12:00:00,2021-02-28 16:00:00,2021-03-04 12:00:00,2021,1318.9491449999998,2151.076989069169,18.97790188355597,True,1.3070363679563841,25.6257685356019,19.6060103328793,72.14714285714284,5.4700473578261315,0.23894425083658097
BTC,2021-03-05 00:00:00,2021-03-05 04:00:00,2021-03-09 00:00:00,2021,47313.454905,1602.314149534456,13.43454323168076,True,1.8923473392457306,14.343795245193164,7.579895586668802,1662.2221428571434,3.5132123540643887,0.5386373348757296
ETH,2021-03-05 00:00:00,2021-03-05 04:00:00,2021-03-09 00:00:00,2021,1482.270765,2868.170278570103,24.04806673801598,True,2.739766981776768,25.45683581636314,9.291606178805072,59.06000000000001,3.984427231147611,0.6876187775143904
SOL,2021-03-05 04:00:00,2021-03-05 08:00:00,2021-03-09 04:00:00,2021,12.496645199999998,1208.932723670555,10.14159680314844,True,4.774442984105828,13.470453654233555,2.8213665340809055,0.5137714285714283,4.111274828955121,1.161304749193634
ETH,2021-03-12 12:00:00,2021-03-12 16:00:00,2021-03-16 12:00:00,2021,1776.4477799999995,74.502300131472,0.59626814685205,True,3.6459152207671126,9.44875621393163,2.591600638465636,50.90928571428575,2.8657912879536354,1.2722193818135783
SOL,2021-03-15 04:00:00,2021-03-15 08:00:00,2021-03-19 04:00:00,2021,13.9373652,-88.54205172240677,-0.70849934836319,False,6.491651664548476,5.830619979736196,0.898172034026065,0.54115,3.8827281357311354,1.6719305183405708
BTC,2021-03-15 08:00:00,2021-03-15 12:00:00,2021-03-19 08:00:00,2021,56178.8754,531.785708104632,4.25170385938877,True,5.175495912472468,7.033061042727823,1.358915389301882,1776.0049999999999,3.1613395379573586,1.6371211792759595
SOL,2021-03-21 04:00:00,2021-03-21 08:00:00,2021-03-25 04:00:00,2021,13.9527729,-610.3579637236332,-4.86475165793746,False,7.376117330770854,18.901096713184522,2.562472350369897,0.3154142857142859,2.260584960243178,3.262924181348788
SOL,2021-03-26 00:00:00,2021-03-26 04:00:00,2021-03-30 00:00:00,2021,12.6953445,7067.720167733503,56.60741145847597,True,0.6872164831761662,57.530187542370356,83.71479577509295,0.553807142857143,4.362285268092907,0.157535887944486
BTC,2021-04-04 00:00:00,2021-04-04 04:00:00,2021-04-08 00:00:00,2021,57521.16621,-326.78644106247435,-2.47710448540468,False,3.5607174627205853,3.4319084957230994,0.9638249964098334,930.2635714285716,1.6172543651711395,2.2017052724688653
ETH,2021-04-07 08:00:00,2021-04-07 12:00:00,2021-04-11 08:00:00,2021,1978.86894,996.5185812592746,7.57409515912154,True,2.4690336490904787,11.174618769851424,4.525907848184991,54.09499999999996,2.7336322737977765,0.9032062112949462
SOL,2021-04-11 04:00:00,2021-04-11 08:00:00,2021-04-15 04:00:00,2021,26.34826755,42.62826883002202,0.3217275929248,True,6.255696116916043,13.591908626265644,2.1727252047157037,1.0573,4.012787550428529,1.5589402723919417
BTC,2021-04-17 16:00:00,2021-04-17 20:00:00,2021-04-21 16:00:00,2021,60735.372509999994,-1194.1957506109711,-9.00361697310613,False,16.14227772849465,0.3616138025066774,0.022401659083609367,1157.2649999999994,1.905421753706141,8.471761014115174
BTC,2021-05-04 16:00:00,2021-05-04 20:00:00,2021-05-08 16:00:00,2021,54566.999865,975.8054293053358,7.4239091832664,True,3.0549597176392207,8.927813783151997,2.922399837746842,1370.6985714285713,2.5119551648793426,1.2161680910359562
SOL,2021-05-04 16:00:00,2021-05-04 20:00:00,2021-05-08 16:00:00,2021,44.5732755,-57.59062225426321,-0.43814836091639003,False,7.07436342657833,3.746021537053073,0.5295206524136572,2.0781428571428577,4.662306805661742,1.5173526156595853
BTC,2021-05-10 16:00:00,2021-05-10 20:00:00,2021-05-14 16:00:00,2021,55761.62688,-1394.2707118380954,-10.53399712498488,False,17.505993684522863,4.014199809516028,0.22930431038970397,1457.5185714285722,2.613837961659866,6.69742881590335
SOL,2021-05-10 20:00:00,2021-05-11 00:00:00,2021-05-14 20:00:00,2021,42.889434,-103.25519998502035,-0.7800997415120801,False,12.729088474331467,14.813825708215223,1.1637774172194404,1.984071428571428,4.626014483127541,2.751631781689889
ETH,2021-07-08 08:00:00,2021-07-08 12:00:00,2021-07-12 08:00:00,2021,2169.674295,-445.4451581043704,-3.40394079478182,False,5.676625993303747,1.1589622026655555,0.20416391779777085,69.66999999999992,3.2110810438485617,1.7678239557915885
BTC,2021-08-03 04:00:00,2021-08-03 08:00:00,2021-08-07 04:00:00,2021,38612.726715,1520.0707988125482,11.65554017635246,True,3.315038392517212,13.771814987969321,4.154345548170848,1002.9871428571429,2.597555853178091,1.2762144800317907
BTC,2021-08-17 00:00:00,2021-08-17 04:00:00,2021-08-21 00:00:00,2021,46440.2085,644.1320769716351,4.8821470072194,True,5.4102007315492635,6.336710353055364,1.1712523559621761,941.4671428571429,2.0272672609924713,2.6687160768830447
ETH,2021-08-17 16:00:00,2021-08-17 20:00:00,2021-08-21 16:00:00,2021,3118.47846,374.3573259004608,2.84355214461864,True,5.402585336439997,6.114569731547867,1.131785867463415,89.23071428571431,2.861354196614022,1.8881218350503883
BTC,2021-08-24 16:00:00,2021-08-24 20:00:00,2021-08-28 16:00:00,2021,48267.3216,65.12768054330746,0.48984857536679,True,4.179476990080184,2.248971693511151,0.5380988336217647,873.0457142857148,1.8087718260416479,2.3106712134203433
SOL,2021-08-24 16:00:00,2021-08-24 20:00:00,2021-08-28 16:00:00,2021,71.6428035,4097.767081998605,30.82077160673926,True,7.834427501151596,34.598306164833446,4.416188184745827,3.5452142857142865,4.94845834126841,1.5832057099107437
ETH,2021-08-25 08:00:00,2021-08-25 12:00:00,2021-08-29 08:00:00,2021,3141.259845,135.41075754208185,1.02575076769238,True,2.800145462019232,4.639544711080721,1.6568941771100234,66.87000000000002,2.128763722187396,1.3153857484671725
BTC,2021-08-31 00:00:00,2021-08-31 04:00:00,2021-09-04 00:00:00,2021,47174.25534,819.8719764916867,5.97343460341373,True,1.4038490596765472,8.109814627547646,5.776842297715526,805.4149999999998,1.7073189480048288,0.8222535463084293
SOL,2021-09-07 12:00:00,2021-09-07 16:00:00,2021-09-11 12:00:00,2021,169.14453,1525.6914692913083,11.04989819700347,True,13.387680937716404,27.701439709578544,2.069173879961297,12.797857142857143,7.5662258441683825,1.7694001227884135
ETH,2021-09-19 20:00:00,2021-09-20 00:00:00,2021-09-23 20:00:00,2021,3330.234285,-776.4832226440858,-5.56225692733806,False,20.365963081183043,0.5280623972676494,0.02592867301009438,77.78285714285714,2.3356572086596348,8.719585650528947
SOL,2021-10-10 16:00:00,2021-10-10 20:00:00,2021-10-14 16:00:00,2021,153.54673499999998,-354.0484635428669,-2.55037524288613,False,10.379077744635842,1.3697881625421875,0.1319759034708192,4.078571428571424,2.656241064696963,3.907430647985987
ETH,2021-10-11 00:00:00,2021-10-11 04:00:00,2021-10-15 00:00:00,2021,3519.909075,1134.314270705902,8.18267789601924,True,3.3154002706731847,9.090602006530519,2.7419319733254084,75.7257142857143,2.1513542728575823,1.5410759225022634
BTC,2021-10-12 20:00:00,2021-10-13 00:00:00,2021-10-16 20:00:00,2021,56024.908455,1144.3884038114236,8.258744360738831,True,3.3158795011546345,12.33039327596346,3.7185890716685717,1316.879285714285,2.350524654175957,1.410697605431886
ETH,2021-10-17 20:00:00,2021-10-18 00:00:00,2021-10-21 20:00:00,2021,3848.9235,660.492699399499,4.69277371739657,True,4.492775707285423,13.668146431073524,3.042249896630594,86.49857142857142,2.2473445218792065,1.9991486234289568
SOL,2021-10-19 20:00:00,2021-10-20 00:00:00,2021-10-23 20:00:00,2021,155.847885,3702.1839203538234,26.290454848328558,True,0.5440465233134162,38.019197373130865,69.88225407926858,3.4721428571428583,2.2279050223510306,0.24419646163340608
BTC,2021-10-22 16:00:00,2021-10-22 20:00:00,2021-10-26 16:00:00,2021,61063.226355,144.46092376514105,0.99530854571482,True,2.542604522685643,4.3355122272919715,1.7051461163581025,1760.2664285714277,2.8826947635191456,0.8820234992835918
ETH,2021-10-27 08:00:00,2021-10-27 12:00:00,2021-10-31 08:00:00,2021,3994.086045,715.5397561910409,4.92613117353109,True,2.601747779822804,11.676862985559447,4.4880841548579,97.625,2.4442387795378604,1.064440921895006
SOL,2021-10-27 08:00:00,2021-10-27 12:00:00,2021-10-31 08:00:00,2021,190.07499,-321.44617197998764,-2.21299514765197,False,4.711293158558108,7.967913085251239,1.6912369528050808,8.693571428571422,4.573758719425118,1.030070331114947
BTC,2021-10-28 16:00:00,2021-10-28 20:00:00,2021-11-01 16:00:00,2021,61319.514435,-46.61869986556578,-0.31753708393629004,False,3.122194382392613,2.7079235383707303,0.8673142049200611,1478.004285714284,2.4103326638063973,1.295337539616645
ETH,2021-11-01 04:00:00,2021-11-01 08:00:00,2021-11-05 04:00:00,2021,4305.091469999999,685.8647375018116,4.7041403496823095,True,0.939851575325513,8.380275599579782,8.916594725797331,98.35857142857147,2.2847034055834237,0.41136699539584737
BTC,2021-11-06 12:00:00,2021-11-06 16:00:00,2021-11-10 12:00:00,2021,60678.90429,1754.5902894918636,11.99414463730144,True,0.4596396280774018,13.713325590441377,29.834950584661293,942.3614285714274,1.5530297384205245,0.29596318518978804
ETH,2021-11-06 12:00:00,2021-11-06 16:00:00,2021-11-10 12:00:00,2021,4400.769284999999,1428.1385147266556,9.76256395029581,True,0.41445674196482346,10.617023632494305,25.616723188436907,79.24142857142844,1.8006267413636625,0.23017360147108798
SOL,2021-11-10 04:00:00,2021-11-10 08:00:00,2021-11-14 04:00:00,2021,240.990435,-394.2777019853011,-2.65334045448732,False,9.747455329503012,2.9086486357850716,0.2984008171836755,6.33642857142857,2.629327828479404,3.7072042610754137
ETH,2021-11-10 20:00:00,2021-11-11 00:00:00,2021-11-14 20:00:00,2021,4630.99434,-51.154869031571565,-0.34339732565944003,False,2.659133891318896,3.859120674286979,1.451269786333664,96.81142857142855,2.0905106217734772,1.2720020953842508
BTC,2021-11-12 16:00:00,2021-11-12 20:00:00,2021-11-16 16:00:00,2021,63876.92249999999,-909.6178397153858,-6.11474119005841,False,8.301671859661045,3.9527538290530733,0.47613949284842766,1562.9514285714286,2.446817046596803,3.392845358506704
ETH,2021-11-16 08:00:00,2021-11-16 12:00:00,2021-11-20 08:00:00,2021,4294.586219999999,43.5183736059773,0.29361525027202,True,7.873778815412844,1.1920538412196675,0.15139539338928773,109.60428571428565,2.552150081510895,3.085155090390099
SOL,2021-11-16 08:00:00,2021-11-16 12:00:00,2021-11-20 08:00:00,2021,225.042465,-659.9256213960164,-4.45246939238778,False,17.126752055439844,1.234227060212836,0.07206428026852982,6.6321428571428545,2.94706283862597,5.811464835756598
BTC,2022-03-31 12:00:00,2022-03-31 16:00:00,2022-04-04 12:00:00,2022,46477.03690499999,-302.15760508200196,-2.0485468437448198,False,4.89927296710912,2.080754625078023,0.42470681651073616,648.1671428571426,1.3945965277046586,3.513039699856951
ETH,2022-04-05 20:00:00,2022-04-06 00:00:00,2022-04-09 20:00:00,2022,3408.7034999999996,-669.8028146834864,-4.550403650003569,False,7.790454640598678,0.0,0.0,61.27214285714285,1.7975204607013449,4.3340005362492775
BTC,2022-04-06 00:00:00,2022-04-06 04:00:00,2022-04-10 00:00:00,2022,45238.48793999999,-828.7884086589943,-5.64162209332894,False,6.92186693806635,0.5938572932771804,0.08579438157230407,771.0064285714288,1.7043152052164476,4.061377212900752
SOL,2022-04-06 08:00:00,2022-04-06 12:00:00,2022-04-10 08:00:00,2022,121.68081,-1303.2394547101085,-8.88977103480818,False,11.161012159600187,1.2485041807331896,0.1118629890264284,5.052857142857145,4.152550548321584,2.6877486570539992
ETH,2022-04-11 00:00:00,2022-04-11 04:00:00,2022-04-15 00:00:00,2022,3176.897655,-627.11372000304,-4.3430575956907695,False,7.142114088657987,0.411796237106033,0.05765747116249302,45.44428571428567,1.4304611180269722,4.992875373298555
BTC,2023-01-18 16:00:00,2023-01-18 20:00:00,2023-01-22 16:00:00,2023-2024,20915.822685,1203.7653903056682,8.373006200764719,True,1.3951288906712145,11.742198009554413,8.416568596687213,390.91999999999956,1.869015653304194,0.7464511536887318
ETH,2023-01-18 16:00:00,2023-01-18 20:00:00,2023-01-22 16:00:00,2023-2024,1542.73098,823.5424265738084,5.7282971414756805,True,2.2577481396011088,8.849826818153346,3.919758215244019,35.53357142857141,2.303290197009683,0.9802273905964171
ETH,2023-01-25 00:00:00,2023-01-25 04:00:00,2023-01-29 00:00:00,2023-2024,1547.403315,405.1649580123828,2.7790099148133103,True,1.4478006336699636,6.04862895747383,4.177805159638201,28.559285714285675,1.8456265045732871,0.7844494160018027
BTC,2023-01-30 20:00:00,2023-01-31 00:00:00,2023-02-03 20:00:00,2023-2024,22838.79369,343.86212448137115,2.35200004954379,True,0.5430395829281567,6.20088052470166,11.418837078626048,339.8292857142852,1.4879476137265515,0.3649588049461761
BTC,2023-02-06 04:00:00,2023-02-06 08:00:00,2023-02-10 04:00:00,2023-2024,22892.350455,-662.3014245523087,-4.51947941245162,False,5.547488264677618,2.444701107036238,0.4406861250346975,199.8142857142866,0.8728430315928719,6.355653953671229
ETH,2023-02-06 04:00:00,2023-02-06 08:00:00,2023-02-10 04:00:00,2023-2024,1636.227705,-791.5214711835084,-5.40126422941848,False,6.834483040366311,3.769786736376039,0.5515833039764172,21.827142857142867,1.3339917659652918,5.12333225341972
BTC,2023-02-10 04:00:00,2023-02-10 08:00:00,2023-02-14 04:00:00,2023-2024,21921.565305,-130.803400596456,-0.9015333490557,False,2.6024387267175597,0.7683515873822311,0.29524291177120177,309.7500000000003,1.4129921640648109,1.8417927522195314
ETH,2023-02-10 20:00:00,2023-02-11 00:00:00,2023-02-14 20:00:00,2023-2024,1513.806525,375.2758606511562,2.59015607596883,True,3.4268926803575446,3.6460058857257227,1.0639393251571907,32.56785714285719,2.151388344878299,1.592874986292351
ETH,2023-02-21 20:00:00,2023-02-22 00:00:00,2023-02-25 20:00:00,2023-2024,1660.599885,-607.995905008533,-4.18342760355544,False,6.218830070556108,1.1080402429390699,0.17817503137531226,28.589285714285698,1.7216239729105904,3.6121883572767097
BTC,2023-02-22 16:00:00,2023-02-22 20:00:00,2023-02-26 16:00:00,2023-2024,23803.57584,-211.26845695580172,-1.45766453379676,False,4.543753624539469,3.3440948761251277,0.7359762769848833,413.1435714285713,1.7356365875681445,2.6179176315393686
ETH,2023-02-25 20:00:00,2023-02-26 00:00:00,2023-03-01 20:00:00,2023-2024,1595.37729,602.6165565050815,4.17553139772349,True,0.47746009973602627,4.659882678911654,9.759732135707186,23.433571428571423,1.4688419833637862,0.32505885938976076
ETH,2023-03-21 04:00:00,2023-03-21 08:00:00,2023-03-25 04:00:00,2023-2024,1731.2051699999995,104.81458369318112,0.722272694218,True,1.217947494923413,7.2755576394218275,5.973621744572273,37.08071428571429,2.141901776189491,0.5686290139271367
BTC,2023-03-22 20:00:00,2023-03-23 00:00:00,2023-03-26 20:00:00,2023-2024,27264.595485,349.2777737762339,2.40657360139045,True,0.9704728065581335,5.448107659683469,5.613869469465773,625.1800000000003,2.293010363362815,0.42323088550497706
ETH,2023-04-03 00:00:00,2023-04-03 04:00:00,2023-04-07 00:00:00,2023-2024,1779.2191649999995,769.3232698717744,5.28483593331799,True,0.6153915838692948,9.20408447826047,14.956467913307305,18.005714285714312,1.0120009181507617,0.6080938987622713
BTC,2023-04-03 20:00:00,2023-04-04 00:00:00,2023-04-07 20:00:00,2023-2024,27813.9,27.004689519804824,0.18519011320924,True,0.5432895063259757,3.455466511348637,6.360267354906989,361.16428571428594,1.2985028554581914,0.41839685145264455
BTC,2023-04-17 00:00:00,2023-04-17 04:00:00,2023-04-21 00:00:00,2023-2024,29997.7914,-846.1429876082561,-5.780922330444279,False,6.626459173257664,1.624148236459841,0.24510046677936234,213.72999999999956,0.7124857865369367,9.300479109156425
ETH,2023-04-20 16:00:00,2023-04-20 20:00:00,2023-04-24 16:00:00,2023-2024,1928.66385,-758.7540810390093,-5.21733526468596,False,6.360042990384246,1.4832107730955848,0.2332076646868665,38.867142857142916,2.0152367587095554,3.1559780571176463
BTC,2023-04-21 04:00:00,2023-04-21 08:00:00,2023-04-25 04:00:00,2023-2024,28169.09751,-492.2012409165168,-3.38254163221786,False,4.353272267827085,0.4946998743943825,0.11363862491451965,481.50285714285695,1.709330080496629,2.546770993793244
ETH,2023-04-24 16:00:00,2023-04-24 20:00:00,2023-04-28 16:00:00,2023-2024,1832.23566,444.201062014561,3.0773618094465003,True,2.578034094151407,7.230747817668824,2.8047525958142607,29.34142857142857,1.6014003663387146,1.609862310725938
BTC,2023-05-01 04:00:00,2023-05-01 08:00:00,2023-05-05 04:00:00,2023-2024,28643.39454,184.4277496398351,1.2744180611087599,True,3.40896934766727,3.0988137902456825,0.9090177922445022,338.7964285714284,1.1828082320979978,2.8820980909311347
ETH,2023-05-01 20:00:00,2023-05-02 00:00:00,2023-05-05 20:00:00,2023-2024,1831.645365,1241.8923577260107,8.5992498918261,True,0.47527568198225034,9.101905761107846,19.150792069028615,27.30285714285713,1.4906191812331056,0.31884446944328293
ETH,2023-05-08 00:00:00,2023-05-08 04:00:00,2023-05-12 00:00:00,2023-2024,1866.31269,-832.8447846702607,-5.698889704768599,False,5.792313934274323,1.1336422944217377,0.19571492624281656,33.01571428571425,1.7690344422249122,3.2742799099995685
BTC,2023-05-08 08:00:00,2023-05-08 12:00:00,2023-05-12 08:00:00,2023-2024,27948.057045,-861.8797349766153,-5.89892256084843,False,6.538261468615804,1.3716980553701201,0.2097955338669743,386.6707142857148,1.3835334372730266,4.7257704746933005
BTC,2023-06-28 16:00:00,2023-06-28 20:00:00,2023-07-02 16:00:00,2023-2024,30115.039995,176.45045576837677,1.22155963055364,True,2.0423017704844963,3.8750073225662365,1.8973725521703713,371.59857142857203,1.233930193983699,1.6551193742094914
BTC,2023-07-06 12:00:00,2023-07-06 16:00:00,2023-07-10 12:00:00,2023-2024,30422.2035,-75.5957935967632,-0.52270821451015,False,2.3705827225828635,0.13781546100038874,0.05813568946045139,350.1385714285711,1.1509310015251561,2.0597088091653504
ETH,2023-07-07 00:00:00,2023-07-07 04:00:00,2023-07-11 00:00:00,2023-2024,1858.959015,136.75458073825206,0.9465223451524001,True,0.8692507403128494,2.503604685442734,2.880187003972719,24.25928571428572,1.3049930374223835,0.6660960751405921
ETH,2023-07-17 08:00:00,2023-07-17 12:00:00,2023-07-21 08:00:00,2023-2024,1911.045045,-194.22621606667624,-1.34241231260457,False,1.9771927981948787,0.9421523080843905,0.4765100848761684,15.516428571428573,0.8119342143203417,2.435163789531838
SOL,2023-07-18 12:00:00,2023-07-18 16:00:00,2023-07-22 12:00:00,2023-2024,25.53276,52.97446833790009,0.36642744967642,True,2.595724081532896,7.234783861987499,2.787192950691054,0.9878571428571428,3.868979079649606,0.6709067245119293
BTC,2023-07-18 16:00:00,2023-07-18 20:00:00,2023-07-22 16:00:00,2023-2024,29730.837989999996,24.775128472468396,0.1715806344909,True,0.5377513746964427,2.309460669191191,4.294662511081198,283.0057142857139,0.9518928271746099,0.5649284870572941
BTC,2023-09-21 12:00:00,2023-09-21 16:00:00,2023-09-25 12:00:00,2023-2024,26597.302005,-214.41213203053593,-1.48312309454372,False,2.281592339275324,0.5492211013453115,0.24071833161911577,345.815,1.3001882669715543,1.7548168963174016
SOL,2023-10-05 16:00:00,2023-10-05 20:00:00,2023-10-09 16:00:00,2023-2024,22.8114,-396.40509289908186,-2.74607034465222,False,5.354340373672809,6.131144953838878,1.1450794170623897,0.7149999999999993,3.1343977134239873,1.7082517482517483
SOL,2023-10-09 16:00:00,2023-10-09 20:00:00,2023-10-13 16:00:00,2023-2024,22.2111,-414.98209318634827,-2.88267733340536,False,5.767836802319555,1.2106559332946236,0.2098977441261435,0.4285714285714288,1.9295371619209714,2.989233333333328
BTC,2023-10-11 04:00:00,2023-10-11 08:00:00,2023-10-15 04:00:00,2023-2024,27035.460975,-105.14843096784304,-0.73106723384137,False,1.8375901763221254,1.096852113134713,0.5968970270237434,243.73142857142895,0.9015249593739503,2.0383131462030857
ETH,2023-10-27 16:00:00,2023-10-27 20:00:00,2023-10-31 16:00:00,2023-2024,1775.2171649999998,256.6406749144506,1.7892216825201999,True,0.7073593725644104,3.076966360901548,4.349933683279735,36.17571428571427,2.037819090472476,0.3471158827942899
ETH,2023-11-03 00:00:00,2023-11-03 04:00:00,2023-11-07 00:00:00,2023-2024,1799.2391699999998,688.5896027414836,4.792065768221359,True,1.0353915316327809,6.391080847800806,6.1726222907408435,28.053571428571413,1.5591907899921618,0.6640569828134926
BTC,2023-11-14 00:00:00,2023-11-14 04:00:00,2023-11-18 00:00:00,2023-2024,36466.30404,-76.08045737201098,-0.5269376457055399,False,4.569434945126956,4.150944275404547,0.9084152253510678,350.0728571428564,0.9599899588366848,4.759877853997758
ETH,2023-11-17 16:00:00,2023-11-17 20:00:00,2023-11-21 16:00:00,2023-2024,1939.839435,303.6173480449149,2.10405514031629,True,1.2289385693409256,6.524280449015617,5.308874350419777,40.58928571428573,2.092404401206831,0.5873331984161922
SOL,2023-11-21 12:00:00,2023-11-21 16:00:00,2023-11-25 12:00:00,2023-2024,55.137555,859.3050647361725,5.9408486429984,True,7.086921064961989,8.492297128517942,1.1983055900684694,2.0457142857142863,3.710201306014179,1.910117667597766
BTC,2023-11-22 00:00:00,2023-11-22 04:00:00,2023-11-26 00:00:00,2023-2024,36398.179995,491.4649121804385,3.4035273556210095,True,0.43678006708533373,5.538243959662031,12.679708569622122,617.394285714286,1.6962229589476647,0.2575015653344957
ETH,2023-11-22 00:00:00,2023-11-22 04:00:00,2023-11-26 00:00:00,2023-2024,1979.299155,667.6241911565284,4.62347797688016,True,0.10403455156327386,7.766428061755024,74.65239139356004,40.72642857142858,2.0576186509526693,0.05056065734780654
ETH,2023-11-26 16:00:00,2023-11-26 20:00:00,2023-11-30 16:00:00,2023-2024,2058.06852,-154.8955336188994,-1.05638291003059,False,3.512444765444439,1.1589254569619611,0.3299483790787296,22.23928571428574,1.0805901503359927,3.250487489963053
BTC,2023-11-27 04:00:00,2023-11-27 08:00:00,2023-12-01 04:00:00,2023-2024,37301.84159999999,334.51690044963686,2.28291854945846,True,1.5946708647221122,3.0780206841047972,1.9301918359442618,229.4521428571414,0.615122827761784,2.5924429930922246
SOL,2023-11-27 04:00:00,2023-11-27 08:00:00,2023-12-01 04:00:00,2023-2024,55.957964999999994,1246.782600017792,8.50869753036946,True,4.446132020705177,10.404300799716372,2.3400791409847077,1.412857142857143,2.524854402509354,1.7609459049544958
SOL,2023-12-05 04:00:00,2023-12-05 08:00:00,2023-12-09 04:00:00,2023-2024,59.71984499999999,4203.355340063617,28.390573378246398,True,0.48534117930144094,30.241463285780483,62.309700012077045,1.7564285714285712,2.941113747747623,0.16501952013013
SOL,2023-12-11 00:00:00,2023-12-11 04:00:00,2023-12-15 00:00:00,2023-2024,70.91543999999999,701.8376870918711,4.60953010909896,True,10.217013389467779,7.5083225881416045,0.7348842858404755,3.1757142857142844,4.4781704600779255,2.281515069725593
BTC,2023-12-11 16:00:00,2023-12-11 20:00:00,2023-12-15 16:00:00,2023-2024,40800.379995,442.7065263649573,2.91433807053813,True,0.6038669125880599,6.555870326030757,10.856482097907188,701.1571428571436,1.7185064034772934,0.3513905513335137
ETH,2023-12-11 16:00:00,2023-12-11 20:00:00,2023-12-15 16:00:00,2023-2024,2188.6938,331.41525713433447,2.18170739192479,True,2.027410138412228,6.552593149393493,3.2320017668083554,42.15785714285715,1.9261651466667993,1.0525629860558072
BTC,2023-12-18 08:00:00,2023-12-18 12:00:00,2023-12-22 08:00:00,2023-2024,41125.67256,923.4365679423878,6.00671942829305,True,0.5779177462769719,7.957529290798796,13.769311190151761,463.97357142857174,1.1281847628185555,0.5122545218862503
SOL,2023-12-18 08:00:00,2023-12-18 12:00:00,2023-12-22 08:00:00,2023-2024,69.05451,5443.261765432225,35.40702993012334,True,1.1939987699572259,44.089068186857034,36.92555578464833,2.25,3.2582955117630985,0.3664488888888842
BTC,2023-12-26 08:00:00,2023-12-26 12:00:00,2023-12-30 08:00:00,2023-2024,42706.90278,-398.08609686469816,-2.4864743362030697,False,3.2943217335321755,2.530427517928293,0.7681179079054813,473.3142857142858,1.108285206615224,2.972449432572732
ETH,2023-12-26 08:00:00,2023-12-26 12:00:00,2023-12-30 08:00:00,2023-2024,2243.7212999999997,214.40224455975553,1.33917180961826,True,2.909064508145459,9.006408237957206,3.095980928830908,27.39999999999996,1.2211855367241895,2.382164233576642
BTC,2024-01-03 12:00:00,2024-01-03 16:00:00,2024-01-07 12:00:00,2023-2024,43021.510005,342.39952297218326,2.1411084975979398,True,2.3744169018736807,3.970269743673553,1.67210305003328,933.5399999999998,2.1699377820339247,1.0942327109711385
SOL,2024-01-03 12:00:00,2024-01-03 16:00:00,2024-01-07 12:00:00,2023-2024,102.081015,-1308.8329946552512,-8.18445488027327,False,10.855118358687944,5.945263181405487,0.5476921563593241,4.9250000000000025,4.824599363554529,2.2499522842639568
ETH,2024-01-07 20:00:00,2024-01-08 00:00:00,2024-01-11 20:00:00,2023-2024,2222.53071,2786.3403394489865,17.52960949268503,True,2.5264312320795734,21.0057520420044,8.314396915016761,26.134285714285756,1.1758796221216559,2.1485458073685284
SOL,2024-01-12 20:00:00,2024-01-13 00:00:00,2024-01-16 20:00:00,2023-2024,92.18607,911.2838131171352,5.63436112853058,True,2.902900622621179,11.589527571790406,3.9923955651384384,4.905,5.320760501017128,0.545580020387359
BTC,2024-01-18 20:00:00,2024-01-19 00:00:00,2024-01-22 20:00:00,2023-2024,41348.173755,-738.6722393778723,-4.54153532638407,False,4.635256121240999,2.052536225732026,0.44280966834309465,548.5342857142849,1.326622764440603,3.4940272739821006
ETH,2024-01-18 20:00:00,2024-01-19 00:00:00,2024-01-22 20:00:00,2023-2024,2472.045405,-1076.5383018949765,-6.6188174776668305,False,6.814413871981438,1.3007283335072874,0.19087897476486448,35.27214285714285,1.426840412631614,4.77587669346509
SOL,2024-02-16 12:00:00,2024-02-16 16:00:00,2024-02-20 12:00:00,2023-2024,109.724835,-527.8571455296784,-3.28202173537102,False,6.128817600864926,4.689152642608217,0.7650990693451969,2.867142857142855,2.613030001041109,2.3454830592924774
SOL,2024-02-20 12:00:00,2024-02-20 16:00:00,2024-02-24 12:00:00,2023-2024,106.67331,-768.9813681671628,-4.7969873516627395,False,7.680749758304113,2.931089323093093,0.3816150005309206,2.9542857142857164,2.769470371066311,2.7733641199226278
BTC,2024-02-21 12:00:00,2024-02-21 16:00:00,2024-02-25 12:00:00,2023-2024,51181.577999999994,65.95899023703957,0.41258800242912,True,1.2906557902532707,1.727578622136279,1.3385277741614354,722.2621428571438,1.4111759955059295,0.9145959075009277
BTC,2024-03-05 16:00:00,2024-03-05 20:00:00,2024-03-09 16:00:00,2023-2024,61441.68549,1651.0957293687095,10.34507895072949,True,0.44558590445009616,13.912890640656798,31.22381229232754,2068.846428571429,3.367170695387492,0.13233243715873408
ETH,2024-03-05 16:00:00,2024-03-05 20:00:00,2024-03-09 16:00:00,2023-2024,3378.14823,2267.6823039084848,14.20835391420642,True,1.5827674323219367,18.223053817860453,11.513412170180327,113.1392857142857,3.3491510144386325,0.47258765743868136
ETH,2024-03-11 00:00:00,2024-03-11 04:00:00,2024-03-15 00:00:00,2023-2024,3868.85346,-742.3486723317513,-4.53978074685464,False,6.354685245690329,5.817396350804155,0.9154499595002669,59.3721428571428,1.5346185496811968,4.1408891134611
SOL,2024-03-11 00:00:00,2024-03-11 04:00:00,2024-03-15 00:00:00,2023-2024,141.23057999999995,3864.569936089301,23.63350382997792,True,1.1970353729340735,32.24473056755844,26.937157661868287,3.931428571428569,2.783694984066886,0.4300167151162677
BTC,2024-03-14 16:00:00,2024-03-14 20:00:00,2024-03-18 16:00:00,2023-2024,69449.797545,-661.3087030247287,-3.9984906782055996,False,7.0796427330319505,4.276344294705335,0.6040339118742414,1480.864285714286,2.1322802053595047,3.3202215708972993
ETH,2024-03-15 08:00:00,2024-03-15 12:00:00,2024-03-19 08:00:00,2023-2024,3691.174664999999,-1934.236208196252,-11.636281736312771,False,13.229790224516483,3.1276042311045944,0.2364061846807477,110.95071428571434,3.0058375545800504,4.401365670728947
BTC,2024-03-19 04:00:00,2024-03-19 08:00:00,2024-03-23 04:00:00,2023-2024,64736.582115,-89.56322689324777,-0.54466462907668,False,6.119541664962362,5.412531478377392,0.884466807272025,1682.658571428572,2.599239126402205,2.3543588594070077
SOL,2024-03-19 08:00:00,2024-03-19 12:00:00,2024-03-23 08:00:00,2023-2024,177.92892,-244.4349145740902,-1.49391401139286,False,8.699496405643341,9.976500728493154,1.1467906029619626,10.994285714285711,6.17903245536797,1.407905925155927
ETH,2024-03-20 04:00:00,2024-03-20 08:00:00,2024-03-24 04:00:00,2023-2024,3220.0792349999997,564.8238113119102,3.4621071056594896,True,2.4648224222966886,11.404712064484354,4.626991365105156,118.13857142857144,3.668809454888194,0.6718316807139288
ETH,2024-03-29 16:00:00,2024-03-29 20:00:00,2024-04-02 16:00:00,2023-2024,3502.1001749999996,-1140.2126398084763,-6.94073705365093,False,8.283605850880598,4.375084016550172,0.5281617806676635,62.90357142857143,1.7961671078860968,4.611823596207341
BTC,2024-04-01 04:00:00,2024-04-01 08:00:00,2024-04-05 04:00:00,2023-2024,69629.73747,-679.4525208097353,-4.13230648587203,False,7.377117387830348,0.6466526319936264,0.08765654631718021,632.4928571428588,0.9083659943646473,8.121305105647687
SOL,2024-04-02 04:00:00,2024-04-02 08:00:00,2024-04-06 04:00:00,2023-2024,183.27159,-574.8171952257128,-3.5310277071858,False,8.420066634441268,4.762554850972808,0.5656196153474786,5.2450000000000045,2.8618729176737125,2.9421525262154407
ETH,2024-04-02 16:00:00,2024-04-02 20:00:00,2024-04-06 16:00:00,2023-2024,3279.168765,304.8600317848468,1.87666207780556,True,2.3292111651960044,5.024481714956807,2.157160239498506,75.28071428571427,2.2957255231636204,1.0145860825671524
SOL,2024-04-09 08:00:00,2024-04-09 12:00:00,2024-04-13 08:00:00,2023-2024,176.2881,-2367.9611042480938,-14.600037501169949,False,20.017289879464347,0.7725422192422631,0.03859374690051379,3.693571428571431,2.0951904459639827,9.55392380584025
BTC,2024-04-10 12:00:00,2024-04-10 16:00:00,2024-04-14 12:00:00,2023-2024,68691.63865499999,-1104.6375178409642,-6.844223638779889,False,11.69147921384667,3.805778106604716,0.3255172452513439,1177.174285714285,1.7137082602244773,6.822327630208896
BTC,2024-04-19 00:00:00,2024-04-19 04:00:00,2024-04-23 00:00:00,2023-2024,61816.03257,1157.3046966267352,7.291665342013561,True,0.12351580459897951,8.761994590750557,70.93824647945458,1759.6385714285705,2.84657312718342,0.043391052708065814
ETH,2024-04-19 00:00:00,2024-04-19 04:00:00,2024-04-23 00:00:00,2023-2024,2981.299905,1049.081885747693,6.60980124727506,True,0.07714436900972743,8.509713986657781,110.30894536948975,86.54785714285711,2.9030241807510175,0.026573794845129416
SOL,2024-05-23 12:00:00,2024-05-23 16:00:00,2024-05-27 12:00:00,2023-2024,172.776345,-199.62674670568092,-1.24051491539539,False,6.8159475187416385,4.782862491969025,0.7017164493737238,4.992142857142858,2.889367093130057,2.3589759622263538
BTC,2024-05-23 20:00:00,2024-05-24 00:00:00,2024-05-27 20:00:00,2023-2024,68003.64483,300.49338067561814,1.86377184123351,True,2.063896477179471,3.9467225274607283,1.9122676796533589,1107.3299999999997,1.6283391908892182,1.2674856004985051
BTC,2024-05-28 00:00:00,2024-05-28 04:00:00,2024-06-01 00:00:00,2023-2024,68084.32515,-128.91378280969,-0.80059059150666,False,2.077313899908728,2.0792962945304243,1.000954306723593,864.4700000000001,1.269704881550111,1.6360604185223364
ETH,2024-05-29 20:00:00,2024-05-30 00:00:00,2024-06-02 20:00:00,2023-2024,3769.32372,5.424445724832015,0.03371216048804,True,1.7707080887178335,2.1387465229439138,1.207848169086174,66.18642857142858,1.755923170521119,1.0084200256850229
BTC,2024-06-07 16:00:00,2024-06-07 20:00:00,2024-06-11 16:00:00,2023-2024,69289.63750499999,-476.9389863919971,-2.96419754750742,False,4.674057509344437,1.307991393279567,0.2798406717642249,854.6721428571431,1.2334775785130485,3.789333175378017
ETH,2024-06-11 08:00:00,2024-06-11 12:00:00,2024-06-15 08:00:00,2023-2024,3531.32478,-3.3050176057898284,-0.02061532363499,False,4.787573801127397,3.61578806693618,0.7552443507157466,42.017142857142936,1.1898407955878512,4.023709574323391
SOL,2024-06-11 16:00:00,2024-06-11 20:00:00,2024-06-15 16:00:00,2023-2024,149.29460999999998,-536.7545418029156,-3.34927183640452,False,6.446723026370471,8.40310979746692,1.3034699587827496,3.5442857142857145,2.37402121502291,2.7155288190245837
ETH,2024-07-23 16:00:00,2024-07-23 20:00:00,2024-07-27 16:00:00,2023-2024,3458.758515,-943.4589705635996,-5.90093853812166,False,10.732998947167024,1.1923782716007283,0.11109460435710344,68.68642857142855,1.9858694463215092,5.404685069830803
SOL,2024-07-25 00:00:00,2024-07-25 04:00:00,2024-07-29 00:00:00,2023-2024,170.615265,1973.7933222696684,12.45069729475847,True,3.0450176893609173,13.325147078721239,4.376049152449389,5.423571428571429,3.178831289551629,0.9579047807190844
BTC,2024-07-25 04:00:00,2024-07-25 08:00:00,2024-07-29 04:00:00,2023-2024,64166.066999999995,1287.8598980237743,8.12918556367403,True,1.1055173445491033,8.917381518801838,8.066252024692462,932.1835714285693,1.4527671945805394,0.7609735053717962
BTC,2024-07-29 16:00:00,2024-07-29 20:00:00,2024-08-02 16:00:00,2023-2024,67336.701525,-1166.5394579920728,-7.19193481290156,False,7.47690547795955,0.3221994396613812,0.04309261908033503,1169.2707142857148,1.736453802762527,4.305847622358009
SOL,2024-07-30 20:00:00,2024-07-31 00:00:00,2024-08-03 20:00:00,2023-2024,179.24957999999998,-3350.197232113577,-20.69108149893571,False,21.896609185918305,3.263840283475149,0.14905688162777836,4.462142857142855,2.4893463388549395,8.796128061469503
ETH,2024-08-01 16:00:00,2024-08-01 20:00:00,2024-08-05 16:00:00,2023-2024,3133.2058199999997,-3736.12213252927,-23.393733420031097,False,32.624917695320754,2.749075067146418,0.08426304988167696,59.46000000000007,1.8977368042805463,17.191487050117697
BTC,2024-08-03 00:00:00,2024-08-03 04:00:00,2024-08-07 00:00:00,2023-2024,61926.93799499999,-1320.5526196485444,-8.362342710653161,False,20.87449890715365,0.4380678486346469,0.02098578991443583,1458.8542857142857,2.355766864869169,8.861020680122753
SOL,2024-08-04 08:00:00,2024-08-04 12:00:00,2024-08-08 08:00:00,2023-2024,143.57174999999998,1124.212463481647,7.19350780860443,True,23.38325610713806,8.92114918150682,0.38151868758703444,5.93214285714286,4.131831545650771,5.659295605057189
SOL,2024-09-30 08:00:00,2024-09-30 12:00:00,2024-10-04 08:00:00,2023-2024,155.6778,-1566.30332962882,-10.1872153484954,False,14.496479266793324,1.093412162813198,0.07542604950416108,2.5992857142857155,1.669657275658903,8.682308326463302
BTC,2024-09-30 16:00:00,2024-09-30 20:00:00,2024-10-04 16:00:00,2023-2024,63519.744,-309.76278252953784,-2.01558039306454,False,5.811789795626378,0.9617261681659148,0.16547848459516812,568.0435714285715,0.8942787480827559,6.498857104774405
BTC,2024-10-09 12:00:00,2024-10-09 16:00:00,2024-10-13 12:00:00,2023-2024,62347.158,-52.50285289102184,-0.34569598495459003,False,5.455193322524826,1.816990599635667,0.3330753819728445,824.3442857142862,1.3221842216357098,4.125895040387079
SOL,2024-10-09 12:00:00,2024-10-09 16:00:00,2024-10-13 12:00:00,2023-2024,142.901415,237.52005882636507,1.56390988605676,True,5.1653897198988385,3.84081921092244,0.7435681370035445,2.9278571428571474,2.0488650464777747,2.5210980727006467
BTC,2024-10-22 00:00:00,2024-10-22 04:00:00,2024-10-26 00:00:00,2023-2024,67423.705005,-152.0220410233118,-0.9997450218257801,False,3.209116148155223,2.1154206742187083,0.6591910596426274,652.8542857142862,0.9682859843817125,3.314223483472567
SOL,2024-10-25 20:00:00,2024-10-26 00:00:00,2024-10-29 20:00:00,2023-2024,164.99245499999998,1294.3155520616397,8.52231370549642,True,1.5530740481435783,11.144476273172625,7.175753330302473,4.827142857142854,2.9256749086755844,0.5308430008878311
SOL,2024-10-31 20:00:00,2024-11-01 00:00:00,2024-11-04 20:00:00,2023-2024,168.77434499999998,-1012.9367240944484,-6.61172443406607,False,8.09622161472466,3.096237760543534,0.38242996645649896,3.6314285714285717,2.1516472609794883,3.7628015342250105
BTC,2024-11-01 16:00:00,2024-11-01 20:00:00,2024-11-05 16:00:00,2023-2024,69302.63399999999,-105.77926144065086,-0.69138304671361,False,3.560664086735853,1.8401551663967242,0.5168011139415397,1115.375,1.6094265623439366,2.212380589487832
SOL,2024-11-04 20:00:00,2024-11-05 00:00:00,2024-11-08 20:00:00,2023-2024,158.02897499999995,3979.9229014765497,26.209885341659678,True,0.7397219402327533,29.72304604266406,40.181376847240344,3.7907142857142913,2.3987463600990213,0.3083785566233094
ETH,2024-11-15 04:00:00,2024-11-15 08:00:00,2024-11-19 04:00:00,2023-2024,3041.009745,342.6135414954205,2.1953355863810398,True,0.8717415339949803,6.048328365353536,6.9382129100072945,98.46285714285715,3.237834318181613,0.2692359918170722
ETH,2024-11-20 16:00:00,2024-11-20 20:00:00,2024-11-24 16:00:00,2023-2024,3059.56902,1294.3884863915305,8.27577467140781,True,0.8817915145447435,14.313812734317736,16.23264966629641,70.78428571428572,2.313537797368785,0.3811442006902225
SOL,2024-11-21 00:00:00,2024-11-21 04:00:00,2024-11-25 00:00:00,2023-2024,235.93791,1030.8823208917158,6.58653010374637,True,0.1177894641857222,12.05914301775412,102.37879169515625,6.682857142857141,2.832464330491501,0.04158550662676231
BTC,2024-11-25 12:00:00,2024-11-25 16:00:00,2024-11-29 12:00:00,2023-2024,96048.570285,274.36627997616785,1.7284853574421801,True,5.473762149087453,2.6772076954086557,0.4890982878850483,1232.9635714285719,1.2836875840734145,4.264092149055488
SOL,2024-11-25 12:00:00,2024-11-25 16:00:00,2024-11-29 12:00:00,2023-2024,245.092485,-140.45680448467095,-0.88486650008872,False,9.503549241830079,0.6844416302686717,0.07201958056428928,6.826428571428571,2.7852459741589266,3.412104112169091
ETH,2024-11-26 08:00:00,2024-11-26 12:00:00,2024-11-30 08:00:00,2023-2024,3324.68151,1499.062331662136,9.54964348465969,True,2.1861194758471734,12.092240679017706,5.531372284367795,89.61857142857136,2.6955535788620955,0.8110094687006832
SOL,2024-12-02 04:00:00,2024-12-02 08:00:00,2024-12-06 04:00:00,2023-2024,228.73431,656.9904555214595,4.09684008293291,True,6.004481793745763,7.985548822999054,1.3299313908015777,4.364285714285714,1.9080153363462238,3.146977741407527
BTC,2024-12-02 12:00:00,2024-12-02 16:00:00,2024-12-06 12:00:00,2023-2024,97096.534005,295.94377256159714,1.8451762921741999,True,6.79378936910385,7.200530962969265,1.0598696208797929,978.0242857142845,1.0072700284687,6.744754809623486
ETH,2024-12-03 12:00:00,2024-12-03 16:00:00,2024-12-07 12:00:00,2023-2024,3573.5859,1855.8087210145068,11.62027392739322,True,0.9804129795788553,14.387344096024107,14.674779297806024,73.1064285714286,2.045744264085791,0.4792451318527761
