symbol,signal_time,entry_time,exit_time,entry_price,exit_price,exit_reason,initial_quantity,initial_notional,entry_equity,entry_fee,total_fees,funding_cost,gross_pnl,net_pnl,net_return_on_entry_equity,trade_return_on_notional,expectancy_r,holding_bars,holding_hours
BTC,2019-07-22 16:00:00,2019-07-22 20:00:00,2019-07-26 16:00:00,10168.831875,9834.0805,TIME_T24,0.9833971220022752,10000.0,100000.0,4.0,7.868322584495479,11.706445879261821,-329.19353876130424,-348.76830722506156,-0.0034876830722506157,-0.03487683072250616,-0.03487683072250616,24,96
ETH,2019-07-22 16:00:00,2019-07-22 20:00:00,2019-07-26 16:00:00,213.636765,219.400245,TIME_T24,46.808422698218635,10000.0,100000.0,4.0,8.107911763221093,12.096887911591438,269.7794080527299,249.57460837791737,0.0024957460837791738,0.024957460837791736,0.024957460837791736,24,96
BTC,2019-08-13 16:00:00,2019-08-13 20:00:00,2019-08-17 20:00:00,10941.74814,10210.91199,TIME_T24,0.9130241806237813,9990.080630115282,99900.80630115281,3.9960322520461133,7.725156073282632,11.310969018835573,-667.2710770239881,-686.3072021161063,-0.006869886515702592,-0.06869886515702592,-0.06869886515702592,24,96
BTC,2019-08-21 16:00:00,2019-08-21 20:00:00,2019-08-25 16:00:00,10112.19357,10056.199385,TIME_T24,0.9811372617844056,9921.449909903673,99214.49909903672,3.9685799639614694,7.915184735384239,11.9611159814338,-54.937981346749005,-74.81428206356705,-0.0007540660159850912,-0.007540660159850912,-0.007540660159850912,24,96
BTC,2019-10-30 08:00:00,2019-10-30 12:00:00,2019-11-03 08:00:00,9100.778115,9151.94174,TIME_T24,1.089353938357975,9913.968481697317,99139.68481697315,3.965587392678927,7.953468903915622,12.00231541330471,55.73529639442168,35.779512077201346,0.00036089999825252353,0.003608999982525235,0.003608999982525235,24,96
BTC,2019-11-07 20:00:00,2019-11-08 00:00:00,2019-11-11 20:00:00,9218.607,8728.903365,TIME_T24,1.0758183349073278,9917.546432905037,99175.46432905036,3.967018573162015,7.723304286642524,10.478035951390071,-526.8321492037657,-545.0334894417982,-0.005495648476456365,-0.05495648476456365,-0.05495648476456365,24,96
BTC,2019-11-12 12:00:00,2019-11-12 16:00:00,2019-11-16 12:00:00,8707.961805,8485.1553,TIME_T24,1.1326465715889593,9863.043083960856,98630.43083960855,3.9452172335843425,7.789490057562298,10.766144324277965,-252.36102401596887,-270.9166583978091,-0.002746785714019338,-0.027467857140193376,-0.027467857140193376,24,96
BTC,2020-01-19 08:00:00,2020-01-19 12:00:00,2020-01-23 08:00:00,8685.50058,8418.7885,TIME_T24,1.1324564804900485,9835.951418121074,98359.51418121073,3.93438056724843,7.7479452051284685,24.27671854316214,-302.03982342097953,-334.06448716927014,-0.0033963617037983023,-0.033963617037983014,-0.033963617037983014,24,96
BTC,2020-01-23 16:00:00,2020-01-23 20:00:00,2020-01-27 16:00:00,8374.084949999999,8927.653940000002,TIME_T24,1.170581028008815,9802.544969404144,98025.44969404142,3.9210179877616578,8.101234918478518,20.217178236524216,647.9973573880054,619.6789442330028,0.006321612868567851,0.0632161286856785,0.0632161286856785,24,96
BTC,2020-02-02 04:00:00,2020-02-02 08:00:00,2020-02-06 04:00:00,9375.215265,9623.9856,TIME_T24,1.0521905454964977,9864.512863827444,98645.12863827443,3.9458051455309775,7.996311808856753,59.487050205369,261.7537944869957,194.27043247276993,0.001969386984988864,0.019693869849888638,0.019693869849888638,24,96
ETH,2020-02-16 12:00:00,2020-02-16 16:00:00,2020-02-20 16:00:00,258.96941999999996,255.872,TIME_T24,38.16643643513865,9883.939907074722,98839.39907074721,3.953575962829889,7.859864932242608,59.61728484709407,-118.21748354292497,-185.69463332226164,-0.00187875113636967,-0.018787511363696698,-0.018787511363696698,24,96
BTC,2020-02-17 12:00:00,2020-02-17 16:00:00,2020-02-21 16:00:00,9640.087635,9676.999080000001,TIME_T24,1.0240688341517024,9872.113305494691,98721.1330549469,3.9488453221978768,7.912810588574956,26.01201969375999,37.79986044800627,3.875030165671326,3.92522861697154e-05,0.00039252286169715397,0.00039252286169715397,24,96
BTC,2020-02-24 16:00:00,2020-02-24 20:00:00,2020-02-28 16:00:00,9605.940569999999,8572.921395,TIME_T24,1.0270475727874573,9865.757946759062,98657.57946759062,3.946303178703625,7.46822242287659,29.652033833149666,-1060.959836326651,-1098.0800925826773,-0.011130215220244691,-0.11130215220244691,-0.11130215220244691,24,96
ETH,2020-02-25 04:00:00,2020-02-25 08:00:00,2020-02-29 04:00:00,257.75881499999997,229.06541,TIME_T24,38.23711805481461,9855.954238824117,98559.54238824116,3.942381695529647,7.445902145307452,36.37187260630736,-1097.153114379606,-1140.9708891312207,-0.011576462932800168,-0.11576462932800166,-0.11576462932800166,24,96
ETH,2020-04-20 20:00:00,2020-04-21 00:00:00,2020-04-24 20:00:00,170.295105,187.496205,TIME_T24,56.61849674767616,9641.85284858767,96418.5284858767,3.8567411394350684,8.103042448632717,11.245565824023439,973.9004244064522,954.5518161337961,0.009900086955523472,0.09900086955523471,0.09900086955523471,24,96
ETH,2020-05-04 00:00:00,2020-05-04 04:00:00,2020-05-08 00:00:00,203.7018,212.77356,TIME_T24,47.80177705941259,9737.308030201051,97373.08030201051,3.8949232120804207,7.96330492378344,29.099743931839225,433.64624905649737,396.5832002008747,0.004072821759061537,0.040728217590615366,0.040728217590615366,24,96
BTC,2020-05-04 04:00:00,2020-05-04 08:00:00,2020-05-08 04:00:00,8652.744209999999,9805.23493,TIME_T24,1.1228663507061505,9715.875314676472,97158.75314676472,3.886350125870589,8.29033747133682,14.7120949298921,1294.0930489891057,1271.0906165878766,0.013082615569055423,0.13082615569055422,0.13082615569055422,24,96
ETH,2020-05-11 16:00:00,2020-05-11 20:00:00,2020-05-15 16:00:00,187.39365,194.66262,TIME_T24,52.851713021652145,9904.075411879925,99040.75411879925,3.9616301647519703,8.07693133606514,10.32652230930926,384.1775164029986,365.7740627576242,0.003693167181652098,0.036931671816520975,0.036931671816520975,24,96
BTC,2020-05-21 08:00:00,2020-05-21 12:00:00,2020-05-25 08:00:00,9394.664985,8748.033795000001,TIME_T24,1.0581167965039138,9940.652818155688,99406.52818155687,3.9762611272622754,7.678837725211626,3.8960910131937863,-684.2113232823117,-695.7862520207171,-0.00699940199852798,-0.06999401998527979,-0.06999401998527979,24,96
ETH,2020-05-21 16:00:00,2020-05-21 20:00:00,2020-05-25 16:00:00,198.709305,204.57766,TIME_T24,49.84850805180293,9905.362390260665,99053.62390260665,3.9621449561042663,8.041301408795867,11.608320251644807,292.5287414683384,272.8791198078977,0.0027548625588519914,0.027548625588519914,0.027548625588519914,24,96
ETH,2020-05-26 16:00:00,2020-05-26 20:00:00,2020-05-30 16:00:00,199.39965,237.00144000000003,TIME_T24,49.640819855673804,9898.362104934407,98983.62104934407,3.9593448419737634,8.665323157403877,12.842973631420216,1866.5836836408778,1845.075386852054,0.018640209029454177,0.18640209029454177,0.18640209029454177,24,96
BTC,2020-06-02 12:00:00,2020-06-02 16:00:00,2020-06-06 12:00:00,9472.81404,9646.844165,TIME_T24,1.0644006734475717,10082.869643619611,100828.69643619611,4.033147857447845,8.140390827795756,11.170713733810423,185.2377822501663,165.92667768856012,0.0016456295038343343,0.01645629503834334,0.01645629503834334,24,96
BTC,2020-06-15 04:00:00,2020-06-15 08:00:00,2020-06-19 04:00:00,9127.861649999999,9294.87024,TIME_T24,1.1064434035750825,10099.462311388468,100994.62311388468,4.039784924555388,8.153484070209124,-2.1223258851414717,184.7855527458769,178.75439456080926,0.0017699397160900363,0.01769939716090036,0.01769939716090036,24,96
ETH,2020-06-15 04:00:00,2020-06-15 08:00:00,2020-06-19 04:00:00,224.702295,228.255815,TIME_T24,44.94596867107418,10099.462311388468,100994.62311388468,4.039784924555388,8.143456408547591,11.482616292211347,159.71639859203646,140.09032589127753,0.0013871067743211174,0.013871067743211172,0.013871067743211172,24,96
BTC,2020-08-02 04:00:00,2020-08-02 08:00:00,2020-08-06 04:00:00,11331.612975,11622.695745,TIME_T24,0.8940780810097935,10131.346783433677,101313.46783433677,4.052538713373471,8.209177716513587,33.5915061779569,260.25072441661587,218.4500405221454,0.0021561796786913373,0.021561796786913372,0.021561796786913372,24,96
ETH,2020-08-07 12:00:00,2020-08-07 16:00:00,2020-08-11 12:00:00,385.662735,382.08886,TIME_T24,26.32660837061661,10153.191787485895,101531.91787485895,4.061276714994358,8.084918226992503,49.99169046036345,-94.0880074905371,-152.16461617789307,-0.0014986875000769747,-0.014986875000769747,-0.014986875000769747,24,96
BTC,2020-08-11 12:00:00,2020-08-11 16:00:00,2020-08-15 12:00:00,11486.52039,11846.064005,TIME_T24,0.8825975997652069,10137.975325868108,101379.75325868107,4.055190130347244,8.23731319333845,20.192995777200938,317.3323316099061,288.9020226393667,0.0028497013787575796,0.028497013787575794,0.028497013787575794,24,96
ETH,2020-08-11 16:00:00,2020-08-11 20:00:00,2020-08-15 16:00:00,380.7202649999999,431.68405,TIME_T24,26.604285364502218,10128.790574108903,101287.90574108902,4.051516229643561,8.645374491045178,98.50836893313927,1355.85507939514,1248.7013359709554,0.012328237283954427,0.12328237283954425,0.12328237283954425,24,96
BTC,2020-08-19 04:00:00,2020-08-19 08:00:00,2020-08-23 04:00:00,11829.25167,11610.65177,TIME_T24,0.8700242372752853,10291.735661729144,102917.35661729143,4.116694264691658,8.157313644876934,15.107150638312898,-190.18721126595298,-213.45167554914283,-0.002074010473693805,-0.020740104736938044,-0.020740104736938044,24,96
ETH,2020-08-19 04:00:00,2020-08-19 08:00:00,2020-08-23 04:00:00,413.576685,390.73453500000005,TIME_T24,24.88470949886632,10291.735661729144,102917.35661729143,4.116694264691658,8.006020422551504,20.115616751957816,-568.420267079528,-596.5419042540373,-0.005796319725470005,-0.05796319725470004,-0.05796319725470004,24,96
BTC,2020-08-25 12:00:00,2020-08-25 16:00:00,2020-08-29 12:00:00,11425.12971,11495.239505,TIME_T24,0.8937085672481897,10210.736303748825,102107.36303748825,4.0842945214995305,8.193652132774865,12.888678210548136,62.65772443951457,41.575394096191566,0.00040717332089878133,0.004071733208987813,0.004071733208987813,24,96
ETH,2020-08-25 12:00:00,2020-08-25 16:00:00,2020-08-29 12:00:00,385.75278,402.26876500000003,TIME_T24,26.46963763617938,10210.736303748825,102107.36303748825,4.0842945214995305,8.34345789826089,13.302964937241528,437.17213815457563,415.5257153190732,0.004069498055360756,0.04069498055360756,0.04069498055360756,24,96
ETH,2020-10-06 08:00:00,2020-10-06 12:00:00,2020-10-10 08:00:00,346.29305999999997,371.74403500000005,TIME_T24,29.617822588446774,10256.446414690354,102564.46414690353,4.102578565876142,8.506678116653482,9.484675859058523,753.8024622529966,735.8111082772847,0.007174133013783207,0.07174133013783206,0.07174133013783206,24,96
BTC,2020-10-16 04:00:00,2020-10-16 08:00:00,2020-10-20 04:00:00,11311.522935,11729.59227,TIME_T24,0.9132304805354736,10330.027525518082,103300.27525518082,4.132011010207233,8.416739484294144,11.516997075493084,381.7936596991944,361.85992313940716,0.003502990889864631,0.03502990889864631,0.03502990889864631,24,96
ETH,2020-10-16 08:00:00,2020-10-16 12:00:00,2020-10-20 08:00:00,370.12496999999996,367.806005,TIME_T24,27.922698548030976,10334.887962409008,103348.87962409007,4.133955184963603,8.242009665671834,15.572421435229087,-64.75176063843283,-88.56619173933375,-0.0008569632497369565,-0.008569632497369563,-0.008569632497369563,24,96
ETH,2020-10-26 08:00:00,2020-10-26 12:00:00,2020-10-30 08:00:00,405.312555,379.25028000000003,TIME_T24,25.553999674789466,10357.356898658087,103573.56898658087,4.142942759463235,8.01948737217676,14.579812320802413,-665.9953668742721,-688.5946665672512,-0.006648362833344736,-0.06648362833344736,-0.06648362833344736,24,96
ETH,2020-10-30 08:00:00,2020-10-30 12:00:00,2020-11-03 08:00:00,379.62971999999996,379.42019500000004,TIME_T24,27.10140141820657,10288.497432001363,102884.97432001361,4.115398972800545,8.22852657714823,14.75533894985737,-5.678421132147787,-28.662286659153388,-0.0002785857395464002,-0.002785857395464002,-0.002785857395464002,24,96
ETH,2020-11-15 20:00:00,2020-11-16 00:00:00,2020-11-19 20:00:00,448.29403499999995,471.01437500000003,TIME_T24,22.94393946895913,10285.631203335444,102856.31203335444,4.114252481334178,8.437022604938026,31.897602632408386,521.2941056741727,480.9594804368262,0.004676032719128212,0.04676032719128212,0.04676032719128212,24,96
ETH,2020-11-26 08:00:00,2020-11-26 12:00:00,2020-11-30 08:00:00,512.9463450000001,587.96587,TIME_T24,20.145824708779486,10333.727151379127,103337.27151379126,4.133490860551651,8.871513801257663,17.95714233302855,1511.330200385899,1484.5015442516128,0.014365596483292992,0.1436559648329299,0.1436559648329299,24,96
BTC,2020-11-26 16:00:00,2020-11-26 20:00:00,2020-11-30 16:00:00,16525.11843,19250.350010000002,TIME_T24,0.6237425070236781,10307.418798391385,103074.18798391384,4.122967519356554,8.925872149884828,15.661087508675848,1699.8427779293013,1675.2558182707407,0.01625291308171341,0.1625291308171341,0.1625291308171341,24,96
ETH,2020-12-05 00:00:00,2020-12-05 04:00:00,2020-12-09 00:00:00,576.288,551.8439400000001,TIME_T24,18.479827599449163,10649.70288763136,106497.02887631359,4.259881155052544,8.339073504252852,17.085160487939635,-451.72201463058985,-477.1462486227823,-0.004480371458784483,-0.04480371458784482,-0.04480371458784482,24,96
BTC,2020-12-08 12:00:00,2020-12-08 16:00:00,2020-12-12 12:00:00,18819.314954999998,18389.810494999998,TIME_T24,0.5655743798019476,10643.72238397164,106437.2238397164,4.257488953588656,8.417811219742646,10.06104271465559,-242.91671858667047,-261.3955725210687,-0.0024558661255079683,-0.024558661255079682,-0.024558661255079682,24,96
ETH,2020-12-09 00:00:00,2020-12-09 04:00:00,2020-12-13 00:00:00,552.3860549999999,565.13729,TIME_T24,19.13894758629024,10572.087754042637,105720.87754042636,4.228835101617055,8.555288290564299,13.825988586225481,244.04521832547087,221.66394144868107,0.0020966903283972413,0.02096690328397241,0.02096690328397241,24,96
ETH,2020-12-20 20:00:00,2020-12-21 00:00:00,2020-12-24 20:00:00,638.41905,612.003845,TIME_T24,16.60040548549083,10598.015099661843,105980.15099661842,4.2392060398647375,8.30301083413653,19.24094126817196,-438.503113982365,-466.0470660846735,-0.004397493886374477,-0.04397493886374477,-0.04397493886374477,24,96
BTC,2020-12-21 12:00:00,2020-12-21 16:00:00,2020-12-25 12:00:00,22704.996825000002,24013.117435000004,TIME_T24,0.4646347094483702,10549.529602810044,105495.29602810043,4.2198118411240175,8.682742978068346,15.96697426868142,607.7982395507756,583.1485223040258,0.005527720611814715,0.055277206118147154,0.055277206118147154,24,96
BTC,2021-01-04 08:00:00,2021-01-04 12:00:00,2021-01-08 08:00:00,30758.361495,41266.026665,TIME_T24,0.34493792027928627,10609.725245283778,106097.25245283778,4.2438900981135115,9.937577064519381,171.37363118233378,3624.4921707308918,3443.180962484039,0.0324530643620069,0.324530643620069,0.324530643620069,24,96
BTC,2021-01-10 20:00:00,2021-01-11 00:00:00,2021-01-14 20:00:00,38169.09501,39124.92775,TIME_T24,0.2869872429163519,10954.043341532186,109540.43341532185,4.381617336612875,8.872959394322463,61.811963627994736,274.31180274178377,203.6268797194666,0.001858919792177712,0.018589197921777118,0.018589197921777118,24,96
ETH,2021-01-11 00:00:00,2021-01-11 04:00:00,2021-01-15 00:00:00,1105.57251,1218.460465,TIME_T24,9.83674317100998,10875.232837798862,108752.32837798861,4.350093135119545,9.144366198413303,56.16644253697984,1110.4498204355334,1045.1390117001404,0.009610267911391916,0.09610267911391915,0.09610267911391915,24,96
BTC,2021-01-17 08:00:00,2021-01-17 12:00:00,2021-01-21 08:00:00,35287.634999999995,32192.51569,TIME_T24,0.3139603980452119,11078.91993067415,110789.19930674149,4.431567972269661,8.474437988313312,90.44983204019364,-971.74489056502,-1070.669160593527,-0.009664021107591642,-0.09664021107591642,-0.09664021107591642,24,96
ETH,2021-01-21 12:00:00,2021-01-21 16:00:00,2021-01-25 12:00:00,1189.1342699999998,1434.1525649999999,TIME_T24,9.226757054621595,10971.853014614799,109718.53014614798,4.388741205845919,9.681772124452882,61.97179080920003,2260.724281902606,2189.070718968953,0.01995169563475789,0.1995169563475789,0.1995169563475789,24,96
BTC,2021-01-22 00:00:00,2021-01-22 04:00:00,2021-01-26 00:00:00,30958.8717,31502.900670000003,TIME_T24,0.3535311211596546,10944.924621938902,109449.24621938901,4.377969848775561,8.832872166234097,27.431893366171657,192.33117170743319,156.06640617502742,0.0014259249064374109,0.014259249064374107,0.014259249064374107,24,96
BTC,2021-01-26 12:00:00,2021-01-26 16:00:00,2021-01-30 12:00:00,31766.11512,34193.0949,TIME_T24,0.35277737566573425,11206.3667271292,112063.66727129198,4.48254669085168,9.30756680473624,47.137645556879825,856.1835575822003,799.7383452205842,0.007136464160899881,0.0713646416089988,0.0713646416089988,24,96
ETH,2021-01-27 12:00:00,2021-01-27 16:00:00,2021-01-31 12:00:00,1282.0407,1310.44445,TIME_T24,8.700707155318645,11154.660691899724,111546.60691899723,4.46186427675989,9.022581637864931,110.31570288293558,247.13271086288148,127.79442634208097,0.001145659468018445,0.01145659468018445,0.01145659468018445,24,96
ETH,2021-02-01 00:00:00,2021-02-01 04:00:00,2021-02-05 00:00:00,1317.568455,1639.1700050000002,TIME_T24,8.575736586138493,11299.120004285469,112991.20004285467,4.519648001714188,10.142484074825916,192.78009001980467,2757.970178493849,2555.0476043992185,0.022612801735269243,0.22612801735269242,0.22612801735269242,24,96
BTC,2021-02-15 00:00:00,2021-02-15 04:00:00,2021-02-19 00:00:00,47143.870155,51219.3775,TIME_T24,0.24509283448168342,11554.62476472539,115546.24764725388,4.621849905890156,9.6432508706351,162.95979346462346,998.8776471369714,826.2746028017128,0.007151029303212084,0.07151029303212084,0.07151029303212084,24,96
BTC,2021-02-22 12:00:00,2021-02-22 16:00:00,2021-02-26 12:00:00,53263.308345,47570.852675,TIME_T24,0.21848534359953986,11637.252225005563,116372.52225005561,4.654900890002225,8.812314526810411,28.091624014009778,-1243.718132985098,-1280.622071525918,-0.011004505589164593,-0.11004505589164593,-0.11004505589164593,24,96
SOL,2021-02-27 20:00:00,2021-02-28 00:00:00,2021-03-03 20:00:00,13.19189265,14.0671629,TIME_T24,872.4441839551331,11509.190017852969,115091.90017852969,4.603676007141187,9.512801789882957,46.1393946311754,763.6244390014551,707.9722425803968,0.00615136461803303,0.0615136461803303,0.0615136461803303,24,96
BTC,2021-02-28 04:00:00,2021-02-28 08:00:00,2021-03-04 04:00:00,44423.030415,49671.641755000004,TIME_T24,0.2570283298291405,11417.97731351656,114179.77313516558,4.567190925406624,9.673998573470243,22.090386691608437,1349.0418066424877,1317.2774213774092,0.011536871945068774,0.11536871945068773,0.11536871945068773,24,96
ETH,2021-02-28 12:00:00,2021-02-28 16:00:00,2021-03-04 12:00:00,1318.9491449999998,1576.4313900000002,TIME_T24,8.59369046435443,11334.640690354925,113346.40690354924,4.53385627614197,9.952801637722771,51.69292289018208,2212.7227135970743,2151.076989069169,0.018977901883555973,0.18977901883555973,0.18977901883555973,24,96
BTC,2021-03-05 00:00:00,2021-03-05 04:00:00,2021-03-09 00:00:00,47313.454905,53813.69969000001,TIME_T24,0.2520809927557259,11926.822683155668,119268.22683155666,4.770729073262268,10.196893409947748,26.077115613628283,1638.5881585580323,1602.314149534456,0.013434543231680767,0.13434543231680765,0.13434543231680765,24,96
ETH,2021-03-05 00:00:00,2021-03-05 04:00:00,2021-03-09 00:00:00,1482.270765,1847.076,TIME_T24,8.046318503189037,11926.822683155668,119268.22683155666,4.770729073262268,10.715593791500826,56.45324007912074,2935.339112440725,2868.170278570103,0.02404806673801598,0.2404806673801598,0.2404806673801598,24,96
SOL,2021-03-05 04:00:00,2021-03-05 08:00:00,2021-03-09 04:00:00,12.496645199999998,13.870361350000001,TIME_T24,953.8989115386793,11920.53625416506,119205.36254165058,4.768214501666024,10.060583539431292,91.393033038122,1310.3863402481084,1208.932723670555,0.010141596803148446,0.10141596803148445,0.10141596803148445,24,96
ETH,2021-03-12 12:00:00,2021-03-12 16:00:00,2021-03-16 12:00:00,1776.4477799999997,1803.0080450000003,TIME_T24,7.03356695254683,12494.76439833318,124947.64398333179,4.997905759333272,10.0705368795285,102.24056514388946,186.81340215488996,74.502300131472,0.0005962681468520585,0.005962681468520584,0.005962681468520584,24,96
SOL,2021-03-15 04:00:00,2021-03-15 08:00:00,2021-03-19 04:00:00,13.9373652,13.993499750000002,TIME_T24,896.663406477625,12497.125357554705,124971.25357554705,4.998850143021882,10.017833804773401,128.85801474172303,50.33379682408967,-88.54205172240677,-0.0007084993483631956,-0.007084993483631956,-0.007084993483631956,24,96
BTC,2021-03-15 08:00:00,2021-03-15 12:00:00,2021-03-19 08:00:00,56178.8754,58801.91433500001,TIME_T24,0.222638677141307,12507.590502342313,125075.90502342313,5.003036200936926,10.239668369305269,41.964542104607915,583.9899185785453,531.785708104632,0.004251703859388775,0.04251703859388775,0.04251703859388775,24,96
SOL,2021-03-21 04:00:00,2021-03-21 08:00:00,2021-03-25 04:00:00,13.9527729,13.29784775,TIME_T24,899.2147355874005,12546.538993984546,125465.38993984545,5.0186155975938185,9.801663856952922,11.637954279892888,-588.9183455867874,-610.3579637236332,-0.004864751657937461,-0.04864751657937461,-0.04864751657937461,24,96
SOL,2021-03-26 00:00:00,2021-03-26 04:00:00,2021-03-30 00:00:00,12.6953445,19.9890005,TIME_T24,983.4710036905406,12485.503197612183,124855.03197612181,4.994201279044873,12.85764223284716,92.52137692718203,7173.099186893533,7067.720167733503,0.05660741145847598,0.5660741145847598,0.5660741145847598,24,96
BTC,2021-04-04 00:00:00,2021-04-04 04:00:00,2021-04-08 00:00:00,57521.166209999996,56512.34969,TIME_T24,0.22934644903100154,13192.275214385532,131922.75214385532,5.2769100857542135,10.461272776874104,84.95668169978947,-231.36848658581076,-326.78644106247435,-0.0024771044854046834,-0.024771044854046836,-0.024771044854046836,24,96
ETH,2021-04-07 08:00:00,2021-04-07 12:00:00,2021-04-11 08:00:00,1978.86894,2146.06643,TIME_T24,6.64871338910489,13156.932416661803,131569.32416661803,5.262772966664722,10.970205209484535,104.1594039189705,1111.6481903877295,996.5185812592746,0.007574095159121543,0.07574095159121542,0.07574095159121542,24,96
SOL,2021-04-11 04:00:00,2021-04-11 08:00:00,2021-04-15 04:00:00,26.34826755,26.736824900000002,TIME_T24,502.87184571050824,13249.80193414279,132498.0193414279,5.299920773657116,10.677999368017787,142.08828356084558,195.39455175888537,42.62826883002202,0.00032172759292480626,0.0032172759292480625,0.0032172759292480625,24,96
BTC,2021-04-17 16:00:00,2021-04-17 20:00:00,2021-04-21 16:00:00,60735.372509999994,55450.96065,TIME_T24,0.2183819857712142,13263.511255288213,132635.1125528821,5.305404502115286,10.14920086198267,30.026194129234515,-1154.0203556197541,-1194.1957506109713,-0.00900361697310613,-0.0900361697310613,-0.0900361697310613,24,96
BTC,2021-05-04 16:00:00,2021-05-04 20:00:00,2021-05-08 16:00:00,54566.999865,59001.04472,TIME_T24,0.24087986718613624,13144.091680227113,131440.91680227112,5.257636672090846,10.9425021984896,81.32420426594533,1068.0721357697707,975.8054293053358,0.007423909183266402,0.07423909183266403,0.07423909183266403,24,96
SOL,2021-05-04 16:00:00,2021-05-04 20:00:00,2021-05-08 16:00:00,44.5732755,44.8745515,TIME_T24,294.8872734342154,13144.091680227113,131440.91680227112,5.257636672090846,10.550810327458159,135.88227011797215,88.8424581911671,-57.59062225426321,-0.000438148360916394,-0.00438148360916394,-0.00438148360916394,24,96
BTC,2021-05-10 16:00:00,2021-05-10 20:00:00,2021-05-14 16:00:00,55761.626879999996,50113.020955,TIME_T24,0.23736597910631513,13235.91316093222,132359.13160932218,5.294365264372888,10.052415778356433,43.4314200863821,-1340.786875973357,-1394.2707118380954,-0.010533997124984882,-0.1053399712498488,-0.1053399712498488,24,96
SOL,2021-05-10 20:00:00,2021-05-11 00:00:00,2021-05-14 20:00:00,42.889434,42.678650000000005,TIME_T24,308.6110578085267,13236.15359554899,132361.5359554899,5.294461438219597,10.562902767155549,27.64202400875332,-65.0502732091115,-103.25519998502037,-0.0007800997415120861,-0.007800997415120861,-0.007800997415120861,24,96
ETH,2021-07-08 08:00:00,2021-07-08 12:00:00,2021-07-12 08:00:00,2169.674295,2099.92951,TIME_T24,6.0313940207094126,13086.160569749909,130861.60569749908,5.234464227899964,10.300665144110063,14.486213735597552,-420.6582792246627,-445.44515810437036,-0.003403940794781822,-0.034039407947818213,-0.034039407947818213,24,96
BTC,2021-08-03 04:00:00,2021-08-03 08:00:00,2021-08-07 04:00:00,38612.726715,43186.286055000004,TIME_T24,0.3377543406918516,13041.61605393947,130416.16053939468,5.216646421575788,11.051188650950282,13.617532033263945,1544.7395194967623,1520.0707988125482,0.01165554017635247,0.11655540176352468,0.11655540176352468,24,96
BTC,2021-08-17 00:00:00,2021-08-17 04:00:00,2021-08-21 00:00:00,46440.2085,48803.755915,TIME_T24,0.28409913650195434,13193.623133820722,131936.2313382072,5.277449253528289,10.823491218929748,16.526211492361703,671.4817796829266,644.1320769716351,0.004882147007219403,0.04882147007219403,0.04882147007219403,24,96
ETH,2021-08-17 16:00:00,2021-08-17 20:00:00,2021-08-21 16:00:00,3118.47846,3215.801295,TIME_T24,4.221651615564185,13165.129628761111,131651.2962876111,5.266051851504445,10.696448944452506,25.80932876412494,410.86310360903826,374.3573259004608,0.002843552144618642,0.028435521446186416,0.028435521446186416,24,96
BTC,2021-08-24 16:00:00,2021-08-24 20:00:00,2021-08-28 16:00:00,48267.321599999996,48627.604035000004,TIME_T24,0.2754549379037417,13295.472074107929,132954.72074107928,5.318188829643172,10.676074289590638,23.43782092783802,99.24157576073613,65.12768054330746,0.0004898485753667928,0.004898485753667928,0.004898485753667928,24,96
SOL,2021-08-24 16:00:00,2021-08-24 20:00:00,2021-08-28 16:00:00,71.6428035,93.883035,TIME_T24,185.58000838294845,13295.472074107929,132954.72074107928,5.318188829643172,12.28731459856983,17.287951611540674,4127.3423482087155,4097.767081998605,0.030820771606739274,0.30820771606739267,0.30820771606739267,24,96
ETH,2021-08-25 08:00:00,2021-08-25 12:00:00,2021-08-29 08:00:00,3141.259845,3180.239085,TIME_T24,4.202497408667357,13201.136358563323,132011.36358563323,5.280454543425329,10.62643314888739,17.772964400854267,163.81015509182348,135.41075754208183,0.0010257507676923849,0.01025750767692385,0.01025750767692385,24,96
BTC,2021-08-31 00:00:00,2021-08-31 04:00:00,2021-09-04 00:00:00,47174.255339999996,50252.29128500001,TIME_T24,0.29094900443459404,13725.30262611633,137253.0262611633,5.4901210504465325,11.338462698417725,64.34105462154348,895.5514938116479,819.8719764916867,0.005973434603413734,0.05973434603413733,0.05973434603413733,24,96
SOL,2021-09-07 12:00:00,2021-09-07 16:00:00,2021-09-11 12:00:00,169.14453,188.38576,TIME_T24,81.63012911954944,13807.289823765503,138072.89823765503,5.522915929506201,11.674097494739982,33.29852253289975,1570.6640893189483,1525.6914692913085,0.011049898197003475,0.11049898197003474,0.11049898197003474,24,96
ETH,2021-09-19 20:00:00,2021-09-20 00:00:00,2021-09-23 20:00:00,3330.234285,3150.9237500000004,TIME_T24,4.191854919508954,13959.858970694631,139598.5897069463,5.583943588277853,10.867229677251894,13.97224470730313,-751.6437482595308,-776.4832226440858,-0.00556225692733806,-0.055622569273380607,-0.055622569273380607,24,96
SOL,2021-10-10 16:00:00,2021-10-10 20:00:00,2021-10-14 16:00:00,153.54673499999998,149.994965,TIME_T24,90.41032782904972,13882.21064843022,138822.1064843022,5.552884259372088,10.977321842714824,21.954451626770243,-321.1166900733818,-354.0484635428669,-0.002550375242886133,-0.025503752428861333,-0.025503752428861333,24,96
ETH,2021-10-11 00:00:00,2021-10-11 04:00:00,2021-10-15 00:00:00,3519.909075,3819.0095400000005,TIME_T24,3.9382791386441762,13862.38447999682,138623.84479996818,5.5449537919987275,11.561084032664766,32.065766929707586,1177.9411216682743,1134.314270705902,0.008182677896019244,0.08182677896019244,0.08182677896019244,24,96
BTC,2021-10-12 20:00:00,2021-10-13 00:00:00,2021-10-16 20:00:00,56024.908455,60845.132215000005,TIME_T24,0.24733083834763392,13856.687576524593,138566.87576524593,5.542675030609837,11.56222605465327,36.239353717909054,1192.189983583986,1144.3884038114236,0.008258744360738835,0.08258744360738834,0.08258744360738834,24,96
ETH,2021-10-17 20:00:00,2021-10-18 00:00:00,2021-10-21 20:00:00,3848.9235,4050.963505,TIME_T24,3.656782492436563,14074.676069527659,140746.76069527658,5.629870427811063,11.555267396844446,66.76838625945322,738.8163530557966,660.492699399499,0.0046927737173965735,0.04692773717396573,0.04692773717396573,24,96
SOL,2021-10-19 20:00:00,2021-10-20 00:00:00,2021-10-23 20:00:00,155.847885,197.651125,TIME_T24,90.3564120990636,14081.855721827473,140818.5572182747,5.63274228873099,12.776360889668403,62.230499272569226,3777.1907805160613,3702.1839203538234,0.02629045484832856,0.2629045484832856,0.2629045484832856,24,96
BTC,2021-10-22 16:00:00,2021-10-22 20:00:00,2021-10-26 16:00:00,61063.226355,61969.0,TIME_T24,0.23769109296000987,14514.18501198443,145141.85011984428,5.805674004793772,11.697465740649314,59.13593814863187,215.29432765442223,144.46092376514105,0.0009953085457148232,0.009953085457148231,0.009953085457148231,24,96
ETH,2021-10-27 08:00:00,2021-10-27 12:00:00,2021-10-31 08:00:00,3994.086045,4205.37626,TIME_T24,3.636724311951948,14525.389823879503,145253.89823879502,5.810155929551802,11.927673563810824,40.93683201320249,768.4042617680541,715.5397561910409,0.00492613117353109,0.0492613117353109,0.0492613117353109,24,96
SOL,2021-10-27 08:00:00,2021-10-27 12:00:00,2021-10-31 08:00:00,190.07498999999999,186.28681,TIME_T24,76.41925865091196,14525.389823879503,145253.89823879502,5.810155929551802,11.504515896209119,20.451748847568183,-289.48990723621034,-321.44617197998764,-0.0022129951476519785,-0.022129951476519784,-0.022129951476519784,24,96
BTC,2021-10-28 16:00:00,2021-10-28 20:00:00,2021-11-01 16:00:00,61319.514435,61405.262010000006,TIME_T24,0.23942362286202432,14681.340298167896,146813.40298167896,5.872536119267158,11.75328423655757,55.39541068714339,20.52999505813518,-46.61869986556578,-0.00031753708393629016,-0.0031753708393629015,-0.0031753708393629015,24,96
ETH,2021-11-01 04:00:00,2021-11-01 08:00:00,2021-11-05 04:00:00,4305.091469999999,4527.085325000001,TIME_T24,3.386692929422427,14580.022841965801,145800.228419658,5.832009136786321,11.964748281214135,53.99553332070699,751.8250191037326,685.8647375018116,0.004704140349682317,0.04704140349682316,0.04704140349682316,24,96
BTC,2021-11-06 12:00:00,2021-11-06 16:00:00,2021-11-10 12:00:00,60678.90429,68314.45568500001,TIME_T24,0.2410841783851241,14628.723786064233,146287.23786064232,5.851489514425693,12.439303282683774,73.78104180641816,1840.8106345809656,1754.5902894918636,0.011994144637301443,0.11994144637301442,0.11994144637301442,24,96
ETH,2021-11-06 12:00:00,2021-11-06 16:00:00,2021-11-10 12:00:00,4400.769284999999,4844.286645,TIME_T24,3.3241287690145827,14628.723786064233,146287.23786064232,5.851489514425693,12.292702555224746,33.87759865151963,1474.3088159334,1428.1385147266556,0.009762563950295814,0.09762563950295813,0.09762563950295813,24,96
SOL,2021-11-10 04:00:00,2021-11-10 08:00:00,2021-11-14 04:00:00,240.990435,235.19234500000002,TIME_T24,61.660839382354894,14859.672505218836,148596.72505218835,5.943869002087535,11.744731965689294,25.017873805175324,-357.5150962144365,-394.2777019853011,-0.0026533404544873225,-0.026533404544873223,-0.026533404544873223,24,96
ETH,2021-11-10 20:00:00,2021-11-11 00:00:00,2021-11-14 20:00:00,4630.99434,4624.18675,TIME_T24,3.2167389540274645,14896.699889358708,148966.99889358706,5.9586799557434835,11.908600615512547,17.34802848001008,-21.898239936048938,-51.154869031571565,-0.0003433973256594468,-0.0034339732565944673,-0.0034339732565944673,24,96
BTC,2021-11-12 16:00:00,2021-11-12 20:00:00,2021-11-16 16:00:00,63876.92249999999,60174.367765,TIME_T24,0.2328825270228099,14875.819130240183,148758.19130240183,5.950327652096074,11.55575118294132,35.80178540537639,-862.260303127068,-909.6178397153858,-0.006114741190058414,-0.06114741190058414,-0.06114741190058414,24,96
ETH,2021-11-16 08:00:00,2021-11-16 12:00:00,2021-11-20 08:00:00,4294.586219999999,4315.671085,TIME_T24,3.4512206085525285,14821.564467669701,148215.644676697,5.9286257870678805,11.886358982382381,17.3637880281907,72.76852061655039,43.5183736059773,0.0002936152502720208,0.002936152502720208,0.002936152502720208,24,96
SOL,2021-11-16 08:00:00,2021-11-16 12:00:00,2021-11-20 08:00:00,225.042465,215.45222,TIME_T24,65.861189654449,14821.564467669701,148215.644676697,5.9286257870678805,11.60460159622471,16.69607502216144,-631.6249447776302,-659.9256213960164,-0.004452469392387781,-0.04452469392387781,-0.04452469392387781,24,96
BTC,2022-03-31 12:00:00,2022-03-31 16:00:00,2022-04-04 12:00:00,46477.03690499999,45611.06306,TIME_T24,0.3173578154472897,14749.85090063386,147498.5090063386,5.899940360253544,11.689951293433612,15.644086104880753,-274.82356768368766,-302.15760508200196,-0.0020485468437448206,-0.020485468437448206,-0.020485468437448206,24,96
ETH,2022-04-05 20:00:00,2022-04-06 00:00:00,2022-04-09 20:00:00,3408.7034999999996,3256.940715,TIME_T24,4.318250367075243,14719.635140125663,147196.35140125663,5.887854056050266,11.513568231286687,2.9395444175909375,-655.3497020346088,-669.8028146834864,-0.004550403650003571,-0.04550403650003571,-0.04550403650003571,24,96
BTC,2022-04-06 00:00:00,2022-04-06 04:00:00,2022-04-10 00:00:00,45238.48793999999,42764.32714,TIME_T24,0.32473686710968513,14690.604846414872,146906.0484641487,5.876241938565949,11.43110338636486,13.90607835504026,-803.4512269175892,-828.7884086589943,-0.005641622093328946,-0.05641622093328946,-0.05641622093328946,24,96
SOL,2022-04-06 08:00:00,2022-04-06 12:00:00,2022-04-10 08:00:00,121.68081,110.99447500000001,TIME_T24,120.47905489307821,14659.98898742422,146599.8898742422,5.863995594969688,11.212999373511048,4.546914265776297,-1287.4795410708211,-1303.2394547101085,-0.008889771034808189,-0.08889771034808187,-0.08889771034808187,24,96
ETH,2022-04-11 00:00:00,2022-04-11 04:00:00,2022-04-15 00:00:00,3176.8976549999998,3040.4790000000003,TIME_T24,4.545142349673965,14439.452072320408,144394.52072320407,5.775780828928164,11.303544775405904,-4.232030898425574,-620.0422061260597,-627.11372000304,-0.004343057595690772,-0.04343057595690772,-0.04343057595690772,24,96
BTC,2023-01-18 16:00:00,2023-01-18 20:00:00,2023-01-22 16:00:00,20915.822685,22710.788925000004,TIME_T24,0.6873619516114244,14376.740700320102,143767.40700320102,5.750696280128041,11.994909159377293,18.03119833797838,1233.791497803024,1203.7653903056682,0.008373006200764727,0.08373006200764725,0.08373006200764725,24,96
ETH,2023-01-18 16:00:00,2023-01-18 20:00:00,2023-01-22 16:00:00,1542.73098,1634.28245,TIME_T24,9.319019898284601,14376.740700320102,143767.40700320102,5.750696280128041,11.842660548514965,17.78488352488125,853.1699706472047,823.5424265738084,0.005728297141475689,0.05728297141475689,0.05728297141475689,24,96
ETH,2023-01-25 00:00:00,2023-01-25 04:00:00,2023-01-29 00:00:00,1547.403315,1593.5628199999999,TIME_T24,9.421894951807083,14579.471482008044,145794.71482008044,5.8317885928032185,11.837541188461401,17.90750793656824,434.91000713741244,405.1649580123828,0.0027790099148133117,0.027790099148133116,0.027790099148133116,24,96
BTC,2023-01-30 20:00:00,2023-01-31 00:00:00,2023-02-03 20:00:00,22838.79369,23420.184050000003,TIME_T24,0.6401383617826834,14619.987977809285,146199.87977809284,5.847995191123714,11.844858491290086,16.463289633986438,372.17027260664764,343.86212448137115,0.0023520000495437943,0.023520000495437943,0.023520000495437943,24,96
BTC,2023-02-06 04:00:00,2023-02-06 08:00:00,2023-02-10 04:00:00,22892.350455,21900.754145,TIME_T24,0.640142838065661,14654.374190257424,146543.74190257423,5.86174967610297,11.469594041766406,16.068554411704923,-634.7632760988374,-662.3014245523087,-0.004519479412451625,-0.04519479412451625,-0.04519479412451625,24,96
ETH,2023-02-06 04:00:00,2023-02-06 08:00:00,2023-02-10 04:00:00,1636.227705,1550.92415,TIME_T24,8.956194877691198,14654.374190257424,146543.74190257423,5.86174967610297,11.41790124727,16.108307596389547,-763.995262339849,-791.5214711835084,-0.005401264229418482,-0.05401264229418481,-0.05401264229418481,24,96
BTC,2023-02-10 04:00:00,2023-02-10 08:00:00,2023-02-14 04:00:00,21921.565305,21757.59576,TIME_T24,0.661859301505926,14508.99190068384,145089.9190068384,5.803596760273536,11.563783613138295,10.714848461373249,-108.52476852194445,-130.803400596456,-0.0009015333490557048,-0.009015333490557048,-0.009015333490557048,24,96
ETH,2023-02-10 20:00:00,2023-02-11 00:00:00,2023-02-14 20:00:00,1513.806525,1554.9321450000002,TIME_T24,9.570934023568771,14488.542375222909,144885.42375222908,5.795416950089164,11.748278138457673,6.586456908748832,393.6105956983628,375.2758606511562,0.00259015607596884,0.025901560759688396,0.025901560759688396,24,96
ETH,2023-02-21 20:00:00,2023-02-22 00:00:00,2023-02-25 20:00:00,1660.5998849999999,1593.78271,TIME_T24,8.751921084644248,14533.439146689314,145334.39146689314,5.813375658675726,11.392839860271906,11.82442244939744,-584.7786426988638,-607.995905008533,-0.00418342760355544,-0.0418342760355544,-0.0418342760355544,24,96
BTC,2023-02-22 16:00:00,2023-02-22 20:00:00,2023-02-26 16:00:00,23803.575839999998,23487.580335000002,TIME_T24,0.6088844322554605,14493.626760988194,144936.26760988194,5.797450704395278,11.517939511327675,7.345773787274366,-192.40474365719967,-211.26845695580172,-0.001457664533796765,-0.01457664533796765,-0.01457664533796765,24,96
ETH,2023-02-25 20:00:00,2023-02-26 00:00:00,2023-03-01 20:00:00,1595.37729,1664.38739,TIME_T24,9.046194062041824,14432.092567514375,144320.92567514375,5.7728370270057505,11.795385556747867,9.866814779084862,624.2787568409142,602.6165565050815,0.004175531397723494,0.04175531397723494,0.04175531397723494,24,96
ETH,2023-03-21 04:00:00,2023-03-21 08:00:00,2023-03-25 04:00:00,1731.2051699999997,1746.376375,TIME_T24,8.382469402019744,14511.774366143387,145117.74366143387,5.804709746457355,11.660288357596418,10.697289653494156,127.1721617042717,104.81458369318113,0.0007222726942180014,0.007222726942180014,0.007222726942180014,24,96
BTC,2023-03-22 20:00:00,2023-03-23 00:00:00,2023-03-26 20:00:00,27264.595484999998,27954.065975,TIME_T24,0.5323199505975036,14513.48812163612,145134.8812163612,5.805395248654448,11.757598056178992,5.983525342825415,367.01889717523835,349.2777737762339,0.0024065736013904526,0.024065736013904528,0.024065736013904528,24,96
ETH,2023-04-03 00:00:00,2023-04-03 04:00:00,2023-04-07 00:00:00,1779.2191649999997,1875.791635,TIME_T24,8.181782148176408,14557.183601890334,145571.83601890333,5.822873440756134,11.961800845932789,8.849840333596896,790.1349110513041,769.3232698717744,0.0052848359333179905,0.0528483593331799,0.0528483593331799,24,96
BTC,2023-04-03 20:00:00,2023-04-04 00:00:00,2023-04-07 20:00:00,27813.899999999998,27892.376835000003,TIME_T24,0.5242754266910524,14582.144290442262,145821.4429044226,5.832857716176905,11.682172822815808,2.456613812370277,41.14347615499091,27.004689519804824,0.0001851901132092405,0.001851901132092405,0.001851901132092405,24,96
BTC,2023-04-17 00:00:00,2023-04-17 04:00:00,2023-04-21 00:00:00,29997.7914,28307.249295,TIME_T24,0.48792980131962266,14636.816397829485,146368.16397829485,5.8547265591317945,11.379506768897546,9.897607424253605,-824.865873415105,-846.1429876082561,-0.005780922330444289,-0.057809223304442894,-0.057809223304442894,24,96
ETH,2023-04-20 16:00:00,2023-04-20 20:00:00,2023-04-24 16:00:00,1928.66385,1830.414335,TIME_T24,7.540423779941394,14542.942758053321,145429.4275805332,5.817177103221328,11.338017014733174,6.573084750567614,-740.8429792737085,-758.7540810390093,-0.005217335264685963,-0.05217335264685963,-0.05217335264685963,24,96
BTC,2023-04-21 04:00:00,2023-04-21 08:00:00,2023-04-25 04:00:00,28169.09751,27252.906730000002,TIME_T24,0.5165669547925722,14551.224919995728,145512.24919995727,5.8204899679982915,11.451670383503131,7.4756892993837125,-473.27388123363,-492.20124091651684,-0.0033825416322178694,-0.03382541632217869,-0.03382541632217869,24,96
ETH,2023-04-24 16:00:00,2023-04-24 20:00:00,2023-04-28 16:00:00,1832.2356599999998,1891.41382,TIME_T24,7.878067568748238,14434.476331350023,144344.7633135002,5.773790532540009,11.734064882309697,10.274416177324857,466.20954307419555,444.201062014561,0.0030773618094465083,0.03077361809446508,0.03077361809446508,24,96
BTC,2023-05-01 04:00:00,2023-05-01 08:00:00,2023-05-05 04:00:00,28643.39454,29047.758855000004,TIME_T24,0.5052308535870405,14471.526673074573,144715.26673074573,5.78861066922983,11.658940269670696,8.2106381180844,204.2973280275902,184.4277496398351,0.0012744180611087674,0.012744180611087674,0.012744180611087674,24,96
ETH,2023-05-01 20:00:00,2023-05-02 00:00:00,2023-05-05 20:00:00,1831.6453649999999,1992.3033500000001,TIME_T24,7.884642264085366,14441.868457695065,144418.68457695065,5.7767473830780265,12.060187061593572,12.778193806190693,1266.730738593795,1241.8923577260107,0.0085992498918261,0.08599249891826101,0.08599249891826101,24,96
ETH,2023-05-08 00:00:00,2023-05-08 04:00:00,2023-05-12 00:00:00,1866.31269,1762.368375,TIME_T24,7.8304984808366465,14614.158683811154,146141.58683811154,5.845663473524462,11.365752626769282,7.543231344385783,-813.9358006991056,-832.8447846702607,-0.005698889704768603,-0.05698889704768603,-0.05698889704768603,24,96
BTC,2023-05-08 08:00:00,2023-05-08 12:00:00,2023-05-12 08:00:00,27948.057044999998,26334.835995,TIME_T24,0.5227840795967024,14610.799278786459,146107.99278786458,5.844319711514584,11.351292910305059,7.1621602560363735,-843.3662818102739,-861.8797349766153,-0.005898922560848438,-0.05898922560848438,-0.05898922560848438,24,96
BTC,2023-06-28 16:00:00,2023-06-28 20:00:00,2023-07-02 16:00:00,30115.039995,30542.461130000003,TIME_T24,0.4796502423455096,14444.686231846465,144446.86231846464,5.777874492738586,11.63775404587171,16.9244411720963,205.01265098634477,176.45045576837677,0.0012215596305536441,0.01221559630553644,0.01221559630553644,24,96
BTC,2023-07-06 12:00:00,2023-07-06 16:00:00,2023-07-10 12:00:00,30422.2035,30297.653595000003,TIME_T24,0.475387368880867,14462.331277423304,144623.31277423303,5.7849325109693215,11.54618124128572,4.8401607231673385,-59.20945163231014,-75.5957935967632,-0.0005227082145101561,-0.005227082145101561,-0.005227082145101561,24,96
ETH,2023-07-07 00:00:00,2023-07-07 04:00:00,2023-07-11 00:00:00,1858.959015,1878.870095,TIME_T24,7.772150406191051,14448.109063524766,144481.09063524764,5.779243625409906,11.620388014223693,6.376939757227398,154.75190850970316,136.75458073825206,0.000946522345152407,0.009465223451524068,0.009465223451524068,24,96
ETH,2023-07-17 08:00:00,2023-07-17 12:00:00,2023-07-21 08:00:00,1911.0450449999998,1888.3053750000001,TIME_T24,7.5709608174816525,14468.44715613746,144684.47156137458,5.787378862454984,11.505893264680985,10.559172229534486,-172.16115057246077,-194.22621606667622,-0.0013424123126045784,-0.013424123126045783,-0.013424123126045783,24,96
SOL,2023-07-18 12:00:00,2023-07-18 16:00:00,2023-07-22 12:00:00,25.53276,25.667160000000003,TIME_T24,566.2143134625987,14457.014174205304,144570.14174205303,5.782805669682122,11.596051020855992,11.528684370618858,76.09920372937495,52.97446833790009,0.00036642744967642723,0.0036642744967642724,0.0036642744967642724,24,96
BTC,2023-07-18 16:00:00,2023-07-18 20:00:00,2023-07-22 16:00:00,29730.837989999996,29821.082000000002,TIME_T24,0.4856691250462921,14439.35007349636,144393.5007349636,5.775740029398544,11.569011550548037,7.484589354355223,43.82872937737165,24.775128472468396,0.00017158063449090766,0.0017158063449090766,0.0017158063449090766,24,96
BTC,2023-09-21 12:00:00,2023-09-21 16:00:00,2023-09-25 12:00:00,26597.302004999998,26230.598140000002,TIME_T24,0.5435438335622956,14456.799494211831,144567.9949421183,5.782719797684733,11.485711745543782,3.606795720783855,-199.31962456420828,-214.41213203053593,-0.001483123094543724,-0.014831230945437238,-0.014831230945437238,24,96
SOL,2023-10-05 16:00:00,2023-10-05 20:00:00,2023-10-09 16:00:00,22.8114,22.1889,TIME_T24,632.8133424958037,14435.358281008776,144353.58281008774,5.774143312403511,11.390716102525566,-8.911928907080673,-393.92630570363696,-396.40509289908186,-0.00274607034465223,-0.027460703446522298,-0.027460703446522298,24,96
SOL,2023-10-09 16:00:00,2023-10-09 20:00:00,2023-10-13 16:00:00,22.2111,21.569209999999998,TIME_T24,648.1316896380127,14395.717771718864,143957.17771718864,5.758287108687546,11.350162517270395,-12.39731959266616,-416.02925026174404,-414.98209318634827,-0.00288267733340537,-0.028826773334053698,-0.028826773334053698,24,96
BTC,2023-10-11 04:00:00,2023-10-11 08:00:00,2023-10-15 04:00:00,27035.460974999998,26869.07874,TIME_T24,0.5320000805482203,14382.867416358265,143828.67416358265,5.753146966543307,11.470887788117896,5.162180757933638,-88.5153624217915,-105.14843096784304,-0.0007310672338413767,-0.007310672338413766,-0.007310672338413766,24,96
ETH,2023-10-27 16:00:00,2023-10-27 20:00:00,2023-10-31 16:00:00,1775.2171649999998,1810.5642650000002,TIME_T24,8.079971849136243,14343.704719303447,143437.04719303446,5.737481887721379,11.5892052046222,17.373692829534185,285.603572948607,256.6406749144506,0.0017892216825202009,0.01789221682520201,0.01789221682520201,24,96
ETH,2023-11-03 00:00:00,2023-11-03 04:00:00,2023-11-07 00:00:00,1799.2391699999998,1889.164945,TIME_T24,7.986358359903258,14369.3687867949,143693.687867949,5.74774751471796,11.782766815412732,17.807095385134335,718.1794649420307,688.5896027414836,0.004792065768221362,0.047920657682213624,0.047920657682213624,24,96
BTC,2023-11-14 00:00:00,2023-11-14 04:00:00,2023-11-18 00:00:00,36466.30404,36353.624095,TIME_T24,0.39593340008440986,14438.227747069053,144382.27747069052,5.775291098827622,11.532736696157173,19.93396693067813,-44.613753745175686,-76.08045737201098,-0.0005269376457055489,-0.005269376457055489,-0.005269376457055489,24,96
ETH,2023-11-17 16:00:00,2023-11-17 20:00:00,2023-11-21 16:00:00,1939.8394349999999,1984.6072,TIME_T24,7.438813690464314,14430.104146380558,144301.04146380557,5.772041658552223,11.677290942373842,17.72442418620087,333.01906317348954,303.6173480449149,0.0021040551403162947,0.021040551403162945,0.021040551403162945,24,96
SOL,2023-11-21 12:00:00,2023-11-21 16:00:00,2023-11-25 12:00:00,55.137555,58.520725,TIME_T24,262.33206607436813,14464.348721439106,144643.48721439106,5.785739488575643,11.926484567543614,16.28242667710388,887.51397598082,859.3050647361725,0.0059408486429984066,0.059408486429984066,0.059408486429984066,24,96
BTC,2023-11-22 00:00:00,2023-11-22 04:00:00,2023-11-26 00:00:00,36398.179995,37711.51481,TIME_T24,0.39671955050212165,14439.869606711716,144398.69606711715,5.775947842684687,11.76030592435561,17.800379360793862,521.0255974655879,491.4649121804385,0.003403527355621019,0.03403527355621019,0.03403527355621019,24,96
ETH,2023-11-22 00:00:00,2023-11-22 04:00:00,2023-11-26 00:00:00,1979.299155,2074.912025,TIME_T24,7.29544574918576,14439.869606711716,144398.69606711715,5.775947842684687,11.830911087772954,18.083403764650473,697.5385060089518,667.6241911565284,0.004623477976880163,0.04623477976880162,0.04623477976880162,24,96
ETH,2023-11-26 16:00:00,2023-11-26 20:00:00,2023-11-30 16:00:00,2058.06852,2040.4092850000002,TIME_T24,7.1245542655419785,14662.820852943665,146628.20852943664,5.865128341177466,11.67993101113675,17.40142456230713,-125.81417804545553,-154.8955336188994,-0.0010563829100305965,-0.010563829100305963,-0.010563829100305963,24,96
BTC,2023-11-27 04:00:00,2023-11-27 08:00:00,2023-12-01 04:00:00,37301.84159999999,38224.95796000001,TIME_T24,0.3928234211212382,14653.037031434518,146530.37031434517,5.861214812573808,11.867478315798891,16.23734786275454,362.62172662819023,334.51690044963686,0.0022829185494584667,0.022829185494584667,0.022829185494584667,24,96
SOL,2023-11-27 04:00:00,2023-11-27 08:00:00,2023-12-01 04:00:00,55.957964999999994,60.829570000000004,TIME_T24,261.85793267204264,14653.037031434518,146530.37031434517,5.861214812573808,12.23269699078553,16.653117086211225,1275.6684140947887,1246.782600017792,0.008508697530369466,0.08508697530369465,0.08508697530369465,24,96
SOL,2023-12-05 04:00:00,2023-12-05 08:00:00,2023-12-09 04:00:00,59.71984499999999,76.92152,TIME_T24,247.91526584887333,14805.461249628506,148054.61249628506,5.922184499851403,13.550192131971173,47.652298475332216,4264.55783067092,4203.355340063617,0.028390573378246402,0.283905733782464,0.283905733782464,24,96
SOL,2023-12-11 00:00:00,2023-12-11 04:00:00,2023-12-15 00:00:00,70.91543999999999,74.34281,TIME_T24,214.70355092818815,15225.796783634869,152257.9678363487,6.090318713453948,12.474984830645795,21.555837422229626,735.8685093447465,701.8376870918711,0.004609530109098965,0.04609530109098965,0.04609530109098965,24,96
BTC,2023-12-11 16:00:00,2023-12-11 20:00:00,2023-12-15 16:00:00,40800.379994999996,42075.03196000001,TIME_T24,0.37231607437685776,15190.637312822479,151906.37312822478,6.076254925128992,12.342339216580203,19.524550224014853,474.5734158055523,442.7065263649573,0.00291433807053814,0.029143380705381396,0.029143380705381396,24,96
ETH,2023-12-11 16:00:00,2023-12-11 20:00:00,2023-12-15 16:00:00,2188.6938,2241.0988899999998,TIME_T24,6.940503652371327,15190.637312822479,151906.37312822478,6.076254925128992,12.297996937677123,20.00446447583476,363.71771854784635,331.41525713433447,0.002181707391924798,0.021817073919247976,0.021817073919247976,24,96
BTC,2023-12-18 08:00:00,2023-12-18 12:00:00,2023-12-22 08:00:00,41125.67256,43732.063030000005,TIME_T24,0.37381498644830874,15373.392730693982,153733.92730693982,6.149357092277593,12.688437311844007,38.18281296782154,974.3078182220532,923.4365679423878,0.006006719428293056,0.06006719428293056,0.06006719428293056,24,96
SOL,2023-12-18 08:00:00,2023-12-18 12:00:00,2023-12-22 08:00:00,69.05451,93.73311000000001,TIME_T24,222.62691793329623,15373.392730693982,153733.92730693982,6.149357092277593,14.496362447318646,36.3625290291043,5494.120656908648,5443.261765432225,0.035407029930123346,0.35407029930123346,0.35407029930123346,24,96
BTC,2023-12-26 08:00:00,2023-12-26 12:00:00,2023-12-30 08:00:00,42706.90278,41873.01302,TIME_T24,0.37488231461095545,16010.062564031447,160100.62564031445,6.404025025612579,12.683005841881489,72.79256766364324,-312.61052335917344,-398.08609686469816,-0.002486474336203077,-0.024864743362030765,-0.024864743362030765,24,96
ETH,2023-12-26 08:00:00,2023-12-26 12:00:00,2023-12-30 08:00:00,2243.7212999999997,2286.99593,TIME_T24,7.135495198994389,16010.062564031447,160100.62564031445,6.404025025612579,12.931564417066461,81.45210562643902,308.785914603261,214.40224455975553,0.0013391718096182601,0.0133917180961826,0.0133917180961826,24,96
BTC,2024-01-03 12:00:00,2024-01-03 16:00:00,2024-01-07 12:00:00,43021.510005,44025.546215,TIME_T24,0.37171392117437024,15991.69417880095,159916.94178800948,6.39667767152038,12.942641037688823,17.872072610283457,373.21423662015553,342.39952297218326,0.0021411084975979464,0.021411084975979464,0.021411084975979464,24,96
SOL,2024-01-03 12:00:00,2024-01-03 16:00:00,2024-01-07 12:00:00,102.081015,93.91302,TIME_T24,156.65688844101865,15991.69417880095,159916.94178800948,6.39667767152038,12.281526270440043,16.978786883014486,-1279.5726815017968,-1308.8329946552512,-0.008184454880273273,-0.08184454880273273,-0.08184454880273273,24,96
ETH,2024-01-07 20:00:00,2024-01-08 00:00:00,2024-01-11 20:00:00,2222.53071,2616.700995,TIME_T24,7.15178006770158,15895.05083163264,158950.5083163264,6.358020332653056,13.843648340323412,18.835199753941453,2819.019187543252,2786.3403394489865,0.017529609492685033,0.17529609492685033,0.17529609492685033,24,96
SOL,2024-01-12 20:00:00,2024-01-13 00:00:00,2024-01-16 20:00:00,92.18607,97.561195,TIME_T24,175.44608274956872,16173.684865577534,161736.84865577533,6.469473946231014,13.31616574267774,18.44464667946216,943.044625539275,911.2838131171351,0.005634361128530587,0.05634361128530587,0.05634361128530587,24,96
BTC,2024-01-18 20:00:00,2024-01-19 00:00:00,2024-01-22 20:00:00,41348.173754999996,39548.23599,TIME_T24,0.3933623125234748,16264.813246889247,162648.13246889247,6.505925298755699,12.728639524855904,17.915918214283735,-708.0276816387328,-738.6722393778723,-0.004541535326384078,-0.04541535326384078,-0.04541535326384078,24,96
ETH,2024-01-18 20:00:00,2024-01-19 00:00:00,2024-01-22 20:00:00,2472.045405,2313.0429,TIME_T24,6.579496158926437,16264.813246889247,162648.13246889247,6.505925298755699,12.593388049148526,17.78854293864676,-1046.156370907181,-1076.5383018949765,-0.0066188174776668374,-0.06618817477666837,-0.06618817477666837,24,96
SOL,2024-02-16 12:00:00,2024-02-16 16:00:00,2024-02-20 12:00:00,109.724835,106.56669000000001,TIME_T24,146.5784131073149,16083.292192761965,160832.92192761964,6.433316877104786,12.681467401224452,52.25979566565426,-462.91588246279963,-527.8571455296784,-0.0032820217353710227,-0.032820217353710227,-0.032820217353710227,24,96
SOL,2024-02-20 12:00:00,2024-02-20 16:00:00,2024-02-24 12:00:00,106.67331,101.89902500000001,TIME_T24,150.2766388162981,16030.506478209,160305.06478209,6.4122025912836005,12.537419781546774,38.98044583454762,-717.4635025510685,-768.9813681671628,-0.004796987351662747,-0.04796987351662746,-0.04796987351662746,24,96
BTC,2024-02-21 12:00:00,2024-02-21 16:00:00,2024-02-25 12:00:00,51181.577999999994,51498.25799,TIME_T24,0.31235159768434984,15986.64766030617,159866.4766030617,6.394659064122468,12.828884328577402,20.127626265548255,98.91550083116523,65.95899023703957,0.00041258800242912437,0.004125880024291244,0.004125880024291244,24,96
BTC,2024-03-05 16:00:00,2024-03-05 20:00:00,2024-03-09 16:00:00,61441.685489999996,68159.413245,TIME_T24,0.2597618231520293,15960.204240415982,159602.04240415982,6.384081696166393,13.466167075963902,80.44731263311677,1745.0092090777905,1651.0957293687097,0.010345078950729494,0.10345078950729493,0.10345078950729493,24,96
ETH,2024-03-05 16:00:00,2024-03-05 20:00:00,2024-03-09 16:00:00,3378.14823,3879.23941,TIME_T24,4.72454230950546,15960.204240415982,159602.04240415982,6.384081696166393,13.715133984664792,86.0290429368677,2367.4264808300177,2267.6823039084848,0.01420835391420643,0.14208353914206429,0.14208353914206429,24,96
ETH,2024-03-11 00:00:00,2024-03-11 04:00:00,2024-03-15 00:00:00,3868.85346,3720.3389,TIME_T24,4.226596383866061,16352.0820437437,163520.82043743698,6.54083281749748,12.830581194095977,101.8069888901978,-627.7111022474576,-742.3486723317513,-0.004539780746854641,-0.04539780746854641,-0.04539780746854641,24,96
SOL,2024-03-11 00:00:00,2024-03-11 04:00:00,2024-03-15 00:00:00,141.23057999999997,175.93199,TIME_T24,115.7828711299189,16352.0820437437,163520.82043743698,6.54083281749748,14.688797187817553,138.5701487793655,4017.8288820564835,3864.5699360893004,0.02363350382997793,0.23633503829977928,0.23633503829977928,24,96
BTC,2024-03-14 16:00:00,2024-03-14 20:00:00,2024-03-18 16:00:00,69449.797545,66902.532,TIME_T24,0.23814264134361798,16538.958228145813,165389.58228145813,6.615583291258326,12.988521564480696,41.7076363703604,-606.6125450898876,-661.3087030247287,-0.003998490678205602,-0.03998490678205602,-0.03998490678205602,24,96
ETH,2024-03-15 08:00:00,2024-03-15 12:00:00,2024-03-19 08:00:00,3691.1746649999995,3274.8717450000004,TIME_T24,4.503297978667606,16622.459407803577,166224.59407803576,6.648983763121431,12.548073086983095,46.95203695985054,-1874.7360981494185,-1934.2362081962522,-0.011636281736312775,-0.11636281736312774,-0.11636281736312774,24,96
BTC,2024-03-19 04:00:00,2024-03-19 08:00:00,2024-03-23 04:00:00,64736.582115,64543.12229500001,TIME_T24,0.254009987656704,16443.738423968356,164437.38423968354,6.577495369587343,13.135334448578579,27.287165954403775,-49.140726490265415,-89.56322689324777,-0.0005446646290766863,-0.005446646290766862,-0.005446646290766862,24,96
SOL,2024-03-19 08:00:00,2024-03-19 12:00:00,2024-03-23 08:00:00,177.92892,175.762075,TIME_T24,91.95833440983291,16362.047126540408,163620.47126540408,6.5448188506161635,13.009933918382618,32.16552353143364,-199.25945712427395,-244.43491457409021,-0.0014939140113928613,-0.014939140113928613,-0.014939140113928613,24,96
ETH,2024-03-20 04:00:00,2024-03-20 08:00:00,2024-03-24 04:00:00,3220.0792349999997,3340.1291000000006,TIME_T24,5.066475412571315,16314.452270658949,163144.5227065895,6.52578090826358,13.294853692249164,30.111024300850797,608.2296893050101,564.8238113119102,0.003462107105659494,0.03462107105659494,0.03462107105659494,24,96
ETH,2024-03-29 16:00:00,2024-03-29 20:00:00,2024-04-02 16:00:00,3502.1001749999996,3275.8912350000005,TIME_T24,4.690851610485936,16427.832245981826,164278.32245981827,6.571132898392731,12.717820768583337,66.38224853458114,-1061.112570505312,-1140.2126398084765,-0.006940737053650931,-0.0694073705365093,-0.0694073705365093,24,96
BTC,2024-04-01 04:00:00,2024-04-01 08:00:00,2024-04-05 04:00:00,69629.73747,66897.27463000001,TIME_T24,0.2361412357501893,16442.45225112706,164424.5225112706,6.576980900450824,12.895862940230021,21.309506190438675,-645.2471516790666,-679.4525208097353,-0.0041323064858720315,-0.04132306485872032,-0.04132306485872032,24,96
SOL,2024-04-02 04:00:00,2024-04-02 08:00:00,2024-04-06 04:00:00,183.27159,177.18136500000003,TIME_T24,88.82464454205812,16279.033836407814,162790.33836407814,6.511613534563126,12.80684224080379,21.048282178755255,-540.9620708061537,-574.8171952257128,-0.0035310277071858086,-0.03531027707185808,-0.03531027707185808,24,96
ETH,2024-04-02 16:00:00,2024-04-02 20:00:00,2024-04-06 16:00:00,3279.168765,3347.56538,TIME_T24,4.953938876924121,16244.801628928755,162448.01628928754,6.497920651571502,13.13137436318241,20.84124395048282,338.83265009851203,304.8600317848468,0.001876662077805566,0.01876662077805566,0.01876662077805566,24,96
SOL,2024-04-09 08:00:00,2024-04-09 12:00:00,2024-04-13 08:00:00,176.2881,151.154385,TIME_T24,92.00206941691427,16218.870013575923,162188.70013575922,6.487548005430369,12.050154494006762,43.55715761914813,-2312.353792134939,-2367.9611042480938,-0.014600037501169958,-0.14600037501169957,-0.14600037501169957,24,96
BTC,2024-04-10 12:00:00,2024-04-10 16:00:00,2024-04-14 12:00:00,68691.63865499999,64148.87951500001,TIME_T24,0.2349588029341634,16139.705189964903,161397.05189964903,6.455882075985961,12.484819652150872,24.791448636188367,-1067.361249552625,-1104.6375178409642,-0.0068442236387799,-0.06844223638779899,-0.06844223638779899,24,96
BTC,2024-04-19 00:00:00,2024-04-19 04:00:00,2024-04-23 00:00:00,61816.032569999996,66401.792495,TIME_T24,0.2567555614863204,15871.610151367018,158716.10151367018,6.348644060546808,13.168255866847552,6.946411891260151,1177.419364384843,1157.3046966267352,0.0072916653420135626,0.07291665342013563,0.07291665342013563,24,96
ETH,2024-04-19 00:00:00,2024-04-19 04:00:00,2024-04-23 00:00:00,2981.299905,3182.30805,TIME_T24,5.323721415865748,15871.610151367018,158716.10151367018,6.348644060546808,13.125332667613595,7.9041478846426045,1070.111366299949,1049.081885747693,0.006609801247275064,0.06609801247275064,0.06609801247275064,24,96
SOL,2024-05-23 12:00:00,2024-05-23 16:00:00,2024-05-27 12:00:00,172.776345,170.95448,TIME_T24,93.13918991401547,16092.248809604458,160922.48809604457,6.436899523841784,12.805924235590489,17.133792237392374,-169.68703023269805,-199.62674670568092,-0.0012405149153953932,-0.012405149153953932,-0.012405149153953932,24,96
BTC,2024-05-23 20:00:00,2024-05-24 00:00:00,2024-05-27 20:00:00,68003.64483,69401.71178499999,TIME_T24,0.23708821850136083,16122.863004343977,161228.63004343977,6.449145201737591,13.030876484957812,17.940946545993313,331.46520370656924,300.49338067561814,0.00186377184123351,0.0186377184123351,0.0186377184123351,24,96
BTC,2024-05-28 00:00:00,2024-05-28 04:00:00,2024-06-01 00:00:00,68084.32515,67681.452345,TIME_T24,0.23650576601186238,16102.335473001458,161023.35473001457,6.440934189200584,12.843755681860417,20.788285775955394,-95.28174135187416,-128.91378280969,-0.0008005905915066655,-0.008005905915066655,-0.008005905915066655,24,96
ETH,2024-05-29 20:00:00,2024-05-30 00:00:00,2024-06-02 20:00:00,3769.32372,3779.019545,TIME_T24,4.268795449431227,16090.471943369186,160904.71943369185,6.436188777347675,12.88893335215074,23.0761145614998,41.389493638482556,5.424445724832015,3.371216048804216e-05,0.00033712160488042153,0.00033712160488042153,24,96
BTC,2024-06-07 16:00:00,2024-06-07 20:00:00,2024-06-11 16:00:00,69289.63750499999,67373.306495,TIME_T24,0.23221346104072074,16089.986539292979,160899.8653929298,6.435994615717192,12.69399008890168,19.247139971336786,-444.9978563317587,-476.93898639199716,-0.0029641975475074244,-0.02964197547507424,-0.02964197547507424,24,96
ETH,2024-06-11 08:00:00,2024-06-11 12:00:00,2024-06-15 08:00:00,3531.32478,3537.6303000000003,TIME_T24,4.539896565788579,16031.849241406111,160318.4924140611,6.412739696562444,12.836929956562294,19.09449624274029,28.626408593512757,-3.3050176057898284,-2.061532363499168e-05,-0.00020615323634991681,-0.00020615323634991681,24,96
SOL,2024-06-11 16:00:00,2024-06-11 20:00:00,2024-06-15 16:00:00,149.29460999999998,144.58767,TIME_T24,107.3448471123225,16026.00708514381,160260.0708514381,6.410402834057525,12.6186993662483,18.870087769794765,-505.2657546668725,-536.7545418029156,-0.0033492718364045264,-0.033492718364045264,-0.033492718364045264,24,96
ETH,2024-07-23 16:00:00,2024-07-23 20:00:00,2024-07-27 16:00:00,3458.758515,3259.3695000000002,TIME_T24,4.62255072604076,15988.286684712912,159882.8668471291,6.395314673885165,12.42195501334921,9.351179497449476,-921.6858360528008,-943.4589705635996,-0.005900938538121669,-0.05900938538121669,-0.05900938538121669,24,96
SOL,2024-07-25 00:00:00,2024-07-25 04:00:00,2024-07-29 00:00:00,170.615265,192.153875,TIME_T24,92.91591665650898,15852.873743068194,158528.73743068194,6.341149497227278,13.482810871117376,14.003558516265633,2001.2796916570514,1973.7933222696684,0.012450697294758476,0.12450697294758475,0.12450697294758475,24,96
BTC,2024-07-25 04:00:00,2024-07-25 08:00:00,2024-07-29 04:00:00,64166.066999999995,69493.245995,TIME_T24,0.2468971987194103,15842.422195141993,158424.22195141992,6.336968878056798,13.200043984490549,14.205628934120854,1315.2655709423857,1287.8598980237743,0.008129185563674037,0.08129185563674036,0.08129185563674036,24,96
BTC,2024-07-29 16:00:00,2024-07-29 20:00:00,2024-08-02 16:00:00,67336.701525,62602.253215000004,TIME_T24,0.24088061550897136,16220.10610968589,162201.0610968589,6.488042443874356,12.519910158545429,13.582724825320025,-1140.4368230082075,-1166.5394579920728,-0.0071919348129015626,-0.07191934812901563,-0.07191934812901563,24,96
SOL,2024-07-30 20:00:00,2024-07-31 00:00:00,2024-08-03 20:00:00,179.24957999999998,142.44874000000002,TIME_T24,90.32938167706995,16191.503727274481,161915.0372727448,6.476601490909792,11.623524132860872,14.376585583936116,-3324.19712239678,-3350.197232113577,-0.020691081498935716,-0.20691081498935715,-0.20691081498935715,24,96
ETH,2024-08-01 16:00:00,2024-08-01 20:00:00,2024-08-05 16:00:00,3133.2058199999997,2403.6975500000003,TIME_T24,5.097210904011994,15970.610870217839,159706.10870217838,6.388244348087136,11.289105692809903,6.375518425537738,-3718.4575084109224,-3736.12213252927,-0.0233937334200311,-0.233937334200311,-0.233937334200311,24,96
BTC,2024-08-03 00:00:00,2024-08-03 04:00:00,2024-08-07 00:00:00,61926.93799499999,56833.569,TIME_T24,0.25500467494117024,15791.658693516976,157916.58693516976,6.316663477406791,12.113793792843419,9.60592093029374,-1298.8329049254073,-1320.5526196485444,-0.00836234271065317,-0.08362342710653169,-0.08362342710653169,24,96
SOL,2024-08-04 08:00:00,2024-08-04 12:00:00,2024-08-08 08:00:00,143.57174999999998,154.04294000000002,TIME_T24,108.85256879279287,15628.153793576657,156281.53793576657,6.251261517430663,12.95844940678829,2.6450169289733565,1139.8159298174087,1124.212463481647,0.007193507808604435,0.07193507808604435,0.07193507808604435,24,96
SOL,2024-09-30 08:00:00,2024-09-30 12:00:00,2024-10-04 08:00:00,155.6778,140.02995,TIME_T24,98.76286928390371,15375.186211805703,153751.86211805703,6.150074484722282,11.681978343794912,9.194787160894442,-1545.4265641241304,-1566.30332962882,-0.010187215348495406,-0.10187215348495406,-0.10187215348495406,24,96
BTC,2024-09-30 16:00:00,2024-09-30 20:00:00,2024-10-04 16:00:00,63519.744,62336.816000000006,TIME_T24,0.24194707309152363,15368.41614432287,153684.1614432287,6.147366457729148,12.180250528547091,11.376564722982687,-286.2059672780081,-309.76278252953784,-0.0020155803930645448,-0.020155803930645446,-0.020155803930645446,24,96
BTC,2024-10-09 12:00:00,2024-10-09 16:00:00,2024-10-13 12:00:00,62347.157999999996,62198.195345,TIME_T24,0.2435969832111653,15187.579600589868,151875.79600589868,6.0750318402359476,12.135548939124245,4.080450582773035,-36.286853369124564,-52.50285289102184,-0.00034569598495459204,-0.00345695984954592,-0.00345695984954592,24,96
SOL,2024-10-09 12:00:00,2024-10-09 16:00:00,2024-10-13 12:00:00,142.90141500000001,145.26733000000002,TIME_T24,106.28012046339686,15187.579600589868,151875.79600589868,6.0750318402359476,12.250643572954358,1.6790288068382706,251.44973120615768,237.52005882636507,0.0015639098860567623,0.01563909886056762,0.01563909886056762,24,96
BTC,2024-10-22 00:00:00,2024-10-22 04:00:00,2024-10-26 00:00:00,67423.705005,66880.543,TIME_T24,0.22553019475948038,15206.081321183401,152060.813211834,6.082432528473361,12.115865283837284,17.406742965876706,-122.49943277359783,-152.0220410233118,-0.0009997450218257864,-0.009997450218257863,-0.009997450218257863,24,96
SOL,2024-10-25 20:00:00,2024-10-26 00:00:00,2024-10-29 20:00:00,164.99245499999998,179.33029,TIME_T24,92.04889266899293,15187.372781488644,151873.72781488643,6.074949112595458,12.677810959199208,12.788471999892533,1319.7818350207315,1294.3155520616397,0.008522313705496422,0.0852231370549642,0.0852231370549642,24,96
SOL,2024-10-31 20:00:00,2024-11-01 00:00:00,2024-11-04 20:00:00,168.77434499999998,157.871025,TIME_T24,90.77393055376537,15320.310672287236,153203.10672287236,6.1281242689148945,11.860353652835599,11.339157956133494,-989.7372124854792,-1012.9367240944483,-0.006611724434066079,-0.06611724434066078,-0.06611724434066078,24,96
BTC,2024-11-01 16:00:00,2024-11-01 20:00:00,2024-11-05 16:00:00,69302.63399999999,68961.49200500001,TIME_T24,0.22076593607137887,15299.660867222166,152996.60867222166,6.119864346888867,12.209603681033961,18.257125900187877,-75.31253185942903,-105.77926144065086,-0.0006913830467136121,-0.006913830467136121,-0.006913830467136121,24,96
SOL,2024-11-04 20:00:00,2024-11-05 00:00:00,2024-11-08 20:00:00,158.02897499999997,199.750075,TIME_T24,96.08880996047078,15184.816147022986,151848.16147022985,6.073926458809194,13.751425257315109,15.25652250793592,4008.930849241801,3979.9229014765497,0.02620988534165968,0.2620988534165968,0.2620988534165968,24,96
ETH,2024-11-15 04:00:00,2024-11-15 08:00:00,2024-11-19 04:00:00,3041.009745,3116.5209600000003,TIME_T24,5.131989921946594,15606.43136388138,156064.3136388138,6.2425725455525525,12.640154208854682,32.26909866966956,387.52279437394475,342.6135414954205,0.0021953355863810445,0.021953355863810444,0.021953355863810444,24,96
ETH,2024-11-20 16:00:00,2024-11-20 20:00:00,2024-11-24 16:00:00,3059.56902,3324.9666850000003,TIME_T24,5.112057487766993,15640.692718030921,156406.9271803092,6.256277087212369,13.055245422664388,49.284388784933704,1356.7281205991283,1294.3884863915303,0.00827577467140782,0.08275774671407819,0.08275774671407819,24,96
SOL,2024-11-21 00:00:00,2024-11-21 04:00:00,2024-11-25 00:00:00,235.93791,252.33377000000002,TIME_T24,66.33682516540115,15651.371885560151,156513.7188556015,6.260548754224061,12.95615722775068,43.81082013692931,1087.649298256396,1030.8823208917158,0.0065865301037463745,0.06586530103746374,0.06586530103746374,24,96
BTC,2024-11-25 12:00:00,2024-11-25 16:00:00,2024-11-29 12:00:00,96048.57028500001,97970.460265,TIME_T24,0.16526242662081755,15873.219798759252,158732.19798759252,6.349287919503701,12.825622319724616,30.42429949714084,317.6162017930333,274.36627997616785,0.001728485357442187,0.01728485357442187,0.01728485357442187,24,96
SOL,2024-11-25 12:00:00,2024-11-25 16:00:00,2024-11-29 12:00:00,245.09248499999998,243.37825,TIME_T24,64.76420441352681,15873.219798759252,158732.19798759252,6.349287919503701,12.654167412626276,16.781571119224242,-111.02106595282044,-140.45680448467095,-0.0008848665000887213,-0.008848665000887213,-0.008848665000887213,24,96
ETH,2024-11-26 08:00:00,2024-11-26 12:00:00,2024-11-30 08:00:00,3324.68151,3651.8631550000005,TIME_T24,4.7215270792282595,15697.573779274499,156975.73779274497,6.279029511709799,13.175977822097177,32.55868720971688,1544.79699669395,1499.0623316621359,0.009549643484659696,0.09549643484659695,0.09549643484659695,24,96
SOL,2024-12-02 04:00:00,2024-12-02 08:00:00,2024-12-06 04:00:00,228.73431,239.18035000000003,TIME_T24,70.10980110274937,16036.516979474618,160365.16979474618,6.414606791789848,13.12216149826424,62.2571696916431,732.3697867113668,656.9904555214595,0.004096840082932918,0.040968400829329184,0.040968400829329184,24,96
BTC,2024-12-02 12:00:00,2024-12-02 16:00:00,2024-12-06 12:00:00,97096.534005,99260.33500500002,TIME_T24,0.16518386071953076,16038.780349431101,160387.803494311,6.41551213977244,12.973994280748396,48.50723616643932,357.42500300878487,295.94377256159714,0.001845176292174201,0.01845176292174201,0.01845176292174201,24,96
ETH,2024-12-03 12:00:00,2024-12-03 16:00:00,2024-12-07 12:00:00,3573.5859,4002.7076450000004,TIME_T24,4.469023305505753,15970.438671326752,159704.3867132675,6.388175468530701,13.543452968783122,48.4029053210086,1917.7550793042985,1855.8087210145068,0.011620273927393222,0.1162027392739322,0.1162027392739322,24,96
