signal_time,sweep_time,choch_time,fvg_low,fvg_high,entry_price,stop_loss,risk_pct
2019-01-14 16:00:00,2019-01-11 20:00:00,2019-01-14 12:00:00,3540.0,3611.0,3611.0,3540.0,1.9662143450567708
2019-01-14 16:00:00,2019-01-13 16:00:00,2019-01-14 12:00:00,3540.0,3611.0,3611.0,3465.0,4.04320132927167
2019-01-30 16:00:00,2019-01-27 12:00:00,2019-01-30 12:00:00,3447.9,3454.97,3454.97,3522.51,-1.9548650205356466
2019-01-30 16:00:00,2019-01-28 12:00:00,2019-01-30 12:00:00,3447.9,3454.97,3454.97,3405.0,1.4463222546071255
2019-02-08 12:00:00,2019-02-08 00:00:00,2019-02-08 08:00:00,3411.0,3429.0,3429.0,3380.0,1.4289880431612716
2019-03-05 12:00:00,2019-03-04 08:00:00,2019-03-05 08:00:00,3733.53,3738.8,3738.8,3699.5,1.0511394030170156
2019-03-16 04:00:00,2019-03-14 12:00:00,2019-03-16 00:00:00,3934.79,3975.6,3975.6,3826.06,3.7614448133615044
2019-04-15 00:00:00,2019-04-12 00:00:00,2019-04-14 20:00:00,5087.76,5125.89,5125.89,4927.0,3.8801066741580548
2019-04-18 04:00:00,2019-04-15 20:00:00,2019-04-18 00:00:00,5222.46,5232.1,5232.1,4983.0,4.76099462930755
2019-04-22 12:00:00,2019-04-21 12:00:00,2019-04-22 08:00:00,5255.0,5261.0,5261.0,5175.0,1.6346702147880632
2019-05-02 08:00:00,2019-04-29 12:00:00,2019-05-02 04:00:00,5394.0,5405.3,5405.3,5195.89,3.874160546130647
2019-05-19 04:00:00,2019-05-17 12:00:00,2019-05-19 00:00:00,7343.99,7815.97,7815.97,7000.0,10.439779067729281
2019-05-24 12:00:00,2019-05-22 20:00:00,2019-05-24 08:00:00,7880.0,7918.99,7918.99,7553.0,4.621675238887785
2019-05-24 12:00:00,2019-05-23 08:00:00,2019-05-24 08:00:00,7880.0,7918.99,7918.99,7465.0,5.732928062795884
2019-06-07 08:00:00,2019-06-04 20:00:00,2019-06-07 04:00:00,7849.99,7873.9,7873.9,7531.11,4.353496996405847
2019-06-07 08:00:00,2019-06-06 16:00:00,2019-06-07 04:00:00,7849.99,7873.9,7873.9,7481.02,4.989649347845403
2019-07-03 04:00:00,2019-07-01 16:00:00,2019-07-03 00:00:00,10938.75,11200.17,11200.17,10050.0,10.269219127923952
2019-07-03 04:00:00,2019-07-02 08:00:00,2019-07-03 00:00:00,10938.75,11200.17,11200.17,9760.02,12.85828697242988
2019-07-13 00:00:00,2019-07-11 04:00:00,2019-07-12 20:00:00,11520.0,11541.0,11541.0,11220.0,2.781388094619184
2019-07-13 00:00:00,2019-07-11 20:00:00,2019-07-12 20:00:00,11520.0,11541.0,11541.0,11200.0,2.954683303006672
2019-07-18 16:00:00,2019-07-17 00:00:00,2019-07-18 12:00:00,9870.0,10342.83,10342.83,9350.01,9.599113588834001
2019-07-25 04:00:00,2019-07-22 16:00:00,2019-07-25 00:00:00,9848.0,10005.1,10005.1,10121.84,-1.16680492948596
2019-07-25 04:00:00,2019-07-23 08:00:00,2019-07-25 00:00:00,9848.0,10005.1,10005.1,9970.0,0.35082108124856687
2019-07-25 04:00:00,2019-07-23 12:00:00,2019-07-25 00:00:00,9848.0,10005.1,10005.1,9883.0,1.2203776074202193
2019-07-25 04:00:00,2019-07-24 04:00:00,2019-07-25 00:00:00,9848.0,10005.1,10005.1,9615.0,3.899011504132896
2019-07-25 04:00:00,2019-07-24 16:00:00,2019-07-25 00:00:00,9848.0,10005.1,10005.1,9593.06,4.118299667169753
2019-07-31 16:00:00,2019-07-28 20:00:00,2019-07-31 12:00:00,9786.12,9931.0,9931.0,9333.0,6.021548685932937
2019-08-19 08:00:00,2019-08-16 04:00:00,2019-08-19 04:00:00,10439.99,10635.62,10635.62,9911.0,6.813143004357064
2019-08-23 16:00:00,2019-08-21 16:00:00,2019-08-23 12:00:00,10208.83,10365.01,10365.01,9921.16,4.282195579164905
2019-08-23 16:00:00,2019-08-22 00:00:00,2019-08-23 12:00:00,10208.83,10365.01,10365.01,9858.0,4.8915534090174555
2019-09-12 16:00:00,2019-09-09 08:00:00,2019-09-12 12:00:00,10189.92,10225.8,10225.8,10090.0,1.3280134561599022
2019-09-12 16:00:00,2019-09-11 04:00:00,2019-09-12 12:00:00,10189.92,10225.8,10225.8,9953.0,2.6677619354964826
2019-09-20 00:00:00,2019-09-16 16:00:00,2019-09-19 20:00:00,10100.0,10151.0,10151.0,10112.15,0.38272091419564935
2019-09-28 00:00:00,2019-09-26 16:00:00,2019-09-27 20:00:00,8063.75,8120.02,8120.02,7800.0,3.941123297725873
2019-10-09 16:00:00,2019-10-06 08:00:00,2019-10-09 12:00:00,8239.0,8483.42,8483.42,7910.0,6.759302262530914
2019-10-09 16:00:00,2019-10-06 16:00:00,2019-10-09 12:00:00,8239.0,8483.42,8483.42,7860.0,7.348687203981413
2019-10-09 16:00:00,2019-10-07 00:00:00,2019-10-09 12:00:00,8239.0,8483.42,8483.42,7785.0,8.232764616157164
2019-10-20 12:00:00,2019-10-16 16:00:00,2019-10-19 12:00:00,7990.0,8016.01,8016.01,7923.5,1.1540654265650894
2019-10-20 20:00:00,2019-10-18 08:00:00,2019-10-20 16:00:00,8043.44,8165.36,8165.36,7856.89,3.777788119568511
2019-10-25 12:00:00,2019-10-23 16:00:00,2019-10-25 08:00:00,7469.0,7578.0,7578.0,7400.0,2.3489047242016365
2019-11-02 16:00:00,2019-10-30 08:00:00,2019-11-02 12:00:00,9255.0,9264.59,9264.59,9072.0,2.078775207537518
2019-11-02 16:00:00,2019-10-30 12:00:00,2019-11-02 12:00:00,9255.0,9264.59,9264.59,9018.0,2.6616396408259853
2019-11-02 16:00:00,2019-10-31 08:00:00,2019-11-02 12:00:00,9255.0,9264.59,9264.59,9001.01,2.845026061595817
2019-11-10 20:00:00,2019-11-07 20:00:00,2019-11-10 16:00:00,8859.39,9023.0,9023.0,9119.0,-1.0639476892386126
2019-11-27 20:00:00,2019-11-25 04:00:00,2019-11-27 16:00:00,7366.0,7475.0,7475.0,6615.0,11.505016722408026
2019-12-04 16:00:00,2019-12-01 08:00:00,2019-12-04 12:00:00,7233.77,7438.0,7438.0,7228.99,2.810029577843509
2019-12-04 16:00:00,2019-12-02 04:00:00,2019-12-04 12:00:00,7233.77,7438.0,7438.0,7210.0,3.065340145200323
2019-12-04 16:00:00,2019-12-04 08:00:00,2019-12-04 12:00:00,7233.77,7438.0,7438.0,7102.0,4.51734337187416
2019-12-18 20:00:00,2019-12-16 20:00:00,2019-12-18 16:00:00,6863.08,6941.0,6941.0,6850.0,1.311050280939346
2019-12-18 20:00:00,2019-12-17 20:00:00,2019-12-18 16:00:00,6863.08,6941.0,6941.0,6590.21,5.053882725832012
2019-12-18 20:00:00,2019-12-18 12:00:00,2019-12-18 16:00:00,6863.08,6941.0,6941.0,6560.0,5.489122604811987
2019-12-29 16:00:00,2019-12-27 08:00:00,2019-12-29 12:00:00,7360.67,7380.47,7380.47,7128.86,3.4091324807227803
2020-01-05 04:00:00,2020-01-03 00:00:00,2020-01-05 00:00:00,7367.31,7437.4,7437.4,6924.74,6.893000242020059
2020-01-10 16:00:00,2020-01-10 08:00:00,2020-01-10 12:00:00,7854.44,7909.98,7909.98,7711.76,2.505948181917013
2020-01-26 12:00:00,2020-01-23 16:00:00,2020-01-26 08:00:00,8395.0,8436.0,8436.0,8326.0,1.3039355144618303
2020-01-26 12:00:00,2020-01-24 00:00:00,2020-01-26 08:00:00,8395.0,8436.0,8436.0,8306.39,1.5363916548127143
2020-01-26 12:00:00,2020-01-24 08:00:00,2020-01-26 08:00:00,8395.0,8436.0,8436.0,8275.5,1.902560455192034
2020-02-05 12:00:00,2020-02-02 04:00:00,2020-02-05 08:00:00,9300.0,9410.0,9410.0,9204.44,2.184484590860781
2020-02-05 12:00:00,2020-02-04 08:00:00,2020-02-05 08:00:00,9300.0,9410.0,9410.0,9120.0,3.0818278427205104
2020-02-05 12:00:00,2020-02-04 12:00:00,2020-02-05 08:00:00,9300.0,9410.0,9410.0,9108.0,3.209351753453773
2020-02-18 20:00:00,2020-02-17 12:00:00,2020-02-18 16:00:00,9875.51,10036.72,10036.72,9568.0,4.670051570632631
2020-02-23 04:00:00,2020-02-19 20:00:00,2020-02-23 00:00:00,9697.0,9786.46,9786.46,9452.67,3.4107327879539593
2020-03-02 12:00:00,2020-02-28 12:00:00,2020-03-02 08:00:00,8699.5,8718.95,8718.95,8531.0,2.155649476141057
2020-03-02 12:00:00,2020-03-01 16:00:00,2020-03-02 08:00:00,8699.5,8718.95,8718.95,8445.0,3.142006778339143
2020-04-01 12:00:00,2020-03-28 16:00:00,2020-03-30 08:00:00,6028.83,6230.24,6230.24,6068.88,2.5899483808007346
2020-04-01 12:00:00,2020-03-30 00:00:00,2020-03-30 08:00:00,6028.83,6230.24,6230.24,5866.56,5.837335319345634
2020-04-12 16:00:00,2020-04-10 08:00:00,2020-04-12 12:00:00,6878.0,7012.0,7012.0,6870.0,2.025099828864803
2020-04-18 16:00:00,2020-04-16 00:00:00,2020-04-18 12:00:00,7120.93,7155.01,7155.01,6575.0,8.106347859751422
2020-04-22 08:00:00,2020-04-20 12:00:00,2020-04-22 04:00:00,6888.0,6918.07,6918.07,6955.37,-0.539167715851389
2020-04-22 08:00:00,2020-04-20 20:00:00,2020-04-22 04:00:00,6888.0,6918.07,6918.07,6766.43,2.1919408158633757
2020-05-06 12:00:00,2020-05-04 04:00:00,2020-05-06 08:00:00,9050.0,9125.0,9125.0,8573.98,6.038575342465758
2020-05-27 12:00:00,2020-05-25 00:00:00,2020-05-27 08:00:00,8887.75,9120.0,9120.0,8700.0,4.605263157894736
2020-06-04 16:00:00,2020-06-02 12:00:00,2020-06-04 12:00:00,9653.27,9725.0,9725.0,9381.41,3.533059125964012
2020-06-07 20:00:00,2020-06-07 12:00:00,2020-06-07 16:00:00,9602.9,9675.55,9675.55,9450.0,2.3311336306463124
2020-06-17 12:00:00,2020-06-15 04:00:00,2020-06-16 00:00:00,9310.96,9392.18,9392.18,9122.0,2.8766484458347295
2020-06-22 16:00:00,2020-06-20 08:00:00,2020-06-22 12:00:00,9473.03,9474.13,9474.13,9215.79,2.726793911419817
2020-07-04 20:00:00,2020-07-02 16:00:00,2020-07-04 16:00:00,9085.0,9108.33,9108.33,9024.67,0.9184998786824791
2020-07-06 08:00:00,2020-07-05 20:00:00,2020-07-06 04:00:00,9119.12,9172.0,9172.0,8940.0,2.529437418229394
2020-07-18 00:00:00,2020-07-14 08:00:00,2020-07-17 16:00:00,9133.93,9138.92,9138.92,9151.0,-0.1321819208396608
2020-07-18 00:00:00,2020-07-16 04:00:00,2020-07-17 16:00:00,9133.93,9138.92,9138.92,9113.0,0.2836221347817912
2020-08-05 16:00:00,2020-08-02 04:00:00,2020-08-05 12:00:00,11450.0,11611.53,11611.53,10831.0,6.722025435063257
2020-08-14 00:00:00,2020-08-11 12:00:00,2020-08-13 20:00:00,11541.8,11653.0,11653.0,11450.0,1.7420406762207157
2020-08-14 00:00:00,2020-08-11 16:00:00,2020-08-13 20:00:00,11541.8,11653.0,11653.0,11372.0,2.4113962069853256
2020-08-14 00:00:00,2020-08-11 20:00:00,2020-08-13 20:00:00,11541.8,11653.0,11653.0,11285.0,3.1579850682227755
2020-09-08 00:00:00,2020-09-04 12:00:00,2020-09-07 20:00:00,10232.0,10295.57,10295.57,9960.8,3.2515926752962727
2020-09-08 00:00:00,2020-09-05 16:00:00,2020-09-07 20:00:00,10232.0,10295.57,10295.57,9875.5,4.080104355562632
2020-10-04 08:00:00,2020-10-02 04:00:00,2020-10-04 04:00:00,10559.73,10570.47,10570.47,10437.0,1.2626685473777357
2020-10-04 08:00:00,2020-10-02 08:00:00,2020-10-04 04:00:00,10559.73,10570.47,10570.47,10385.02,1.7544158395984184
2020-10-18 08:00:00,2020-10-16 04:00:00,2020-10-18 04:00:00,11398.0,11398.41,11398.41,11250.83,1.2947419859436529
2020-11-28 16:00:00,2020-11-26 16:00:00,2020-11-28 12:00:00,17257.97,17516.52,17516.52,16334.0,6.750884308070326
2020-12-12 20:00:00,2020-12-09 08:00:00,2020-12-12 16:00:00,18525.33,18729.09,18729.09,17830.0,4.800500184472391
2020-12-22 16:00:00,2020-12-21 12:00:00,2020-12-22 12:00:00,23155.0,23224.4,23224.4,22350.0,3.7650057697938437
2021-01-05 20:00:00,2021-01-04 08:00:00,2021-01-05 16:00:00,32375.07,33318.0,33318.0,28624.57,14.086769914160516
2021-01-14 00:00:00,2021-01-10 20:00:00,2021-01-13 20:00:00,36188.0,37000.0,37000.0,36500.0,1.3513513513513513
2021-01-14 00:00:00,2021-01-11 00:00:00,2021-01-13 20:00:00,36188.0,37000.0,37000.0,35111.11,5.105108108108106
2021-01-14 00:00:00,2021-01-11 04:00:00,2021-01-13 20:00:00,36188.0,37000.0,37000.0,33600.0,9.18918918918919
2021-01-14 00:00:00,2021-01-11 16:00:00,2021-01-13 20:00:00,36188.0,37000.0,37000.0,31115.0,15.905405405405407
2021-01-25 04:00:00,2021-01-22 00:00:00,2021-01-25 00:00:00,32369.59,33045.0,33045.0,30071.0,8.999848691178695
2021-01-28 20:00:00,2021-01-26 12:00:00,2021-01-28 16:00:00,32203.38,32392.34,32392.34,30900.0,4.607076858294276
2021-02-17 08:00:00,2021-02-15 00:00:00,2021-02-17 04:00:00,50274.88,50628.58,50628.58,46125.0,8.89533145112899
2021-03-01 12:00:00,2021-02-26 04:00:00,2021-03-01 08:00:00,46688.13,47450.32,47450.32,44892.56,5.390395681209319
2021-03-01 12:00:00,2021-02-28 04:00:00,2021-03-01 08:00:00,46688.13,47450.32,47450.32,44106.78,7.046401373057128
2021-03-01 12:00:00,2021-02-28 16:00:00,2021-03-01 08:00:00,46688.13,47450.32,47450.32,43168.0,9.024849568980779
2021-03-07 08:00:00,2021-03-05 00:00:00,2021-03-07 04:00:00,49900.99,50041.84,50041.84,47047.6,5.983473029768685
2021-03-17 20:00:00,2021-03-15 08:00:00,2021-03-17 16:00:00,55413.63,57601.92,57601.92,54962.84,4.581583391664725
2021-03-24 12:00:00,2021-03-23 04:00:00,2021-03-24 08:00:00,55612.92,56000.0,56000.0,53650.0,4.196428571428571
2021-03-27 00:00:00,2021-03-25 00:00:00,2021-03-26 20:00:00,54060.24,54495.12,54495.12,51700.0,5.129119818435123
2021-04-05 16:00:00,2021-04-04 00:00:00,2021-04-05 12:00:00,57766.84,58610.0,58610.0,56880.0,2.9517147244497526
2021-04-10 04:00:00,2021-04-07 12:00:00,2021-04-10 00:00:00,58600.0,59229.5,59229.5,55700.0,5.959023797263188
2021-04-10 04:00:00,2021-04-07 16:00:00,2021-04-10 00:00:00,58600.0,59229.5,59229.5,55612.0,6.107598409576309
2021-04-26 04:00:00,2021-04-22 16:00:00,2021-04-26 00:00:00,49593.18,52000.0,52000.0,52561.0,-1.0788461538461538
2021-04-26 04:00:00,2021-04-23 08:00:00,2021-04-26 00:00:00,49593.18,52000.0,52000.0,47700.0,8.269230769230768
2021-04-26 04:00:00,2021-04-25 20:00:00,2021-04-26 00:00:00,49593.18,52000.0,52000.0,47500.0,8.653846153846153
2021-04-30 16:00:00,2021-04-29 20:00:00,2021-04-30 12:00:00,54792.33,56277.39,56277.39,52476.69,6.753511490138397
2021-05-05 16:00:00,2021-05-04 16:00:00,2021-05-05 12:00:00,55809.24,57043.0,57043.0,53526.0,6.165524253633224
2021-05-05 16:00:00,2021-05-05 00:00:00,2021-05-05 12:00:00,55809.24,57043.0,57043.0,53046.69,7.0057851094788095
2021-05-25 12:00:00,2021-05-23 16:00:00,2021-05-24 16:00:00,36887.0,37266.58,37266.58,32600.0,12.522157922728624
2021-05-31 12:00:00,2021-05-28 20:00:00,2021-05-31 08:00:00,35975.0,36333.44,36333.44,35100.0,3.3947790245019522
2021-05-31 12:00:00,2021-05-29 08:00:00,2021-05-31 08:00:00,35975.0,36333.44,36333.44,34684.0,4.539729791618966
2021-05-31 12:00:00,2021-05-29 16:00:00,2021-05-31 08:00:00,35975.0,36333.44,36333.44,33800.0,6.9727501717426215
2021-05-31 12:00:00,2021-05-30 00:00:00,2021-05-31 08:00:00,35975.0,36333.44,36333.44,33632.76,7.433042398407638
2021-06-09 16:00:00,2021-06-08 04:00:00,2021-06-09 12:00:00,35045.55,35650.16,35650.16,32351.0,9.254264216485995
2021-06-23 04:00:00,2021-06-20 12:00:00,2021-06-23 00:00:00,32987.0,33574.11,33574.11,33724.48,-0.44787486548415617
2021-06-23 04:00:00,2021-06-21 08:00:00,2021-06-23 00:00:00,32987.0,33574.11,33574.11,32266.0,3.8961866747919767
2021-06-23 04:00:00,2021-06-22 00:00:00,2021-06-23 00:00:00,32987.0,33574.11,33574.11,31251.23,6.918664411357445
2021-06-23 04:00:00,2021-06-22 08:00:00,2021-06-23 00:00:00,32987.0,33574.11,33574.11,31168.0,7.166563759992448
2021-06-23 04:00:00,2021-06-22 12:00:00,2021-06-23 00:00:00,32987.0,33574.11,33574.11,31112.0,7.333358948308684
2021-06-27 04:00:00,2021-06-26 08:00:00,2021-06-27 00:00:00,32300.24,32811.9,32811.9,30573.77,6.821092347593407
2021-07-03 08:00:00,2021-07-01 08:00:00,2021-07-03 04:00:00,33914.6,34406.0,34406.0,33312.52,3.178166598849047
2021-07-03 08:00:00,2021-07-01 16:00:00,2021-07-03 04:00:00,33914.6,34406.0,34406.0,33001.0,4.083590071499158
2021-07-03 08:00:00,2021-07-02 04:00:00,2021-07-03 04:00:00,33914.6,34406.0,34406.0,32711.0,4.926466314014998
2021-07-09 16:00:00,2021-07-08 00:00:00,2021-07-09 12:00:00,33065.0,33287.0,33287.0,33125.55,0.4850241836152164
2021-07-09 16:00:00,2021-07-08 08:00:00,2021-07-09 12:00:00,33065.0,33287.0,33287.0,32242.07,3.13915342325833
2021-07-16 16:00:00,2021-07-13 12:00:00,2021-07-16 12:00:00,31779.99,31810.0,31810.0,32658.34,-2.666897202137693
2021-07-16 16:00:00,2021-07-13 16:00:00,2021-07-16 12:00:00,31779.99,31810.0,31810.0,32280.0,-1.4775227915749765
2021-07-16 16:00:00,2021-07-13 20:00:00,2021-07-16 12:00:00,31779.99,31810.0,31810.0,32231.42,-1.3248035209053701
2021-07-16 16:00:00,2021-07-14 08:00:00,2021-07-16 12:00:00,31779.99,31810.0,31810.0,31650.61,0.5010688462747546
2021-07-16 16:00:00,2021-07-15 12:00:00,2021-07-16 12:00:00,31779.99,31810.0,31810.0,31550.0,0.817353033637221
2021-07-16 16:00:00,2021-07-15 16:00:00,2021-07-16 12:00:00,31779.99,31810.0,31810.0,31455.0,1.1160012574662057
2021-07-21 12:00:00,2021-07-20 08:00:00,2021-07-21 08:00:00,30942.42,31419.6,31419.6,29501.0,6.106379457408747
2021-08-05 20:00:00,2021-08-03 04:00:00,2021-08-05 16:00:00,39370.0,40666.1,40666.1,38512.0,5.297041024342139
2021-08-05 20:00:00,2021-08-03 12:00:00,2021-08-05 16:00:00,39370.0,40666.1,40666.1,37955.52,6.66545353500828
2021-08-05 20:00:00,2021-08-03 16:00:00,2021-08-05 16:00:00,39370.0,40666.1,40666.1,37703.75,7.284568719400185
2021-08-05 20:00:00,2021-08-04 08:00:00,2021-08-05 16:00:00,39370.0,40666.1,40666.1,37642.03,7.436341326067658
2021-08-05 20:00:00,2021-08-05 12:00:00,2021-08-05 16:00:00,39370.0,40666.1,40666.1,37508.56,7.7645508175113935
2021-08-19 20:00:00,2021-08-17 00:00:00,2021-08-19 16:00:00,45800.0,46340.12,46340.12,45500.0,1.8129430825815787
2021-08-19 20:00:00,2021-08-18 00:00:00,2021-08-19 16:00:00,45800.0,46340.12,46340.12,44376.0,4.2384870820360465
2021-08-19 20:00:00,2021-08-19 04:00:00,2021-08-19 16:00:00,45800.0,46340.12,46340.12,44044.65,4.953526231697287
2021-08-28 00:00:00,2021-08-24 16:00:00,2021-08-27 20:00:00,48546.42,48835.0,48835.0,48050.0,1.6074536705231905
2021-08-28 00:00:00,2021-08-26 12:00:00,2021-08-27 20:00:00,48546.42,48835.0,48835.0,46560.01,4.6585235998771335
2021-09-02 04:00:00,2021-08-31 00:00:00,2021-09-02 00:00:00,48873.89,49303.48,49303.48,46853.0,4.970196829919517
2021-09-02 04:00:00,2021-09-01 00:00:00,2021-09-02 00:00:00,48873.89,49303.48,49303.48,46700.0,5.280519752358257
2021-09-15 00:00:00,2021-09-13 12:00:00,2021-09-14 20:00:00,46888.88,46938.22,46938.22,44132.29,5.977921616968007
2021-09-23 04:00:00,2021-09-20 12:00:00,2021-09-23 00:00:00,43673.42,43685.8,43685.8,43240.33,1.0197134995811021
2021-09-23 04:00:00,2021-09-21 00:00:00,2021-09-23 00:00:00,43673.42,43685.8,43685.8,42500.0,2.7143831634077955
2021-09-23 04:00:00,2021-09-21 20:00:00,2021-09-23 00:00:00,43673.42,43685.8,43685.8,40200.0,7.979251839270432
2021-10-13 20:00:00,2021-10-12 20:00:00,2021-10-13 16:00:00,56440.75,56607.27,56607.27,54080.0,4.464567890308077
2021-10-25 04:00:00,2021-10-22 16:00:00,2021-10-25 00:00:00,61400.0,61764.45,61764.45,60478.1,2.0826705329683963
2021-10-25 04:00:00,2021-10-23 08:00:00,2021-10-25 00:00:00,61400.0,61764.45,61764.45,60000.0,2.856740406495965
2021-10-25 04:00:00,2021-10-24 16:00:00,2021-10-25 00:00:00,61400.0,61764.45,61764.45,59562.15,3.5656433433795582
2021-10-30 00:00:00,2021-10-28 16:00:00,2021-10-29 16:00:00,61358.28,61905.55,61905.55,58000.0,6.30888506765549
2021-11-02 12:00:00,2021-11-01 04:00:00,2021-11-02 08:00:00,61824.66,62881.46,62881.46,59700.0,5.059456316694935
2021-11-07 04:00:00,2021-11-06 12:00:00,2021-11-07 00:00:00,61489.63,61700.02,61700.02,60081.21,2.623678241919529
2021-11-15 00:00:00,2021-11-12 16:00:00,2021-11-14 20:00:00,64422.35,65519.1,65519.1,62822.9,4.1151358916712795
2021-11-20 20:00:00,2021-11-17 08:00:00,2021-11-20 16:00:00,58834.98,59308.09,59308.09,58553.12,1.2729629296778802
2021-11-20 20:00:00,2021-11-18 16:00:00,2021-11-20 16:00:00,58834.98,59308.09,59308.09,57650.0,2.7957231467072985
2021-11-20 20:00:00,2021-11-18 20:00:00,2021-11-20 16:00:00,58834.98,59308.09,59308.09,56592.06,4.579527008878551
2021-11-25 16:00:00,2021-11-22 16:00:00,2021-11-25 12:00:00,58482.66,58667.01,58667.01,55986.05,4.569791438152377
2021-11-25 16:00:00,2021-11-22 20:00:00,2021-11-25 12:00:00,58482.66,58667.01,58667.01,55800.0,4.886920264046185
2021-11-25 16:00:00,2021-11-23 08:00:00,2021-11-25 12:00:00,58482.66,58667.01,58667.01,55610.0,5.210782005082587
2021-11-29 00:00:00,2021-11-26 12:00:00,2021-11-28 20:00:00,54967.5,57136.56,57136.56,53680.45,6.048859084271088
2021-11-29 00:00:00,2021-11-28 16:00:00,2021-11-28 20:00:00,54967.5,57136.56,57136.56,53500.0,6.364681387888941
2021-12-07 00:00:00,2021-12-03 12:00:00,2021-12-06 20:00:00,49366.0,50332.62,50332.62,55777.77,-10.818332127355964
2021-12-19 04:00:00,2021-12-17 12:00:00,2021-12-19 00:00:00,47100.0,47445.16,47445.16,46306.8,2.399317443549564
2021-12-31 12:00:00,2021-12-28 12:00:00,2021-12-31 08:00:00,47550.0,47830.64,47830.64,48657.12,-1.7279300465141239
2021-12-31 12:00:00,2021-12-29 12:00:00,2021-12-31 08:00:00,47550.0,47830.64,47830.64,47313.01,1.0822142459310546
2021-12-31 12:00:00,2021-12-30 00:00:00,2021-12-31 08:00:00,47550.0,47830.64,47830.64,46096.99,3.624559487391349
2022-01-03 12:00:00,2021-12-31 20:00:00,2022-01-01 20:00:00,46569.97,46591.23,46591.23,45678.96,1.9580294403045466
2022-01-11 20:00:00,2022-01-08 16:00:00,2022-01-11 16:00:00,42200.0,42597.41,42597.41,40610.0,4.665565347752372
2022-01-11 20:00:00,2022-01-10 12:00:00,2022-01-11 16:00:00,42200.0,42597.41,42597.41,40501.0,4.92144944962617
2022-01-20 16:00:00,2022-01-17 20:00:00,2022-01-20 12:00:00,42232.76,42805.0,42805.0,41725.95,2.520850367947676
2022-01-20 16:00:00,2022-01-18 08:00:00,2022-01-20 12:00:00,42232.76,42805.0,42805.0,41540.42,2.9542810419343577
2022-01-20 16:00:00,2022-01-18 12:00:00,2022-01-20 12:00:00,42232.76,42805.0,42805.0,41453.0,3.1585095199158975
2022-01-20 16:00:00,2022-01-19 04:00:00,2022-01-20 12:00:00,42232.76,42805.0,42805.0,41250.0,3.6327531830393647
2022-01-20 16:00:00,2022-01-19 08:00:00,2022-01-20 12:00:00,42232.76,42805.0,42805.0,41161.2,3.840205583459883
2022-01-25 04:00:00,2022-01-21 12:00:00,2022-01-24 20:00:00,34388.38,35951.13,35951.13,38220.0,-6.310983827212115
2022-01-25 04:00:00,2022-01-22 08:00:00,2022-01-24 20:00:00,34388.38,35951.13,35951.13,35112.84,2.3317486821693807
2022-01-25 04:00:00,2022-01-24 12:00:00,2022-01-24 20:00:00,34388.38,35951.13,35951.13,33029.54,8.126559582410891
2022-02-04 08:00:00,2022-02-02 20:00:00,2022-02-04 04:00:00,37445.5,37763.74,37763.74,36632.61,2.9952806581127756
2022-02-04 08:00:00,2022-02-03 08:00:00,2022-02-04 04:00:00,37445.5,37763.74,37763.74,36586.95,3.116190292592844
2022-02-04 08:00:00,2022-02-03 12:00:00,2022-02-04 04:00:00,37445.5,37763.74,37763.74,36250.73,4.006515244517611
2022-02-15 04:00:00,2022-02-11 16:00:00,2022-02-15 00:00:00,42800.0,43397.1,43397.1,42600.0,1.8367586774231424
2022-02-15 04:00:00,2022-02-11 20:00:00,2022-02-15 00:00:00,42800.0,43397.1,43397.1,42050.0,3.104124469146553
2022-02-15 04:00:00,2022-02-12 04:00:00,2022-02-15 00:00:00,42800.0,43397.1,43397.1,41938.51,3.3610310366360805
2022-02-15 04:00:00,2022-02-14 00:00:00,2022-02-15 00:00:00,42800.0,43397.1,43397.1,41688.88,3.9362538049777545
2022-02-23 12:00:00,2022-02-21 12:00:00,2022-02-23 08:00:00,38213.11,38450.0,38450.0,37348.49,2.8647854356306945
2022-03-09 04:00:00,2022-03-07 20:00:00,2022-03-09 00:00:00,38897.68,41217.72,41217.72,37192.78,9.765071915671227
2022-03-15 00:00:00,2022-03-14 00:00:00,2022-03-14 20:00:00,38357.75,38842.89,38842.89,37578.51,3.2551130979183
2022-04-13 16:00:00,2022-04-10 20:00:00,2022-04-13 12:00:00,40212.75,40829.0,40829.0,42107.14,-3.130470988757989
2022-04-13 16:00:00,2022-04-11 00:00:00,2022-04-13 12:00:00,40212.75,40829.0,40829.0,41868.0,-2.544759852065934
2022-04-18 20:00:00,2022-04-17 20:00:00,2022-04-18 16:00:00,39620.8,40632.51,40632.51,39551.94,2.6593729996005653
2022-04-25 20:00:00,2022-04-22 16:00:00,2022-04-25 16:00:00,39420.0,40046.34,40046.34,39320.02,1.8136988299055536
2022-04-25 20:00:00,2022-04-24 16:00:00,2022-04-25 16:00:00,39420.0,40046.34,40046.34,39177.0,2.1708350875510636
2022-04-25 20:00:00,2022-04-25 00:00:00,2022-04-25 16:00:00,39420.0,40046.34,40046.34,38929.62,2.788569442301079
2022-04-29 08:00:00,2022-04-26 16:00:00,2022-04-28 08:00:00,38486.87,38645.42,38645.42,38200.0,1.1525815995789366
2022-04-29 08:00:00,2022-04-26 20:00:00,2022-04-28 08:00:00,38486.87,38645.42,38645.42,37842.49,2.0776847553992175
2022-05-04 08:00:00,2022-05-01 00:00:00,2022-05-04 04:00:00,38100.0,38670.0,38670.0,37578.2,2.8233772950607783
2022-06-07 12:00:00,2022-06-03 12:00:00,2022-06-05 16:00:00,29742.13,29761.0,29761.0,29301.0,1.5456469876684251
2022-06-19 12:00:00,2022-06-18 08:00:00,2022-06-19 08:00:00,18621.57,19130.84,19130.84,19066.8,0.3347474548948236
2022-06-19 12:00:00,2022-06-18 20:00:00,2022-06-19 08:00:00,18621.57,19130.84,19130.84,18031.13,5.748362330143366
2022-07-03 20:00:00,2022-06-30 12:00:00,2022-07-03 16:00:00,19136.43,19213.58,19213.58,18921.59,1.5197063743456534
2022-07-03 20:00:00,2022-06-30 20:00:00,2022-07-03 16:00:00,19136.43,19213.58,19213.58,18756.71,2.3778494169228357
2022-07-14 00:00:00,2022-07-11 12:00:00,2022-07-13 20:00:00,20046.15,20164.06,20164.06,20353.72,-0.9405843862793497
2022-07-14 00:00:00,2022-07-12 00:00:00,2022-07-13 20:00:00,20046.15,20164.06,20164.06,19875.23,1.432400022614502
2022-07-14 00:00:00,2022-07-12 08:00:00,2022-07-13 20:00:00,20046.15,20164.06,20164.06,19620.0,2.6981669366189216
2022-07-14 00:00:00,2022-07-12 20:00:00,2022-07-13 20:00:00,20046.15,20164.06,20164.06,19278.0,4.394253934971435
2022-07-14 00:00:00,2022-07-13 12:00:00,2022-07-13 20:00:00,20046.15,20164.06,20164.06,19240.0,4.582708045899492
2022-07-27 20:00:00,2022-07-25 04:00:00,2022-07-27 16:00:00,21547.53,22576.0,22576.0,21753.57,3.642939404677535
2022-07-27 20:00:00,2022-07-25 12:00:00,2022-07-27 16:00:00,21547.53,22576.0,22576.0,21737.82,3.712703756201277
2022-07-27 20:00:00,2022-07-25 16:00:00,2022-07-27 16:00:00,21547.53,22576.0,22576.0,21683.4,3.9537562012756844
2022-08-04 00:00:00,2022-08-01 04:00:00,2022-08-03 16:00:00,23074.86,23207.29,23207.29,23227.31,-0.08626599658986653
2022-08-04 00:00:00,2022-08-01 08:00:00,2022-08-03 16:00:00,23074.86,23207.29,23207.29,23112.0,0.4106037370153985
2022-08-04 00:00:00,2022-08-01 16:00:00,2022-08-03 16:00:00,23074.86,23207.29,23207.29,22939.57,1.1536030273246087
2022-08-04 00:00:00,2022-08-02 00:00:00,2022-08-03 16:00:00,23074.86,23207.29,23207.29,22850.0,1.539559336742898
2022-08-04 00:00:00,2022-08-02 04:00:00,2022-08-03 16:00:00,23074.86,23207.29,23207.29,22780.0,1.8411886954487182
2022-08-04 00:00:00,2022-08-02 08:00:00,2022-08-03 16:00:00,23074.86,23207.29,23207.29,22715.61,2.1186446155496843
2022-08-11 04:00:00,2022-08-10 00:00:00,2022-08-11 00:00:00,24226.0,24287.47,24287.47,22844.62,5.9407175798879095
2022-08-21 12:00:00,2022-08-18 20:00:00,2022-08-21 08:00:00,21285.08,21314.88,21314.88,23180.4,-8.75219564923659
2022-08-21 12:00:00,2022-08-19 08:00:00,2022-08-21 08:00:00,21285.08,21314.88,21314.88,21447.76,-0.6234142533291174
2022-08-21 12:00:00,2022-08-19 16:00:00,2022-08-21 08:00:00,21285.08,21314.88,21314.88,21261.96,0.24827725982976162
2022-08-21 12:00:00,2022-08-20 20:00:00,2022-08-21 08:00:00,21285.08,21314.88,21314.88,20783.57,2.492671786094978
2022-08-29 16:00:00,2022-08-26 16:00:00,2022-08-29 12:00:00,19923.63,20078.92,20078.92,20635.12,-2.77006930651649
2022-08-29 16:00:00,2022-08-27 04:00:00,2022-08-29 12:00:00,19923.63,20078.92,20078.92,20107.9,-0.14433047195767107
2022-08-29 16:00:00,2022-08-27 12:00:00,2022-08-29 12:00:00,19923.63,20078.92,20078.92,19920.0,0.7914768324192649
2022-09-09 04:00:00,2022-09-06 20:00:00,2022-09-09 00:00:00,19458.25,19928.47,19928.47,18733.97,5.993937316813583
2022-09-09 04:00:00,2022-09-07 00:00:00,2022-09-09 00:00:00,19458.25,19928.47,19928.47,18649.51,6.417753093940491
2022-09-18 08:00:00,2022-09-14 16:00:00,2022-09-17 20:00:00,19916.61,19935.08,19935.08,19860.0,0.3766225166891818
2022-09-18 08:00:00,2022-09-15 12:00:00,2022-09-17 20:00:00,19916.61,19935.08,19935.08,19617.62,1.5924691548767436
2022-09-18 08:00:00,2022-09-16 12:00:00,2022-09-17 20:00:00,19916.61,19935.08,19935.08,19497.0,2.1975331927436543
2022-09-18 08:00:00,2022-09-16 16:00:00,2022-09-17 20:00:00,19916.61,19935.08,19935.08,19442.76,2.469616374752463
2022-09-30 20:00:00,2022-09-28 00:00:00,2022-09-30 12:00:00,19155.08,19256.07,19256.07,18629.2,3.25544101158751
2022-10-13 20:00:00,2022-10-10 08:00:00,2022-10-13 16:00:00,19049.99,19328.72,19328.72,19237.14,0.47380271430287024
2022-10-13 20:00:00,2022-10-10 16:00:00,2022-10-13 16:00:00,19049.99,19328.72,19328.72,19107.0,1.1471013083121964
2022-10-13 20:00:00,2022-10-10 20:00:00,2022-10-13 16:00:00,19049.99,19328.72,19328.72,19098.21,1.1925776771560768
2022-10-13 20:00:00,2022-10-11 00:00:00,2022-10-13 16:00:00,19049.99,19328.72,19328.72,19020.25,1.5959153011684226
2022-10-13 20:00:00,2022-10-11 12:00:00,2022-10-13 16:00:00,19049.99,19328.72,19328.72,18950.01,1.9593123600528266
2022-10-13 20:00:00,2022-10-13 12:00:00,2022-10-13 16:00:00,19049.99,19328.72,19328.72,18566.66,3.9426304483690657
2022-10-23 20:00:00,2022-10-21 12:00:00,2022-10-23 16:00:00,19213.14,19441.96,19441.96,18900.0,2.7875790300977843
2022-11-04 08:00:00,2022-11-02 16:00:00,2022-11-04 04:00:00,20330.87,20546.0,20546.0,20237.95,1.4993186021610012
2022-11-04 08:00:00,2022-11-03 12:00:00,2022-11-04 04:00:00,20330.87,20546.0,20546.0,20048.04,2.4236347707582944
2022-11-23 04:00:00,2022-11-21 20:00:00,2022-11-23 00:00:00,16254.99,16444.0,16444.0,15589.68,5.195329603502795
2022-11-29 08:00:00,2022-11-28 16:00:00,2022-11-29 04:00:00,16309.03,16430.0,16430.0,16051.9,2.301278149726113
2022-12-08 16:00:00,2022-12-07 08:00:00,2022-12-08 12:00:00,16863.01,16909.46,16909.46,16729.35,1.0651434167619818
2022-12-13 12:00:00,2022-12-12 00:00:00,2022-12-13 08:00:00,17208.47,17395.0,17395.0,16909.46,2.791261856855423
2022-12-22 16:00:00,2022-12-19 16:00:00,2022-12-20 12:00:00,16649.0,16689.1,16689.1,16527.32,0.9693752209525909
2023-01-20 20:00:00,2023-01-18 16:00:00,2023-01-20 16:00:00,21247.55,21495.75,21495.75,20573.13,4.292104253166318
2023-02-01 20:00:00,2023-01-30 20:00:00,2023-02-01 16:00:00,23144.85,23320.01,23320.01,22627.9,2.9678803739792436
2023-02-12 20:00:00,2023-02-09 04:00:00,2023-02-12 12:00:00,21737.89,21766.0,21766.0,22424.48,-3.0252687678029933
2023-02-12 20:00:00,2023-02-10 04:00:00,2023-02-12 12:00:00,21737.89,21766.0,21766.0,21688.0,0.3583570706606634
2023-02-12 20:00:00,2023-02-10 12:00:00,2023-02-12 12:00:00,21737.89,21766.0,21766.0,21622.4,0.6597445557291122
2023-02-12 20:00:00,2023-02-10 20:00:00,2023-02-12 12:00:00,21737.89,21766.0,21766.0,21520.0,1.1302030690067078
2023-02-14 16:00:00,2023-02-13 08:00:00,2023-02-14 12:00:00,21875.42,21917.31,21917.31,21451.0,2.127587737728769
2023-02-14 16:00:00,2023-02-13 16:00:00,2023-02-14 12:00:00,21875.42,21917.31,21917.31,21433.0,2.209714604575111
2023-02-23 04:00:00,2023-02-22 16:00:00,2023-02-23 00:00:00,24218.92,24311.35,24311.35,23627.08,2.8146112823845524
2023-03-01 08:00:00,2023-02-25 20:00:00,2023-03-01 04:00:00,23498.0,23673.44,23673.44,22841.19,3.5155431572259888
2023-03-12 20:00:00,2023-03-09 08:00:00,2023-03-12 16:00:00,20466.0,20755.76,20755.76,21580.0,-3.971138614052204
2023-03-12 20:00:00,2023-03-10 00:00:00,2023-03-12 16:00:00,20466.0,20755.76,20755.76,20042.72,3.4353837199890407
2023-04-05 04:00:00,2023-04-03 20:00:00,2023-04-05 00:00:00,28305.0,28455.0,28455.0,27560.0,3.145317167457389
2023-04-25 20:00:00,2023-04-24 16:00:00,2023-04-25 16:00:00,27482.71,27611.01,27611.01,27125.0,1.7602036289146916
2023-05-04 00:00:00,2023-05-01 04:00:00,2023-05-03 20:00:00,28800.0,28950.98,28950.98,28369.95,2.0069441518041837
2023-05-04 00:00:00,2023-05-01 20:00:00,2023-05-03 20:00:00,28800.0,28950.98,28950.98,27799.99,3.975651256019651
2023-05-17 08:00:00,2023-05-11 16:00:00,2023-05-14 12:00:00,26500.0,26692.03,26692.03,26777.0,-0.31833472388574857
2023-05-17 08:00:00,2023-05-12 16:00:00,2023-05-14 12:00:00,26500.0,26692.03,26692.03,26120.74,2.1403018054452856
2023-05-17 20:00:00,2023-05-17 12:00:00,2023-05-17 16:00:00,26836.06,27274.45,27274.45,26573.62,2.5695476902375733
2023-05-26 16:00:00,2023-05-25 00:00:00,2023-05-26 12:00:00,26549.0,26610.49,26610.49,26080.5,1.9916581769069324
2023-06-03 16:00:00,2023-05-31 16:00:00,2023-06-02 16:00:00,27017.0,27049.38,27049.38,26851.0,0.7333994346635708
2023-06-03 16:00:00,2023-06-02 00:00:00,2023-06-02 16:00:00,27017.0,27049.38,27049.38,26605.05,1.642662419619236
2023-06-07 00:00:00,2023-06-06 12:00:00,2023-06-06 20:00:00,26143.69,26857.92,26857.92,25388.0,5.472948016823337
2023-06-14 00:00:00,2023-06-10 16:00:00,2023-06-13 08:00:00,25970.05,25973.7,25973.7,25456.41,1.9915914944732591
2023-06-16 16:00:00,2023-06-15 08:00:00,2023-06-16 12:00:00,25624.38,25774.02,25774.02,24820.56,3.6993065109750014
2023-06-29 20:00:00,2023-06-28 16:00:00,2023-06-29 08:00:00,30245.9,30337.23,30337.23,29930.0,1.3423440439354535
2023-07-05 20:00:00,2023-06-30 12:00:00,2023-07-03 00:00:00,30472.69,30503.94,30503.94,29858.8,2.1149399061236007
2023-07-20 08:00:00,2023-07-18 16:00:00,2023-07-20 04:00:00,30047.95,30166.67,30166.67,29659.2,1.6822208085943777
2023-08-02 00:00:00,2023-07-30 20:00:00,2023-08-01 20:00:00,29335.0,29622.5,29622.5,29083.85,1.8183812979998362
2023-08-02 00:00:00,2023-08-01 12:00:00,2023-08-01 20:00:00,29335.0,29622.5,29622.5,28720.0,3.0466706051143557
2023-08-08 12:00:00,2023-08-07 12:00:00,2023-08-08 08:00:00,29331.24,29354.0,29354.0,28807.54,1.8616202221162332
2023-08-08 12:00:00,2023-08-07 16:00:00,2023-08-08 08:00:00,29331.24,29354.0,29354.0,28788.73,1.9257000749471977
2023-08-23 20:00:00,2023-08-22 20:00:00,2023-08-23 16:00:00,26185.0,26222.43,26222.43,25726.29,1.8920443299877219
2023-09-07 20:00:00,2023-09-06 12:00:00,2023-09-07 16:00:00,25834.52,25858.21,25858.21,25562.62,1.1431185685320064
2023-09-07 20:00:00,2023-09-06 16:00:00,2023-09-07 16:00:00,25834.52,25858.21,25858.21,25540.0,1.2305956212746323
2023-09-12 12:00:00,2023-09-10 16:00:00,2023-09-12 08:00:00,25990.0,26033.73,26033.73,25615.38,1.6069537480798892
2023-09-12 12:00:00,2023-09-11 20:00:00,2023-09-12 08:00:00,25990.0,26033.73,26033.73,24951.0,4.158950715091535
2023-09-28 16:00:00,2023-09-25 12:00:00,2023-09-28 12:00:00,26623.84,26848.71,26848.71,26000.0,3.1610829719565636
2023-11-15 20:00:00,2023-11-14 00:00:00,2023-11-15 16:00:00,36416.51,37306.49,37306.49,36333.0,2.6094387330461752
2023-11-24 12:00:00,2023-11-22 00:00:00,2023-11-24 08:00:00,37567.99,37600.0,37600.0,35735.0,4.960106382978723
2023-11-28 16:00:00,2023-11-27 04:00:00,2023-11-28 12:00:00,37262.02,37513.19,37513.19,37150.0,0.9681661303664185
2023-11-28 16:00:00,2023-11-27 16:00:00,2023-11-28 12:00:00,37262.02,37513.19,37513.19,36715.0,2.127758263160244
2023-12-13 20:00:00,2023-12-11 16:00:00,2023-12-13 16:00:00,41955.22,42571.57,42571.57,40400.0,5.10098640947468
2023-12-19 00:00:00,2023-12-18 08:00:00,2023-12-18 20:00:00,41735.5,42567.69,42567.69,40801.0,4.150307428004673
2023-12-28 00:00:00,2023-12-26 08:00:00,2023-12-27 20:00:00,43215.0,43304.27,43304.27,42500.0,1.8572533378348066
2024-01-03 12:00:00,2023-12-29 20:00:00,2024-01-01 12:00:00,42500.0,42580.0,42580.0,41637.6,2.2132456552372037
2024-01-19 20:00:00,2024-01-18 20:00:00,2024-01-19 16:00:00,41488.2,41517.6,41517.6,40831.99,1.6513719482821758
2024-01-26 12:00:00,2024-01-23 12:00:00,2024-01-26 08:00:00,40220.0,40914.5,40914.5,38657.0,5.517603783499737
2024-02-24 20:00:00,2024-02-21 12:00:00,2024-02-24 16:00:00,51180.41,51437.84,51437.84,50760.37,1.317065413322165
2024-02-24 20:00:00,2024-02-23 20:00:00,2024-02-24 16:00:00,51180.41,51437.84,51437.84,50625.0,1.5802374283212448
2024-03-20 20:00:00,2024-03-19 04:00:00,2024-03-20 16:00:00,64395.0,65656.41,65656.41,64533.0,1.7110439026440882
2024-03-20 20:00:00,2024-03-19 12:00:00,2024-03-20 16:00:00,64395.0,65656.41,65656.41,62505.0,4.799851225493449
2024-03-20 20:00:00,2024-03-20 04:00:00,2024-03-20 16:00:00,64395.0,65656.41,65656.41,61555.0,6.246777732745368
2024-04-04 16:00:00,2024-04-01 04:00:00,2024-04-04 12:00:00,66468.99,67526.5,67526.5,69009.0,-2.195434385019215
2024-04-04 16:00:00,2024-04-01 16:00:00,2024-04-04 12:00:00,66468.99,67526.5,67526.5,68161.48,-0.9403419398310233
2024-04-04 16:00:00,2024-04-02 16:00:00,2024-04-04 12:00:00,66468.99,67526.5,67526.5,64588.58,4.3507659955721065
2024-04-04 16:00:00,2024-04-03 00:00:00,2024-04-04 12:00:00,66468.99,67526.5,67526.5,64550.0,4.407899121085796
2024-04-10 20:00:00,2024-04-10 12:00:00,2024-04-10 16:00:00,69204.28,69581.03,69581.03,68210.0,1.9704077390058738
2024-04-15 00:00:00,2024-04-13 20:00:00,2024-04-14 20:00:00,64747.25,64937.01,64937.01,63750.01,1.8279252463271716
2024-04-19 08:00:00,2024-04-17 16:00:00,2024-04-19 04:00:00,63470.09,64098.13,64098.13,59888.0,6.568257139482848
2024-04-19 08:00:00,2024-04-19 00:00:00,2024-04-19 04:00:00,63470.09,64098.13,64098.13,59678.16,6.895630184531115
2024-05-03 08:00:00,2024-05-01 08:00:00,2024-05-03 00:00:00,58689.55,58943.38,58943.38,57100.0,3.1273741003654654
2024-05-13 04:00:00,2024-05-08 00:00:00,2024-05-09 20:00:00,62285.0,62346.36,62346.36,62261.0,0.1369125639411837
2024-05-13 04:00:00,2024-05-08 04:00:00,2024-05-09 20:00:00,62285.0,62346.36,62346.36,62111.0,0.3775039954217064
2024-05-13 04:00:00,2024-05-08 12:00:00,2024-05-09 20:00:00,62285.0,62346.36,62346.36,62020.09,0.5233184423276741
2024-05-13 04:00:00,2024-05-09 08:00:00,2024-05-09 20:00:00,62285.0,62346.36,62346.36,60888.0,2.3391261334262348
2024-05-13 08:00:00,2024-05-10 16:00:00,2024-05-13 04:00:00,61812.0,62334.36,62334.36,60630.0,2.73422234542875
2024-06-03 08:00:00,2024-05-31 16:00:00,2024-06-03 04:00:00,68793.97,68824.0,68824.0,67124.65,2.4691241427409127
2024-06-10 16:00:00,2024-06-07 16:00:00,2024-06-10 12:00:00,69397.19,69500.0,69500.0,68567.32,1.3419856115107813
2024-06-12 20:00:00,2024-06-11 00:00:00,2024-06-12 12:00:00,67624.89,67736.0,67736.0,68420.0,-1.0098027636707216
2024-06-20 08:00:00,2024-06-18 00:00:00,2024-06-20 04:00:00,65407.4,65559.45,65559.45,65078.0,0.7343716275838146
2024-06-20 08:00:00,2024-06-18 12:00:00,2024-06-20 04:00:00,65407.4,65559.45,65559.45,64569.0,1.5107661824496652
2024-06-20 08:00:00,2024-06-18 16:00:00,2024-06-20 04:00:00,65407.4,65559.45,65559.45,64261.12,1.9803857414911117
2024-06-27 04:00:00,2024-06-24 20:00:00,2024-06-25 12:00:00,60442.71,60624.63,60624.63,59058.0,2.584147730056245
2024-06-30 08:00:00,2024-06-28 20:00:00,2024-06-30 04:00:00,61078.01,61393.07,61393.07,60079.41,2.1397529069649
2024-07-06 16:00:00,2024-07-03 20:00:00,2024-07-06 12:00:00,56876.33,57185.76,57185.76,59600.0,-4.221750309867348
2024-07-06 16:00:00,2024-07-04 12:00:00,2024-07-06 12:00:00,56876.33,57185.76,57185.76,56952.0,0.4087730931616578
2024-07-27 20:00:00,2024-07-25 04:00:00,2024-07-26 12:00:00,66175.49,66870.82,66870.82,63861.0,4.5009467507651415
2024-07-27 20:00:00,2024-07-25 12:00:00,2024-07-26 12:00:00,66175.49,66870.82,66870.82,63800.0,4.592167405753371
2024-08-06 16:00:00,2024-08-03 20:00:00,2024-08-06 12:00:00,56122.0,56234.8,56234.8,59920.0,-6.553237497065869
2024-08-06 16:00:00,2024-08-04 16:00:00,2024-08-06 12:00:00,56122.0,56234.8,56234.8,58960.0,-4.846109526485374
2024-08-06 16:00:00,2024-08-05 04:00:00,2024-08-06 12:00:00,56122.0,56234.8,56234.8,52300.17,6.996788465505353
2024-08-13 20:00:00,2024-08-12 00:00:00,2024-08-13 16:00:00,59776.7,60389.75,60389.75,58286.73,3.4824121643159587
2024-08-13 20:00:00,2024-08-12 04:00:00,2024-08-13 16:00:00,59776.7,60389.75,60389.75,58100.06,3.791520912075315
2024-09-03 00:00:00,2024-08-30 16:00:00,2024-09-02 20:00:00,58666.64,59021.62,59021.62,57860.0,1.9681262561075121
2024-09-03 00:00:00,2024-09-01 12:00:00,2024-09-02 20:00:00,58666.64,59021.62,59021.62,57701.1,2.237349635608111
2024-09-03 00:00:00,2024-09-02 00:00:00,2024-09-02 20:00:00,58666.64,59021.62,59021.62,57201.0,3.084666262972793
2024-09-09 00:00:00,2024-09-06 04:00:00,2024-09-08 20:00:00,54531.1,54688.69,54688.69,55606.0,-1.6773303584342532
2024-09-09 00:00:00,2024-09-06 20:00:00,2024-09-08 20:00:00,54531.1,54688.69,54688.69,53267.54,2.5986177397922705
2024-09-17 16:00:00,2024-09-16 12:00:00,2024-09-17 12:00:00,59300.0,59618.26,59618.26,57632.62,3.330590325849831
2024-09-17 16:00:00,2024-09-16 16:00:00,2024-09-17 12:00:00,59300.0,59618.26,59618.26,57553.38,3.463502624866953
2024-10-06 16:00:00,2024-10-03 12:00:00,2024-10-06 12:00:00,62176.75,62550.0,62550.0,60000.0,4.07673860911271
2024-10-11 16:00:00,2024-10-09 12:00:00,2024-10-11 12:00:00,61263.4,62123.0,62123.0,61798.97,0.5215942565555411
2024-10-24 16:00:00,2024-10-22 00:00:00,2024-10-24 12:00:00,67322.26,67350.01,67350.01,66840.67,0.7562582396053046
2024-10-24 16:00:00,2024-10-23 12:00:00,2024-10-24 12:00:00,67322.26,67350.01,67350.01,66200.0,1.7075127383054507
2024-10-24 16:00:00,2024-10-23 16:00:00,2024-10-24 12:00:00,67322.26,67350.01,67350.01,65923.01,2.1187821649915124
2024-11-06 04:00:00,2024-11-03 12:00:00,2024-11-06 00:00:00,69898.02,72727.0,72727.0,67864.16,6.686430074112773
2024-11-06 04:00:00,2024-11-04 16:00:00,2024-11-06 00:00:00,69898.02,72727.0,72727.0,67478.73,7.216398311493674
2024-11-06 04:00:00,2024-11-04 20:00:00,2024-11-06 00:00:00,69898.02,72727.0,72727.0,67251.5,7.528840733152749
2024-11-27 16:00:00,2024-11-25 12:00:00,2024-11-27 12:00:00,93885.6,95184.79,95184.79,95734.77,-0.5778023988916827
2024-11-27 16:00:00,2024-11-25 16:00:00,2024-11-27 12:00:00,93885.6,95184.79,95184.79,94525.0,0.693167469298397
2024-11-27 16:00:00,2024-11-26 20:00:00,2024-11-27 12:00:00,93885.6,95184.79,95184.79,91466.52,3.9063699147731374
2024-12-04 20:00:00,2024-12-02 12:00:00,2024-12-04 16:00:00,96560.0,97128.52,97128.52,94820.41,2.3763463089934866
2024-12-04 20:00:00,2024-12-02 16:00:00,2024-12-04 16:00:00,96560.0,97128.52,97128.52,94766.0,2.4323648707918166
2024-12-04 20:00:00,2024-12-03 12:00:00,2024-12-04 16:00:00,96560.0,97128.52,97128.52,94395.0,2.8143330095012296
2024-12-09 00:00:00,2024-12-05 20:00:00,2024-12-08 20:00:00,98705.23,98762.6,98762.6,93578.17,5.249385901140722
2024-12-11 12:00:00,2024-12-09 20:00:00,2024-12-11 08:00:00,97790.36,98072.33,98072.33,97000.0,1.0934072841952482
2024-12-31 16:00:00,2024-12-29 16:00:00,2024-12-31 12:00:00,93040.1,94232.67,94232.67,93500.01,0.777501051386959
2024-12-31 16:00:00,2024-12-29 20:00:00,2024-12-31 12:00:00,93040.1,94232.67,94232.67,93367.52,0.918099847961428
2025-01-10 12:00:00,2025-01-07 12:00:00,2025-01-10 08:00:00,93727.83,94388.5,94388.5,97276.79,-3.06000201295708
2025-01-10 12:00:00,2025-01-07 20:00:00,2025-01-10 08:00:00,93727.83,94388.5,94388.5,96323.67,-2.050217982063491
2025-01-10 12:00:00,2025-01-09 12:00:00,2025-01-10 08:00:00,93727.83,94388.5,94388.5,92500.9,1.9998198933132805
2025-01-10 12:00:00,2025-01-09 20:00:00,2025-01-10 08:00:00,93727.83,94388.5,94388.5,91800.0,2.74238916817197
2025-01-14 12:00:00,2025-01-13 12:00:00,2025-01-14 08:00:00,95464.71,95748.93,95748.93,90833.12,5.134062594746488
2025-02-03 20:00:00,2025-02-02 04:00:00,2025-02-03 16:00:00,99500.0,100918.0,100918.0,99148.91,1.7529974831050918
2025-02-03 20:00:00,2025-02-02 12:00:00,2025-02-03 16:00:00,99500.0,100918.0,100918.0,98645.0,2.2523236687211403
2025-02-03 20:00:00,2025-02-02 16:00:00,2025-02-03 16:00:00,99500.0,100918.0,100918.0,98157.0,2.7358845795596425
2025-02-03 20:00:00,2025-02-02 20:00:00,2025-02-03 16:00:00,99500.0,100918.0,100918.0,96821.54,4.059196575437491
2025-02-10 08:00:00,2025-02-07 20:00:00,2025-02-10 04:00:00,97131.47,97358.79,97358.79,95676.64,1.7277844147405637
2025-02-10 08:00:00,2025-02-09 20:00:00,2025-02-10 04:00:00,97131.47,97358.79,97358.79,95620.34,1.7856117562677156
2025-03-02 16:00:00,2025-02-28 08:00:00,2025-03-02 12:00:00,86263.23,87278.51,87278.51,78820.06,9.691331806649767
2025-03-05 12:00:00,2025-03-04 00:00:00,2025-03-05 08:00:00,87727.27,87926.06,87926.06,83196.71,5.378780761926545
2025-03-05 12:00:00,2025-03-04 12:00:00,2025-03-05 08:00:00,87727.27,87926.06,87926.06,82464.84,6.211150596307854
2025-04-01 16:00:00,2025-03-29 16:00:00,2025-04-01 12:00:00,84504.74,84720.0,84720.0,82007.0,3.202313503305005
2025-04-01 16:00:00,2025-03-30 20:00:00,2025-04-01 12:00:00,84504.74,84720.0,84720.0,81644.81,3.629827667610956
2025-05-07 00:00:00,2025-05-06 12:00:00,2025-05-06 20:00:00,95157.0,96208.1,96208.1,93514.1,2.8001800264218915
2025-05-20 20:00:00,2025-05-19 04:00:00,2025-05-20 16:00:00,105391.27,105935.83,105935.83,102612.5,3.137116120202203
2025-05-26 04:00:00,2025-05-25 08:00:00,2025-05-26 00:00:00,109299.99,109365.29,109365.29,106800.0,2.345616237107764
2025-05-26 04:00:00,2025-05-25 12:00:00,2025-05-26 00:00:00,109299.99,109365.29,109365.29,106708.98,2.428841911359626
2025-06-01 20:00:00,2025-05-29 12:00:00,2025-06-01 16:00:00,104809.53,104893.72,104893.72,106769.43,-1.7882004756814724
2025-06-01 20:00:00,2025-05-30 00:00:00,2025-06-01 16:00:00,104809.53,104893.72,104893.72,105322.86,-0.40911886812670906
2025-06-01 20:00:00,2025-05-30 16:00:00,2025-06-01 16:00:00,104809.53,104893.72,104893.72,104600.5,0.27954009067463825
2025-06-01 20:00:00,2025-05-30 20:00:00,2025-06-01 16:00:00,104809.53,104893.72,104893.72,103706.71,1.1316311405487331
2025-06-01 20:00:00,2025-05-31 00:00:00,2025-06-01 16:00:00,104809.53,104893.72,104893.72,103621.0,1.2133424193555165
2025-06-20 08:00:00,2025-06-17 16:00:00,2025-06-20 04:00:00,104820.0,105757.48,105757.48,104130.95,1.537981048716364
2025-06-24 00:00:00,2025-06-22 20:00:00,2025-06-23 20:00:00,103300.0,104720.82,104720.82,98673.66,5.7745537133876566
2025-07-02 16:00:00,2025-07-01 04:00:00,2025-07-02 12:00:00,107860.23,108650.97,108650.97,106733.33,1.764954330366309
2025-07-02 16:00:00,2025-07-01 20:00:00,2025-07-02 12:00:00,107860.23,108650.97,108650.97,105387.68,3.0034614509194055
2025-07-02 16:00:00,2025-07-02 00:00:00,2025-07-02 12:00:00,107860.23,108650.97,108650.97,105250.85,3.129396819927144
2025-08-05 16:00:00,2025-08-01 00:00:00,2025-08-03 16:00:00,113058.82,113341.06,113341.06,115500.0,-1.904817195110053
2025-08-05 16:00:00,2025-08-01 08:00:00,2025-08-03 16:00:00,113058.82,113341.06,113341.06,114313.13,-0.8576503519554228
2025-08-05 16:00:00,2025-08-01 12:00:00,2025-08-03 16:00:00,113058.82,113341.06,113341.06,114116.0,-0.6837239743478686
2025-08-05 16:00:00,2025-08-01 20:00:00,2025-08-03 16:00:00,113058.82,113341.06,113341.06,113221.93,0.1051075400212462
2025-08-17 08:00:00,2025-08-14 12:00:00,2025-08-17 04:00:00,117771.37,117922.0,117922.0,118050.11,-0.10863960923322244
2025-08-17 08:00:00,2025-08-14 16:00:00,2025-08-17 04:00:00,117771.37,117922.0,117922.0,117632.0,0.24592527263784533
2025-08-17 08:00:00,2025-08-15 12:00:00,2025-08-17 04:00:00,117771.37,117922.0,117922.0,117180.0,0.6292294906802801
2025-08-17 08:00:00,2025-08-15 16:00:00,2025-08-17 04:00:00,117771.37,117922.0,117922.0,116827.29,0.9283339834806112
2025-08-22 16:00:00,2025-08-19 04:00:00,2025-08-22 12:00:00,113319.3,116116.0,116116.0,114640.14,1.2710220813669095
2025-08-22 16:00:00,2025-08-19 20:00:00,2025-08-22 12:00:00,113319.3,116116.0,116116.0,112767.06,2.8841331082710413
2025-08-22 16:00:00,2025-08-20 00:00:00,2025-08-22 12:00:00,113319.3,116116.0,116116.0,112732.58,2.9138275517585845
2025-08-22 16:00:00,2025-08-20 12:00:00,2025-08-22 12:00:00,113319.3,116116.0,116116.0,112566.01,3.057278927968588
2025-08-28 08:00:00,2025-08-25 12:00:00,2025-08-28 04:00:00,112042.04,112826.22,112826.22,110680.0,1.902235136478029
2025-08-28 08:00:00,2025-08-26 00:00:00,2025-08-28 04:00:00,112042.04,112826.22,112826.22,109274.1,3.148310738408142
2025-09-02 04:00:00,2025-08-29 16:00:00,2025-09-02 00:00:00,109442.95,110000.0,110000.0,108103.0,1.7245454545454546
2025-09-02 04:00:00,2025-08-29 20:00:00,2025-09-02 00:00:00,109442.95,110000.0,110000.0,107934.24,1.8779636363636314
2025-09-02 04:00:00,2025-08-30 00:00:00,2025-09-02 00:00:00,109442.95,110000.0,110000.0,107463.9,2.30554545454546
2025-09-02 04:00:00,2025-09-01 04:00:00,2025-09-02 00:00:00,109442.95,110000.0,110000.0,107350.1,2.408999999999995
2025-09-16 20:00:00,2025-09-15 08:00:00,2025-09-16 16:00:00,115905.89,116584.45,116584.45,114740.99,1.5812228817822547
2025-09-16 20:00:00,2025-09-15 12:00:00,2025-09-16 16:00:00,115905.89,116584.45,116584.45,114625.87,1.679966753713726
2025-09-24 16:00:00,2025-09-23 00:00:00,2025-09-24 12:00:00,113162.17,113163.21,113163.21,111800.0,1.204640624810843
2025-09-24 16:00:00,2025-09-23 20:00:00,2025-09-24 12:00:00,113162.17,113163.21,113163.21,111478.0,1.489185398682139
2025-09-24 16:00:00,2025-09-24 04:00:00,2025-09-24 12:00:00,113162.17,113163.21,113163.21,111458.73,1.5062139011433224
2025-09-28 16:00:00,2025-09-25 12:00:00,2025-09-28 12:00:00,109585.39,110008.54,110008.54,111042.66,-0.9400361099238386
2025-09-28 16:00:00,2025-09-26 08:00:00,2025-09-28 12:00:00,109585.39,110008.54,110008.54,108631.51,1.2517482733613217
2025-10-12 20:00:00,2025-10-09 16:00:00,2025-10-12 16:00:00,113745.84,114217.75,114217.75,120574.94,-5.565851192130823
2025-10-19 12:00:00,2025-10-16 08:00:00,2025-10-19 08:00:00,107290.0,107355.02,107355.02,109866.0,-2.3389497761725497
2025-10-19 12:00:00,2025-10-16 20:00:00,2025-10-19 08:00:00,107290.0,107355.02,107355.02,107577.57,-0.20730283502346036
2025-10-19 12:00:00,2025-10-17 08:00:00,2025-10-19 08:00:00,107290.0,107355.02,107355.02,105542.09,1.688724011229291
2025-10-23 08:00:00,2025-10-22 20:00:00,2025-10-23 04:00:00,108720.39,109100.4,109100.4,106708.18,2.1926775703847112
2025-11-02 08:00:00,2025-10-30 04:00:00,2025-11-02 04:00:00,110263.91,110346.15,110346.15,109200.0,1.0386859894975893
2025-11-07 20:00:00,2025-11-04 08:00:00,2025-11-07 16:00:00,101253.99,102958.0,102958.0,104200.0,-1.2063171390275647
2025-11-07 20:00:00,2025-11-04 20:00:00,2025-11-07 16:00:00,101253.99,102958.0,102958.0,100010.73,2.8625944559917675
2025-11-20 04:00:00,2025-11-16 16:00:00,2025-11-20 00:00:00,91594.0,91687.07,91687.07,94012.45,-2.5362136667689237
2025-11-20 04:00:00,2025-11-16 20:00:00,2025-11-20 00:00:00,91594.0,91687.07,91687.07,93770.48,-2.272305135282422
2025-11-20 04:00:00,2025-11-17 20:00:00,2025-11-20 00:00:00,91594.0,91687.07,91687.07,91588.0,0.10805231315605023
2025-11-20 04:00:00,2025-11-18 04:00:00,2025-11-20 00:00:00,91594.0,91687.07,91687.07,89700.0,2.1672303412029708
2025-11-20 04:00:00,2025-11-19 20:00:00,2025-11-20 00:00:00,91594.0,91687.07,91687.07,88630.71,3.3334689395135
2025-11-23 04:00:00,2025-11-21 08:00:00,2025-11-23 00:00:00,85260.0,85420.0,85420.0,82000.0,4.003746195270429
2025-11-23 04:00:00,2025-11-21 12:00:00,2025-11-23 00:00:00,85260.0,85420.0,85420.0,81648.0,4.41582767501756
2025-12-05 12:00:00,2025-12-01 04:00:00,2025-12-02 16:00:00,87628.78,90201.0,90201.0,86161.61,4.478209775944833
2025-12-09 16:00:00,2025-12-07 12:00:00,2025-12-09 12:00:00,90600.0,92693.5,92693.5,88056.0,5.003047678639818
2025-12-21 12:00:00,2025-12-18 20:00:00,2025-12-21 08:00:00,87568.99,87742.6,87742.6,84481.31,3.7168832471342403
2025-12-25 16:00:00,2025-12-23 12:00:00,2025-12-25 12:00:00,87888.0,87993.21,87993.21,87051.52,1.0701848472171913
2025-12-25 16:00:00,2025-12-24 12:00:00,2025-12-25 12:00:00,87888.0,87993.21,87993.21,86601.9,1.5811560914757086
2026-01-28 00:00:00,2026-01-25 08:00:00,2026-01-27 20:00:00,88819.89,88985.0,88985.0,88515.37,0.5277631061414897
2026-01-28 00:00:00,2026-01-25 20:00:00,2026-01-27 20:00:00,88819.89,88985.0,88985.0,86194.85,3.1355284598527775
2026-02-13 16:00:00,2026-02-11 08:00:00,2026-02-13 12:00:00,67226.66,68540.83,68540.83,66557.99,2.8929325775599692
2026-02-13 16:00:00,2026-02-11 12:00:00,2026-02-13 12:00:00,67226.66,68540.83,68540.83,66369.49,3.1679511321937546
2026-02-13 16:00:00,2026-02-12 16:00:00,2026-02-13 12:00:00,67226.66,68540.83,68540.83,65756.0,4.063023456237693
2026-02-20 12:00:00,2026-02-17 12:00:00,2026-02-20 00:00:00,66550.0,66679.76,66679.76,67294.11,-0.921344048028976
2026-02-25 16:00:00,2026-02-23 16:00:00,2026-02-25 12:00:00,65692.62,67404.0,67404.0,64290.71,4.618850513322652
2026-02-25 16:00:00,2026-02-23 20:00:00,2026-02-25 12:00:00,65692.62,67404.0,67404.0,64048.71,4.977879651059285
2026-02-25 16:00:00,2026-02-24 12:00:00,2026-02-25 12:00:00,65692.62,67404.0,67404.0,62700.8,6.977627440507978
2026-03-02 16:00:00,2026-02-28 04:00:00,2026-03-02 12:00:00,66720.84,68576.18,68576.18,63820.5,6.934886136848091
2026-03-10 04:00:00,2026-03-08 00:00:00,2026-03-10 00:00:00,69145.28,69429.85,69429.85,66915.26,3.6217707513411175
2026-03-10 04:00:00,2026-03-08 04:00:00,2026-03-10 00:00:00,69145.28,69429.85,69429.85,66833.58,3.739414675388185
2026-03-26 04:00:00,2026-03-22 00:00:00,2026-03-25 08:00:00,70001.92,70408.0,70408.0,68571.42,2.6084819906828796
2026-03-30 04:00:00,2026-03-27 16:00:00,2026-03-30 00:00:00,66793.83,67167.92,67167.92,65730.17,2.1405307771924456
2026-03-30 04:00:00,2026-03-29 20:00:00,2026-03-30 00:00:00,66793.83,67167.92,67167.92,65548.25,2.411374358473507
2026-04-04 16:00:00,2026-04-02 12:00:00,2026-04-04 12:00:00,67232.72,67265.0,67265.0,65998.05,1.883520404370768
2026-04-13 20:00:00,2026-04-12 20:00:00,2026-04-13 16:00:00,72464.28,73007.08,73007.08,70522.77,3.402834355243351
2026-04-22 04:00:00,2026-04-20 00:00:00,2026-04-22 00:00:00,76425.37,77364.25,77364.25,73762.9,4.6550570838598
2026-05-01 00:00:00,2026-04-27 16:00:00,2026-04-29 08:00:00,76481.3,76880.0,76880.0,76564.33,0.4106009365244514
2026-05-01 00:00:00,2026-04-28 04:00:00,2026-04-29 08:00:00,76481.3,76880.0,76880.0,76459.64,0.5467741935483879
2026-05-09 20:00:00,2026-05-08 00:00:00,2026-05-09 16:00:00,80600.0,80621.88,80621.88,79500.0,1.3915329188552843
2026-05-14 20:00:00,2026-05-12 16:00:00,2026-05-14 16:00:00,79936.98,81080.25,81080.25,80166.26,1.1272658878086899
2026-05-14 20:00:00,2026-05-13 16:00:00,2026-05-14 16:00:00,79936.98,81080.25,81080.25,78807.22,2.8034324018487844
2026-05-20 16:00:00,2026-05-18 00:00:00,2026-05-20 12:00:00,76922.46,77210.33,77210.33,76735.16,0.6154228326701858
2026-05-20 16:00:00,2026-05-18 04:00:00,2026-05-20 12:00:00,76922.46,77210.33,77210.33,76707.61,0.6511045866531087
2026-05-26 08:00:00,2026-05-23 00:00:00,2026-05-25 12:00:00,76799.99,76914.25,76914.25,75359.18,2.02182300418974
