symbol,signal_time,entry_time,exit_time,entry_price,stop_price,atr14,atr_multiple,atr_risk_pct,exit_price,exit_reason,initial_quantity,initial_notional,nominal_pct_of_entry_equity,risk_budget,nominal_risk,entry_equity,entry_fee,total_fees,funding_cost,gross_pnl,net_pnl,net_return_on_entry_equity,expectancy_r,holding_bars,holding_hours
BTC,2019-07-22 16:00:00,2019-07-22 20:00:00,2019-07-26 16:00:00,10173.91375,9235.81375,268.0285714285713,3.5,0.09220640385318772,9829.161,TIME_T24,1.0659844366272258,10845.233717087734,0.10845233717087735,1000.0,938.0999999999996,100000.0,5.422616858543868,10.661483184095516,12.689572540240919,-367.5010659844364,-390.85212170877287,-0.003908521217087729,-0.39085212170877287,24,96
ETH,2019-07-22 16:00:00,2019-07-22 20:00:00,2019-07-26 16:00:00,213.74352999999996,191.81102999999996,6.266428571428569,3.5,0.10261129307633308,219.29048999999998,TIME_T24,45.594437478627626,9745.516015046167,0.09745516015046167,1000.0,21.93249999999999,100000.0,4.872758007523084,9.871971275504391,11.783152855351652,252.9105209164489,231.25539678559284,0.0023125539678559284,0.23125539678559284,24,96
BTC,2019-08-13 16:00:00,2019-08-13 20:00:00,2019-08-14 16:00:00,10947.216279999999,10387.858779999999,159.81642857142847,3.5,0.051095866354802635,10127.632230000001,STOP_CLOSE,1.7849122122270085,19539.82002806232,0.19571054790540945,998.4040327507682,559.3574999999996,99840.40327507682,9.76991001403116,18.808377238166585,5.716607953675717,-1462.8855797914669,-1487.410564983309,-0.014897882181878283,-1.4897882181878281,6,24
BTC,2019-08-16 04:00:00,2019-08-16 08:00:00,2019-08-20 04:00:00,9947.507569999998,8945.662569999997,286.2414285714286,3.5,0.10071316789156265,10797.93126,TIME_T24,0.9817186561802822,9765.653763963583,0.09929188217738269,983.5299271009351,1001.8450000000003,98352.9927100935,4.882826881981791,10.183092165028922,11.268679192775807,834.8768021306784,813.4250307728736,0.008270465477044865,0.8270465477044865,24,96
BTC,2019-08-21 16:00:00,2019-08-21 20:00:00,2019-08-25 16:00:00,10117.247139999998,9295.522139999997,234.7785714285714,3.5,0.08122021619410595,10051.16877,TIME_T24,1.206807846187792,12209.573230372996,0.12312205591895097,991.6641774086632,821.7249999999999,99166.41774086634,6.104786615186498,12.169701282683349,14.712282549848144,-79.74389537929693,-106.62587921182842,-0.0010752216490309708,-0.10752216490309709,24,96
BTC,2019-10-30 08:00:00,2019-10-30 12:00:00,2019-11-03 08:00:00,9105.326229999999,8330.628729999999,221.34214285714305,3.5,0.08508179503196128,9147.36348,TIME_T24,1.2786899642977347,11642.889271957925,0.11753395654432848,990.5979186165453,774.6975000000007,99059.7918616545,5.8214446359789624,11.669765576808764,14.088387370648546,53.75260970167651,27.9944567542192,0.0002826016108868456,0.028260161088684555,24,96
BTC,2019-11-07 20:00:00,2019-11-08 00:00:00,2019-11-08 12:00:00,9223.213999999998,8845.271499999999,107.98357142857132,3.5,0.04097731007867753,8812.31886,STOP_CLOSE,2.6217688224639684,24181.13490811318,0.24403749247570744,990.8778631840875,377.94249999999965,99087.78631840875,12.090567454056592,23.6424988744362,2.3974555255515964,-1077.272067353964,-1103.3120217539517,-0.011134692405061592,-1.1134692405061593,4,16
BTC,2019-11-11 08:00:00,2019-11-11 12:00:00,2019-11-15 08:00:00,8734.89617,8301.80367,123.74071428571435,3.5,0.04958187156104458,8621.90946,TIME_T24,2.2624375692641814,19762.157258629806,0.20168661821666262,979.844742966548,433.0925000000002,97984.4742966548,9.881078629314903,19.63434456986403,23.655918265284836,-255.62537753155522,-298.91564036670405,-0.0030506428953398904,-0.305064289533989,24,96
BTC,2020-01-19 08:00:00,2020-01-19 12:00:00,2020-01-23 08:00:00,8689.841159999998,8079.976159999998,174.24714285714293,3.5,0.07018137486876692,8414.577,TIME_T24,1.601757088147181,13919.014672903118,0.14248794667672346,976.855586562881,609.8650000000002,97685.55865628809,6.959507336451559,13.69856151320668,16.656884993335257,-440.90631939287783,-471.2617658994198,-0.004824272619022222,-0.4824272619022221,24,96
BTC,2020-01-23 16:00:00,2020-01-23 20:00:00,2020-01-27 16:00:00,8378.2699,7960.337399999999,119.40928571428569,3.5,0.049882911984012346,8923.187880000001,TIME_T24,2.3260765049472996,19488.49676649716,0.20046945140662673,972.142968903887,417.9324999999999,97214.2968903887,9.74424838324858,20.122257221697836,23.62776409611756,1267.520910401347,1223.7708890835318,0.012588383892375017,1.2588383892375017,24,96
BTC,2020-02-02 04:00:00,2020-02-02 08:00:00,2020-02-06 04:00:00,9379.900529999999,8942.69803,124.91500000000009,3.5,0.046610568907600174,9619.171199999999,TIME_T24,2.2515440277553798,21119.25901926102,0.2145436160589199,984.3806777947221,437.2025000000003,98438.06777947221,10.55962950963051,21.388623243288784,23.137138866041642,538.728448055528,494.2026859461976,0.005020442772742602,0.5020442772742602,24,96
ETH,2020-02-16 12:00:00,2020-02-16 16:00:00,2020-02-20 16:00:00,259.09883999999994,224.10633999999993,9.997857142857145,3.5,0.13505463783627905,255.744,TIME_T24,28.27242136612656,7325.351579954606,0.07404410659427017,989.3227046541839,34.99250000000001,98932.27046541839,3.662675789977303,7.277926854906639,9.017601884411532,-94.84945009593432,-111.14497883525249,-0.0011234451439594024,-0.11234451439594023,24,96
BTC,2020-02-17 12:00:00,2020-02-17 16:00:00,2020-02-21 16:00:00,9644.90527,8944.99027,199.97571428571413,3.5,0.07256836437544395,9672.15816,TIME_T24,1.4123568175032069,13622.047712257106,0.13780109398998458,988.5297219227564,699.9149999999995,98852.97219227563,6.811023856128553,13.641293114751189,16.591034627191952,38.49080498816719,8.25847724622405,8.354303429704431e-05,0.00835430342970443,24,96
BTC,2020-02-24 16:00:00,2020-02-24 20:00:00,2020-02-26 00:00:00,9610.741139999998,9111.053639999998,142.76785714285728,3.5,0.05199260834529152,9160.959869999999,STOP_CLOSE,1.9778238191635622,19008.352746507164,0.19233503219512174,988.2938396382934,499.68750000000045,98829.38396382934,9.504176373253582,18.56355869189735,7.4934305492604665,-889.5881092196363,-915.6450984607941,-0.009264907477273276,-0.9264907477273276,8,32
ETH,2020-02-25 04:00:00,2020-02-25 08:00:00,2020-02-26 12:00:00,257.88762999999994,233.29762999999994,7.025714285714285,3.5,0.09535160720969828,226.12365,STOP_CLOSE,40.112540006884174,10344.527875655542,0.10487500203334689,986.3673587692817,24.589999999999996,98636.73587692817,5.172263937827771,9.707460916391609,2.9554518351672194,-1274.1339185278666,-1286.7968312794255,-0.013045817259048374,-1.3045817259048373,8,32
BTC,2020-02-26 08:00:00,2020-02-26 12:00:00,2020-02-27 00:00:00,9167.51836,8591.920859999998,164.4564285714288,3.5,0.06278662091493219,8730.94032,STOP_CLOSE,1.6854347387047734,15451.253911657814,0.15926960002432236,970.1320220116221,575.5975000000008,97013.2022011622,7.725626955828907,15.083342014271992,2.996997916496361,-735.8237947716427,-753.9041347024112,-0.007771149880602328,-0.7771149880602327,4,16
ETH,2020-02-26 16:00:00,2020-02-26 20:00:00,2020-03-01 16:00:00,229.99976999999998,195.36476999999996,9.895714285714291,3.5,0.15058710710884635,216.12366,TIME_T24,27.73228135091255,6378.418332285176,0.06640674750974444,960.5075645888568,34.63500000000002,96050.75645888568,3.189209166142588,6.186010238997071,7.479285351215712,-384.81618657621067,-398.48148216642346,-0.004148655324094117,-0.4148655324094117,24,96
ETH,2020-04-20 20:00:00,2020-04-21 00:00:00,2020-04-24 20:00:00,170.38020999999998,147.35270999999997,6.5792857142857155,3.5,0.13515360733503032,187.40241,TIME_T24,41.46110364443394,7064.151545770419,0.07398988600586254,954.7455641722028,23.027500000000003,95474.55641722027,3.5320757728852095,7.417031144998562,8.235004405857469,705.7591984562845,690.1071629054285,0.007228178781891227,0.7228178781891227,24,96
ETH,2020-05-04 00:00:00,2020-05-04 04:00:00,2020-05-08 00:00:00,203.80359999999996,187.98359999999997,4.5200000000000005,3.5,0.07762375149408551,212.66711999999998,TIME_T24,60.78676585342963,12388.561713286028,0.12882654867256635,961.6466358012568,15.820000000000002,96164.66358012568,6.194280856643014,12.657954070724625,14.994393106597194,538.784714877192,511.13236769987014,0.005315178659924161,0.531517865992416,24,96
BTC,2020-05-04 04:00:00,2020-05-04 08:00:00,2020-05-08 04:00:00,8657.06842,8000.27842,187.6542857142857,3.5,0.07586748401833701,9800.32986,TIME_T24,1.4599176261486193,12638.606777132578,0.1318087732760852,958.8592976781516,656.79,95885.92976781516,6.319303388566289,13.473140540908604,14.722364110780616,1669.0675275520525,1640.8720229003634,0.01711275081624264,1.7112750816242641,24,96
ETH,2020-05-11 16:00:00,2020-05-11 20:00:00,2020-05-15 16:00:00,187.4873,160.4148,7.734999999999998,3.5,0.1443964471193515,194.56524,TIME_T24,36.31606536918496,6808.801042691992,0.06925378151260506,983.1666797072595,27.07249999999999,98316.66797072596,3.404400521345996,6.937322508551576,8.52261790477496,257.04293171916845,241.58299130584192,0.0024571926235109377,0.24571926235109381,24,96
BTC,2020-05-21 08:00:00,2020-05-21 12:00:00,2020-05-24 20:00:00,9399.359969999998,8721.864969999999,193.5699999999997,3.5,0.07207884389600616,8711.61966,STOP_CLOSE,1.4547450676688678,13673.672555601694,0.13873696440564157,985.5825096203181,677.494999999999,98558.2509620318,6.836836277800847,13.173429143696918,13.321013299939764,-1000.4868238095544,-1026.981266253191,-0.010420043540026104,-1.0420043540026103,21,84
ETH,2020-05-21 16:00:00,2020-05-21 20:00:00,2020-05-25 16:00:00,198.80861,183.02361,4.509999999999999,3.5,0.07939796973581777,204.47532,TIME_T24,62.125348546004254,12351.054190196626,0.12594780487804882,980.6486267986769,15.784999999999997,98064.86267986769,6.175527095098313,12.527077357126192,15.267490781226185,352.0463338591292,324.25176572077686,0.003306503031358901,0.33065030313589006,24,96
BTC,2020-05-25 00:00:00,2020-05-25 04:00:00,2020-05-29 00:00:00,8795.356569999998,8253.356569999998,154.85714285714286,3.5,0.06162342546164676,9511.73874,TIME_T24,1.8031457785349139,15859.310069904815,0.1622759514760147,977.3050119659233,542.0,97730.50119659233,7.9296550349524075,16.50518081273141,19.563414045083956,1291.7414856531857,1255.6728907953704,0.012848321408579385,1.2848321408579384,24,96
ETH,2020-05-26 16:00:00,2020-05-26 20:00:00,2020-05-30 16:00:00,199.49929999999998,185.96429999999998,3.8671428571428583,3.5,0.06784484958092588,236.88288,TIME_T24,72.29256657359565,14422.316426635729,0.1473951237532323,978.4798885736174,13.535000000000004,97847.98885736174,7.211158213317865,15.773593899590399,18.703388238787518,2702.5549459093404,2668.0779637709625,0.02726758101957888,2.7267581019578877,24,96
BTC,2020-06-02 12:00:00,2020-06-02 16:00:00,2020-06-06 12:00:00,9477.548079999999,8707.688079999998,219.96000000000004,3.5,0.08122987016279005,9642.01833,TIME_T24,1.3220491039418298,12529.783946729609,0.12310742316784869,1017.7927231606573,769.8600000000001,101779.27231606572,6.264891973364804,12.638502820048405,14.044871944819578,217.43774663759154,190.75437187272354,0.0018741966564700346,0.18741966564700346,24,96
BTC,2020-06-15 04:00:00,2020-06-15 08:00:00,2020-06-19 04:00:00,9132.423299999999,8715.1358,119.22499999999971,3.5,0.04569296519577658,9290.22048,TIME_T24,2.4436396174804824,22316.351379481843,0.21885206961627227,1019.7002668793843,417.287499999999,101970.02668793843,11.158175689740922,22.509151099769195,25.364434297812707,385.5994405747022,337.7258551771203,0.0033120110501752803,0.33120110501752803,24,96
ETH,2020-06-15 04:00:00,2020-06-15 08:00:00,2020-06-19 04:00:00,224.81458999999998,211.85208999999998,3.703571428571426,3.5,0.05765862438020589,228.14163,TIME_T24,78.66540149503453,17685.129984291572,0.17343459209257484,1019.7002668793845,12.962499999999991,101970.02668793843,8.842564992145787,17.815991452986594,20.097122112345442,261.72293739004056,223.80982382470853,0.0021948589315332794,0.21948589315332792,24,96
BTC,2020-08-02 04:00:00,2020-08-02 08:00:00,2020-08-06 04:00:00,11337.27595,10218.35095,319.69285714285695,3.5,0.0986943428857793,11616.88149,TIME_T24,0.9163399009490393,10388.798321054925,0.10132293004446238,1025.315623669403,1118.9249999999993,102531.5623669403,5.194399160527462,10.516905177469127,11.39320311400167,256.21371282840306,234.30360453693226,0.0022851851578970946,0.22851851578970944,24,96
ETH,2020-08-07 12:00:00,2020-08-07 16:00:00,2020-08-11 12:00:00,385.85546999999997,357.16047,8.19857142857143,3.5,0.07436722356171344,381.89772,TIME_T24,35.81316116796557,13818.704134651101,0.13446784108729737,1027.6586597147723,28.695000000000007,102765.86597147724,6.909352067325551,13.747834365344843,15.38952417761466,-141.73953861251485,-170.87689715547435,-0.0016627787401986317,-0.1662778740198632,24,96
BTC,2020-08-11 12:00:00,2020-08-11 16:00:00,2020-08-15 12:00:00,11492.260779999999,10776.72078,204.44,3.5,0.06226277089406598,11840.13801,TIME_T24,1.4338120730402462,16477.742252890916,0.160609620426531,1025.9498907432178,715.54,102594.98907432177,8.238871126445458,16.727137539045817,18.333789355887003,498.7905723098012,463.72964541486834,0.004520002873424293,0.45200028734242925,24,96
ETH,2020-08-11 16:00:00,2020-08-11 20:00:00,2020-08-15 16:00:00,380.91052999999994,353.9305299999999,7.708571428571438,3.5,0.07083028132616874,431.4681,TIME_T24,37.96734533603307,14462.161634641383,0.14118255374351354,1024.3589771661734,26.980000000000032,102435.89771661734,7.2310808173206915,15.421929994411716,18.62867798912463,1919.5367195406675,1885.4861115571312,0.018406497659377314,1.8406497659377314,24,96
BTC,2020-08-19 04:00:00,2020-08-19 08:00:00,2020-08-23 04:00:00,11835.16334,11075.52334,217.0400000000001,3.5,0.06418500346612034,11604.84354,TIME_T24,1.3814991947671755,16350.268624147995,0.1557996332473276,1049.4420483129377,759.6400000000003,104944.20483129377,8.175134312073999,16.191175315028527,17.79482173545301,-318.186618238936,-352.17261528941754,-0.003355808125427824,-0.3355808125427824,24,96
ETH,2020-08-19 04:00:00,2020-08-19 08:00:00,2020-08-23 04:00:00,413.78336999999993,378.1383699999999,10.184285714285718,3.5,0.0861441096581528,390.53907,TIME_T24,29.441493850832863,12182.400543431897,0.11608454762238737,1049.4420483129377,35.64500000000001,104944.20483129377,6.091200271715949,11.84022708567344,13.055123852299413,-684.346915516913,-709.2422664548858,-0.006758279483798554,-0.6758279483798554,24,96
BTC,2020-08-25 12:00:00,2020-08-25 16:00:00,2020-08-29 12:00:00,11430.839419999998,11012.38192,119.55928571428532,3.5,0.036607766466200495,11489.48901,TIME_T24,2.4825171002921405,28377.254330843487,0.2731660782755725,1038.8278994954949,418.4574999999986,103882.78994954948,14.188627165421744,28.45005363589355,31.194733938303767,145.59861010012514,85.95382252592782,0.0008274115719039811,0.0827411571903981,24,96
ETH,2020-08-25 12:00:00,2020-08-25 16:00:00,2020-08-29 12:00:00,385.94555999999994,355.58555999999993,8.674285714285721,3.5,0.07866394421016278,402.06753000000003,TIME_T24,34.21699273700573,13205.896423399608,0.12712304347826076,1038.8278994954949,30.360000000000024,103882.78994954948,6.602948211699804,13.481719088597721,14.627285357171633,551.6453303962273,523.5363259504579,0.005039682956192383,0.5039682956192383,24,96
ETH,2020-10-06 08:00:00,2020-10-06 12:00:00,2020-10-10 08:00:00,346.46612,330.21112,4.644285714285709,3.5,0.046916564309376,371.55807,TIME_T24,64.28316216427314,22271.937776386516,0.2131443371270381,1044.9228009802587,16.25499999999998,104492.28009802586,11.135968888193258,23.078432721820434,27.048040444888223,1612.989890867833,1562.8634177011243,0.014956735715164579,1.4956735715164577,24,96
BTC,2020-10-16 04:00:00,2020-10-16 08:00:00,2020-10-20 04:00:00,11317.17587,10843.57587,135.31428571428555,3.5,0.041847896104136396,11723.72454,TIME_T24,2.239340023558428,25343.00487934067,0.23896063914695978,1060.5514351572701,473.5999999999994,106055.143515727,12.671502439670336,25.798205233468394,28.240923898241718,910.4007082554479,856.3615791237378,0.008074682195840385,0.8074682195840385,24,96
ETH,2020-10-16 08:00:00,2020-10-16 12:00:00,2020-10-20 08:00:00,370.30994,346.69244000000003,6.747857142857129,3.5,0.06377765608992281,367.62201,TIME_T24,44.94935047468572,16645.191277319842,0.15679472425108532,1061.5912848358878,23.61749999999995,106159.1284835888,8.322595638659921,16.58478092350913,20.125846928288162,-120.82070762142175,-157.53133547321903,-0.0014839170001058543,-0.14839170001058544,24,96
ETH,2020-10-26 08:00:00,2020-10-26 12:00:00,2020-10-26 16:00:00,405.51511,384.74260999999996,5.93500000000001,3.5,0.05122497161696401,391.16844,STOP_CLOSE,51.39197196263202,20840.22116354364,0.19521728727885393,1067.5397375937755,20.772500000000036,106753.97375937755,10.42011058177182,20.471569332345073,2.022890800393122,-737.3036623971349,-759.7981225298731,-0.007117281875075217,-0.7117281875075216,2,8
ETH,2020-10-26 16:00:00,2020-10-26 20:00:00,2020-10-30 16:00:00,391.89149999999995,366.4789999999999,7.260714285714292,3.5,0.06484575450092699,382.79682,TIME_T24,41.709464097136284,16345.584449222883,0.1542121003443186,1059.9417563684767,25.412500000000023,105994.17563684768,8.172792224611442,16.155917334755415,19.581550657003056,-379.3342289349403,-415.0716969266988,-0.003915985896704345,-0.39159858967043454,24,96
ETH,2020-11-03 04:00:00,2020-11-03 08:00:00,2020-11-07 04:00:00,375.8955199999999,351.19552,7.057142857142845,3.5,0.06570974828324627,455.85369000000003,TIME_T24,42.74457649389521,16067.494808352512,0.1521844210526318,1055.79103939921,24.69999999999996,105579.10393992098,8.033747404176257,17.776383865290953,19.2122765629816,3417.778113876882,3380.7894534486095,0.03202138801417014,3.2021388014170142,24,96
ETH,2020-11-15 20:00:00,2020-11-16 00:00:00,2020-11-19 20:00:00,448.51806999999997,418.95806999999996,8.44571428571429,3.5,0.06590592882913283,470.77875,TIME_T24,36.86058639829822,16532.639070432968,0.15173141745602156,1089.598933933696,29.560000000000016,108959.8933933696,8.266319535216484,16.942909929645403,19.068718555567635,820.5417184248705,784.5300899396574,0.007200173068335596,0.7200173068335597,24,96
ETH,2020-11-26 08:00:00,2020-11-26 12:00:00,2020-11-30 08:00:00,513.20269,421.97769000000005,26.064285714285695,3.5,0.177756277933773,587.67174,TIME_T24,12.030082048047063,6173.870467978461,0.05625680350781039,1097.4442348330927,91.22499999999994,109744.42348330926,3.0869352339892306,6.621804858748521,7.702320181672373,895.8687815401196,881.5446564996987,0.00803270570402851,0.803270570402851,24,96
BTC,2020-11-26 16:00:00,2020-11-26 20:00:00,2020-11-30 16:00:00,16533.37686,14277.776860000002,644.4571428571427,3.5,0.13642706018859838,19240.72002,TIME_T24,0.4858300265520484,8032.410918888822,0.07329924126618197,1095.8382078908,2255.5999999999995,109583.82078908,4.016205459444412,8.690065218542976,10.308069924396522,1315.3085993083068,1296.3104641653674,0.011829396482355035,1.1829396482355035,24,96
ETH,2020-12-05 00:00:00,2020-12-05 04:00:00,2020-12-09 00:00:00,576.5759999999999,522.5259999999998,15.442857142857147,3.5,0.09374306249306252,551.5678800000001,TIME_T24,20.707174579828735,11939.25989053933,0.10667456059204436,1119.2227860397434,54.05000000000001,111922.27860397434,5.969629945269665,11.68033613716268,14.649994700435553,-517.8475067533035,-544.1778375909017,-0.004862104706752978,-0.48621047067529777,24,96
BTC,2020-12-08 12:00:00,2020-12-08 16:00:00,2020-12-09 04:00:00,18828.719909999996,17875.312409999995,272.4021428571429,3.5,0.05063581085475929,17906.14593,STOP_CLOSE,1.173183117531991,22089.536323150463,0.19748869093226132,1118.5215831283817,953.4075000000001,111852.15831283818,11.044768161575233,21.548362214145317,2.149753649579913,-1082.3482180102935,-1106.0463338740187,-0.00988846662020172,-0.9888466620201721,4,16
ETH,2020-12-09 00:00:00,2020-12-09 04:00:00,2020-12-13 00:00:00,552.66211,511.90461000000005,11.64499999999999,3.5,0.07374759235801413,564.8545799999999,TIME_T24,27.171593196898087,15016.710028259342,0.13559764705882366,1107.4462097225728,40.757499999999965,110744.62097225727,7.5083550141296715,15.182354445712035,18.154292420609504,331.2888349053829,297.95218803906135,0.0026904438827209643,0.26904438827209637,24,96
BTC,2020-12-09 08:00:00,2020-12-09 12:00:00,2020-12-13 08:00:00,18263.184939999996,17067.827439999997,341.53071428571405,3.5,0.06545175465983095,19297.49319,TIME_T24,0.9245252533283861,16884.77568323666,0.15278429206325314,1105.1381955054856,1195.3574999999992,110513.81955054853,8.44238784161833,17.36289773166211,20.376962789499416,956.2440968508947,918.5042363297332,0.0083112161000789,0.8311216100078898,24,96
ETH,2020-12-20 20:00:00,2020-12-21 00:00:00,2020-12-23 20:00:00,638.7380999999999,586.8655999999999,14.820714285714287,3.5,0.08121090631668912,584.97444,STOP_CLOSE,21.492796926479006,13728.268272505038,0.12313617041785144,1114.8851085687822,51.8725,111488.51085687823,6.8641341362525194,13.150502559302907,10.626791048343648,-1155.5314264042613,-1179.3087200119078,-0.010577849779748412,-1.0577849779748412,18,72
BTC,2020-12-21 12:00:00,2020-12-21 16:00:00,2020-12-25 12:00:00,22716.34365,20257.561149999998,702.5092857142861,3.5,0.10823847965515354,24001.10487,TIME_T24,0.450864788223283,10241.99946896457,0.09238858520426263,1108.578451149615,2458.782500000001,110857.8451149615,5.120999734482285,10.531626266650964,11.56703713558089,579.2535953727869,557.154931970555,0.005025850280535182,0.5025850280535182,24,96
BTC,2021-01-04 08:00:00,2021-01-04 12:00:00,2021-01-08 08:00:00,30773.732989999997,24659.480489999994,1746.9292857142862,3.5,0.1986841343553232,41245.38333,TIME_T24,0.18132446618591047,5580.030706959492,0.05033114512362712,1108.6635706883687,6114.252500000001,110866.35706883686,2.790015353479746,6.529413910952496,7.630143872597684,1898.7664079860078,1884.6068502024575,0.01699890661178942,1.6998906611789417,24,96
BTC,2021-01-10 20:00:00,2021-01-11 00:00:00,2021-01-11 12:00:00,38188.17001999999,31940.21751999999,1785.1292857142855,3.5,0.16360963347360735,31548.42,STOP_CLOSE,0.1804606611830665,6891.462411180556,0.06112109530282119,1127.5096391903933,6247.952499999999,112750.96391903932,3.445731205590278,6.292355571830817,0.6202838961349658,-1198.2136786994777,-1205.1263181674433,-0.010688390380704706,-1.0688390380704706,4,16
ETH,2021-01-11 00:00:00,2021-01-11 04:00:00,2021-01-15 00:00:00,1106.12502,819.1500199999998,81.99285714285718,3.5,0.25944174013892224,1217.8509299999998,TIME_T24,3.911534530659839,4326.646210956805,0.03854429898074744,1122.5126219361077,286.97500000000014,112251.26219361076,2.1633231054784026,4.545156088424001,5.182521180310732,437.01975493439295,427.2920776656582,0.0038065681339837913,0.3806568133983791,24,96
BTC,2021-01-11 16:00:00,2021-01-11 20:00:00,2021-01-15 16:00:00,32286.884629999997,23951.83713,2381.4421428571427,3.5,0.258155830007065,35182.042740000004,TIME_T24,0.1332515060381048,4302.276002226037,0.03873629350042697,1110.65763227414,8335.047499999999,111065.76322741399,2.1511380011130186,4.495168091414005,5.832542343188462,385.78417837593406,375.4564679413316,0.0033804878932183753,0.33804878932183746,24,96
BTC,2021-01-17 08:00:00,2021-01-17 12:00:00,2021-01-21 08:00:00,35305.27,29594.6,1631.6200000000001,3.5,0.16175120598142997,32176.411379999998,TIME_T24,0.19673450951723506,6945.764976823553,0.061823341219156426,1123.4858614647887,5710.67,112348.58614647886,3.4728824884117766,6.637987743846317,8.480048036186583,-615.5544659544728,-630.6725017345057,-0.005613533052496466,-0.5613533052496466,24,96
ETH,2021-01-21 12:00:00,2021-01-21 16:00:00,2021-01-25 12:00:00,1189.7285399999998,903.1460399999999,81.88071428571429,3.5,0.24088057936308738,1433.4351299999998,TIME_T24,3.8982810759465205,4637.896252995482,0.04151434717751432,1117.1791364474439,286.58250000000004,111717.91364474437,2.3189481264977414,5.112914646935711,5.417328161091677,950.0367878804576,939.5065450724303,0.008409632031439464,0.8409632031439463,24,96
BTC,2021-01-22 00:00:00,2021-01-22 04:00:00,2021-01-26 00:00:00,30974.343399999998,25252.005899999996,1634.9535714285714,3.5,0.1847444327100732,31487.14134,TIME_T24,0.1950283514269486,6040.875129834186,0.054128830045414134,1116.0180489336065,5722.3375,111601.80489336065,3.020437564917093,6.090880198260853,7.610374876263731,100.01013685333538,86.3088817788108,0.0007733645693390165,0.07733645693390165,24,96
BTC,2021-01-26 12:00:00,2021-01-26 16:00:00,2021-01-30 12:00:00,31781.99024,27668.05774,1175.4092857142857,3.5,0.12944225547027918,34175.989799999996,TIME_T24,0.2740534247258447,8709.96326987537,0.07725452529909034,1127.4372907159561,4113.9325,112743.7290715956,4.354981634937685,9.038005158980454,9.839774482610194,656.0837782101644,637.2059985685737,0.005651808786313331,0.565180878631333,24,96
ETH,2021-01-27 12:00:00,2021-01-27 16:00:00,2021-01-31 12:00:00,1282.6814,1053.1988999999999,65.5664285714286,3.5,0.17890841794384804,1309.7889,TIME_T24,4.89522424721002,6279.013090725294,0.05589451918991641,1123.368298310374,229.4825000000001,112336.8298310374,3.139506545362647,6.345361736365917,7.21471856181705,132.69729128124598,119.13721098306301,0.0010605356334361035,0.10605356334361034,24,96
ETH,2021-02-01 00:00:00,2021-02-01 04:00:00,2021-02-05 00:00:00,1318.2269099999999,1172.0494099999999,41.765,3.5,0.11088948260053348,1638.35001,TIME_T24,7.764537790094045,10235.422658613901,0.09017987788818388,1135.0007228114723,146.1775,113500.07228114724,5.1177113293069505,11.47822661232993,13.972860329070702,2485.607907432057,2460.1568204906566,0.021675376685194387,2.1675376685194387,24,96
BTC,2021-02-15 00:00:00,2021-02-15 04:00:00,2021-02-19 00:00:00,47167.430309999996,42878.680309999996,1225.357142857143,3.5,0.09092608971514693,51193.755,TIME_T24,0.27038234707464387,12753.240512697495,0.1099794352900029,1159.6022910163788,4288.75,115960.22910163789,6.3766202563487475,13.29756407258089,16.21798769026257,1088.6471197667881,1059.1315680039447,0.00913357602178957,0.9133576021789569,24,96
BTC,2021-02-22 12:00:00,2021-02-22 16:00:00,2021-02-23 08:00:00,53289.92668999999,45850.56668999999,2125.5314285714294,3.5,0.13960161820594172,46322.92071,STOP_CLOSE,0.15729761789944538,8382.378526373075,0.07163240747860028,1170.1936066964183,7439.360000000002,117019.36066964183,4.191189263186538,7.834431804100481,1.6316574710304028,-1095.89344454519,-1105.3595338203208,-0.00944595430614998,-0.944595430614998,5,20
BTC,2021-02-26 04:00:00,2021-02-26 08:00:00,2021-03-02 04:00:00,45031.976989999996,37486.256989999994,2155.9199999999996,3.5,0.16756359601257648,48283.27839,TIME_T24,0.15361556105424207,6917.612410700568,0.05967883381572601,1159.1400113582151,7545.719999999998,115914.00113582151,3.458806205350284,7.16733765505929,7.859812995116236,499.4504887174433,484.4233380672678,0.004179161562196855,0.4179161562196855,24,96
SOL,2021-02-27 20:00:00,2021-02-28 00:00:00,2021-03-03 20:00:00,13.198485299999998,9.343935299999998,1.1013,3.5,0.2920448757858601,14.0601258,TIME_T24,301.1287485655707,3974.44336135008,0.034241312993734674,1160.7158177834203,3.8545499999999997,116071.58177834204,1.98722168067504,4.104175724089286,4.606273116895479,259.46472547841313,250.75427663742838,0.002160341685670187,0.21603416856701868,24,96
ETH,2021-02-28 12:00:00,2021-02-28 16:00:00,2021-03-04 12:00:00,1319.60829,1067.09329,72.14714285714284,3.5,0.19135602732535117,1575.6427800000001,TIME_T24,4.5598585541571355,6017.2271492931695,0.05225860998356535,1151.4326828029887,252.51499999999993,115143.26828029886,3.008613574646585,6.60096767898605,7.6894353953489105,1167.4810593857605,1153.1906563114255,0.010015267705482856,1.0015267705482853,24,96
BTC,2021-03-05 00:00:00,2021-03-05 04:00:00,2021-03-09 00:00:00,47337.09980999999,41519.32230999999,1662.2221428571434,3.5,0.1229010125958539,53786.77938,TIME_T24,0.20248689367518366,9585.142296119026,0.0813662946202394,1178.0236940683762,5817.777500000002,117802.36940683762,4.792571148059513,10.238130086783823,12.02237724772114,1305.9755813295958,1283.715073995091,0.010897192309958581,1.089719230995858,24,96
ETH,2021-03-05 00:00:00,2021-03-05 04:00:00,2021-03-09 00:00:00,1483.0115299999998,1276.3015299999997,59.06000000000001,3.5,0.13938529527144006,1846.152,TIME_T24,5.69891971393922,8451.563644316164,0.0717435794107687,1178.0236940683762,206.71000000000004,117802.36940683762,4.225781822158082,9.486317836022241,11.167791135785857,2069.5083834121556,2048.854274440347,0.01739230106114848,1.7392301061148479,24,96
SOL,2021-03-05 04:00:00,2021-03-05 08:00:00,2021-03-09 04:00:00,12.502890399999998,10.704690399999999,0.5137714285714283,3.5,0.14382274357935662,13.8634227,TIME_T24,654.8165405651968,8187.099438793808,0.06953003225447672,1177.4911032443363,1.7981999999999991,117749.11032443363,4.093549719396904,8.632548965800414,9.400886760955057,890.8990540132111,872.8656182864556,0.007412927502224455,0.7412927502224456,24,96
ETH,2021-03-12 12:00:00,2021-03-12 16:00:00,2021-03-16 12:00:00,1777.3355599999998,1599.1530599999996,50.90928571428575,3.5,0.10025259383208433,1802.10609,TIME_T24,6.847350574470524,12170.03966779289,0.09974804259677571,1220.078043735595,178.18250000000012,122007.80437355948,6.085019833896445,12.25484591920561,13.763270517593796,169.61250282544097,143.59438638864157,0.0011769278787198644,0.11769278787198643,24,96
SOL,2021-03-15 04:00:00,2021-03-15 08:00:00,2021-03-19 04:00:00,13.944330399999998,12.0503054,0.54115,3.5,0.13582760488807696,13.9864995,TIME_T24,644.6826234349141,8989.667504315225,0.07362273676429824,1221.0450058513134,1.894025,122104.50058513133,4.4948337521576125,9.00326034732317,9.866932019933705,27.185686015890788,8.315493648633913,6.810145087843298e-05,0.006810145087843298,24,96
BTC,2021-03-15 08:00:00,2021-03-15 12:00:00,2021-03-19 08:00:00,56206.9508,49990.9333,1776.0049999999999,3.5,0.11059161565476702,58772.49867,TIME_T24,0.19647902431282663,11043.48685278305,0.09042276795391904,1221.3170535114557,6216.0175,122131.70535114557,5.521743426391525,11.295525023945775,13.416390593373144,504.076342325451,479.36442670813204,0.003924979392778419,0.3924979392778418,24,96
SOL,2021-03-21 04:00:00,2021-03-21 08:00:00,2021-03-25 04:00:00,13.959745799999999,12.855795799999997,0.3154142857142859,3.5,0.07908095289242306,13.2911955,TIME_T24,1110.9115329526226,15508.042606306934,0.12645269985053664,1226.3907868030485,1.1039500000000007,122639.07868030482,7.754021303153467,15.136692486992466,17.93633324643986,-742.7002386289334,-775.7732643623658,-0.006325661222428531,-0.6325661222428529,24,96
SOL,2021-03-26 00:00:00,2021-03-26 04:00:00,2021-03-30 00:00:00,12.701688999999998,10.763363999999997,0.553807142857143,3.5,0.15260372065478858,19.979001,TIME_T24,628.7041926196197,7985.605127650503,0.06552920175925087,1218.6330541594248,1.9383250000000007,121863.30541594246,3.9928025638252516,10.27324341035104,12.63098158182447,4575.276565401071,4552.372340408896,0.037356383243264166,3.7356383243264157,24,96
BTC,2021-04-04 00:00:00,2021-04-04 04:00:00,2021-04-08 00:00:00,57549.91241999999,54293.98991999999,930.2635714285716,3.5,0.05657562910327711,56484.07938,TIME_T24,0.3882637801002675,22344.546540628533,0.17675455241947555,1264.1567775635135,3255.9225000000006,126415.67775635135,11.172273270314268,22.137634358095454,26.936780498764595,-413.8243650661559,-462.898779923016,-0.0036617197181443672,-0.36617197181443667,24,96
ETH,2021-04-07 08:00:00,2021-04-07 12:00:00,2021-04-11 08:00:00,1979.8578799999998,1790.52538,54.09499999999996,3.5,0.09562933880890476,2144.99286,TIME_T24,6.64991932268972,13165.895172391503,0.10457041870782889,1259.0458501631506,189.33249999999987,125904.58501631505,6.582947586195751,13.714962319568492,16.55764742140378,1098.1342943539807,1067.8616846130085,0.008481515462480037,0.8481515462480036,24,96
SOL,2021-04-11 04:00:00,2021-04-11 08:00:00,2021-04-15 04:00:00,26.361435099999998,22.660885099999998,1.0573,3.5,0.14037741063649453,26.7234498,TIME_T24,343.0158254467068,9042.389420786289,0.07123653267757496,1269.3472128568108,3.70055,126934.72128568107,4.521194710393145,9.10447780635846,10.278153634951156,124.17677114434301,104.7941397030334,0.0008255750565456573,0.08255750565456572,24,96
BTC,2021-04-17 16:00:00,2021-04-17 20:00:00,2021-04-18 00:00:00,60765.72501999999,56715.29751999999,1157.2649999999994,3.5,0.06665644981059421,54959.44554,STOP_CLOSE,0.31385683313858725,19071.738018147415,0.15002299144966805,1271.2543480074444,4050.427499999998,127125.43480074444,9.535869009073707,18.160567773192234,1.8833503413392272,-1822.34048991036,-1842.3844080248916,-0.014492649806174766,-1.4492649806174764,2,8
BTC,2021-05-04 16:00:00,2021-05-04 20:00:00,2021-05-08 16:00:00,54594.26973,49796.82473,1370.6985714285713,3.5,0.08787451547069168,58971.52944,TIME_T24,0.2611453604840067,14257.040249001946,0.11379863600312251,1252.8305039271954,4797.445,125283.05039271954,7.128520124500973,14.82859078145198,17.76040038731536,1143.1010649000682,1110.512073731301,0.008864024864099535,0.8864024864099534,24,96
SOL,2021-05-04 16:00:00,2021-05-04 20:00:00,2021-05-08 16:00:00,44.595551,37.322051,2.0781428571428577,3.5,0.16309922933792212,44.852103,TIME_T24,172.24589316384066,7681.400513128608,0.061312368185880234,1252.8305039271954,7.273500000000002,125283.05039271954,3.840700256564304,7.703495527320094,9.040773542026404,44.190028382969516,27.445759313623018,0.0002190700116862572,0.02190700116862572,24,96
BTC,2021-05-10 16:00:00,2021-05-10 20:00:00,2021-05-12 20:00:00,55789.49376,50688.178759999995,1457.5185714285722,3.5,0.09143863219023414,49581.68868,STOP_CLOSE,0.24782043105702042,13825.77639205615,0.10936296574510686,1264.2100822576447,5101.315000000002,126421.00822576445,6.912888196028075,13.05656592663437,8.348006924841352,-1538.4209308435607,-1559.8255036950366,-0.012338340957615825,-1.2338340957615823,13,52
SOL,2021-05-10 20:00:00,2021-05-11 00:00:00,2021-05-14 20:00:00,42.910868,35.966618000000004,1.984071428571428,3.5,0.1618296325303883,42.6573,TIME_T24,182.04891180799052,7811.876824136322,0.06179338013464378,1264.193155822638,6.9442499999999985,126419.3155822638,3.9059384120681613,7.788795934901659,8.65921110482061,-46.16177846932879,-62.60978550905105,-0.0004952549000972048,-0.04952549000972047,24,96
ETH,2021-07-08 08:00:00,2021-07-08 12:00:00,2021-07-12 08:00:00,2170.75859,1926.91359,69.66999999999992,3.5,0.1123316987542128,2098.87902,TIME_T24,5.117946766862576,11109.826907329663,0.08902206688675193,1247.9857293656034,243.84499999999971,124798.57293656033,5.554913453664832,10.925889000887178,13.111560345143129,-367.8758128849725,-391.9132622310028,-0.0031403665363243104,-0.31403665363243105,24,96
BTC,2021-08-03 04:00:00,2021-08-03 08:00:00,2021-08-07 04:00:00,38632.023429999994,35121.56842999999,1002.9871428571429,3.5,0.09086904304561819,43164.68211,TIME_T24,0.35438898853376366,13690.763708370358,0.11004847927120558,1244.0665967432933,3510.455,124406.65967432932,6.845381854185179,14.493925870857352,15.50385837605551,1606.3243249739871,1576.3265407270744,0.0126707568939924,1.2670756893992399,24,96
BTC,2021-08-17 00:00:00,2021-08-17 04:00:00,2021-08-21 00:00:00,46463.416999999994,43168.28199999999,941.4671428571429,3.5,0.07091891239940447,48779.34183,TIME_T24,0.3823302724017571,17764.37087832643,0.14100611052354456,1259.829862150564,3295.135,125982.98621505639,8.882185439163216,18.20709496388438,21.1779875989519,885.4481711158944,846.0630885530582,0.006715693237409101,0.67156932374091,24,96
ETH,2021-08-17 16:00:00,2021-08-17 20:00:00,2021-08-21 16:00:00,3120.0369199999996,2807.7294199999997,89.23071428571431,3.5,0.1000973732067248,3214.1925899999997,TIME_T24,4.021321220315455,12546.670674563673,0.0999027215164541,1255.8887770136694,312.3075000000001,125588.87770136693,6.273335337281837,12.735985771455683,15.186197882823695,378.6301937840197,350.70801012974033,0.002792508513084062,0.2792508513084062,24,96
BTC,2021-08-24 16:00:00,2021-08-24 20:00:00,2021-08-28 16:00:00,48291.443199999994,45235.78319999999,873.0457142857148,3.5,0.06327539202638703,48603.27807,TIME_T24,0.4162104334701476,20099.40250717101,0.1580393211286595,1271.7975731373917,3055.6600000000017,127179.75731373919,10.049701253585505,20.164296970377915,24.00033387920702,129.78892641380963,85.6242955642247,0.0006732541197810159,0.0673254119781016,24,96
SOL,2021-08-24 16:00:00,2021-08-24 20:00:00,2021-08-28 16:00:00,71.67860699999999,59.27035699999998,3.5452142857142865,3.5,0.17310953043493166,93.83607,TIME_T24,102.49612742630038,7346.779636811704,0.05776689460641103,1271.797573137392,12.408250000000002,127179.75731373919,3.673389818405852,8.482306712357474,9.59559520313556,2271.054151091538,2252.9762491760453,0.017714896590171877,1.7714896590171876,24,96
ETH,2021-08-25 08:00:00,2021-08-25 12:00:00,2021-08-29 08:00:00,3142.8296899999996,2908.7846899999995,66.87000000000002,3.5,0.07446951412756958,3178.64817,TIME_T24,5.402858505319042,16980.264121385706,0.1342831374308359,1264.5120188773956,234.04500000000007,126451.20188773956,8.490132060692853,17.077025211043505,20.700382408675253,193.52217931560196,155.74477169588323,0.001231659085645938,0.12316590856459382,24,96
BTC,2021-08-31 00:00:00,2021-08-31 04:00:00,2021-09-04 00:00:00,47197.83067999999,44378.87817999999,805.4149999999998,3.5,0.0597263149468123,50227.15257,TIME_T24,0.46000811517815704,21711.38513160459,0.16743038657089826,1296.7410263017534,2818.9524999999994,129674.10263017533,10.855692565802295,22.408141458048007,26.874430342049283,1393.5126528868354,1344.2300810867382,0.010366218495611429,1.0366218495611428,24,96
SOL,2021-09-07 12:00:00,2021-09-07 16:00:00,2021-09-11 12:00:00,169.22905999999998,124.43655999999997,12.797857142857143,3.5,0.2646856278702961,188.29152,TIME_T24,29.250060325112926,4949.960213762154,0.037780668638722995,1310.1833271126209,44.792500000000004,131018.33271126208,2.4749801068810773,5.228749266234681,5.851474568038841,557.5781049450526,546.4978811107791,0.00417115582072892,0.41711558207289195,24,96
ETH,2021-09-19 20:00:00,2021-09-20 00:00:00,2021-09-20 08:00:00,3331.89857,3059.6585699999996,77.78285714285714,3.5,0.08170716913510366,3039.40755,STOP_CLOSE,4.8326781733901285,16101.99349518878,0.12238828129591536,1315.6483059237287,272.24,131564.83059237286,8.050996747594391,15.395236011055474,1.5110963092901455,-1413.5149682666151,-1430.4213005869608,-0.010872368353658533,-1.0872368353658532,3,12
SOL,2021-10-10 16:00:00,2021-10-10 20:00:00,2021-10-12 12:00:00,153.62346999999997,139.34847,4.078571428571424,3.5,0.09292199948354238,143.39646,STOP_CLOSE,91.16245834801124,14004.693185151951,0.10761714185639239,1301.3440929178591,14.274999999999984,130134.40929178591,7.002346592575976,13.538533498577106,6.707277872954928,-932.3193731496925,-952.5651845212245,-0.007319856367775825,-0.7319856367775824,11,44
ETH,2021-10-11 00:00:00,2021-10-11 04:00:00,2021-10-15 00:00:00,3521.6681499999995,3256.6281499999996,75.7257142857143,3.5,0.07525978846132908,3817.09908,TIME_T24,4.902131739905121,17263.681215527948,0.13287308142167217,1299.2609963444536,265.0400000000001,129926.09963444535,8.631840607763975,17.98780188497929,21.050268414985283,1448.2413389026901,1409.2032686027255,0.010846190815914593,1.0846190815914591,24,96
SOL,2021-10-12 12:00:00,2021-10-12 16:00:00,2021-10-16 12:00:00,143.67353,125.76103,5.117857142857139,3.5,0.12467501842545378,159.39045000000002,TIME_T24,72.06304221793934,10353.551657990374,0.08020853035589678,1290.8292437288376,17.912499999999987,129082.92437288375,5.176775828995187,10.919856192738363,12.162295824248279,1132.6090694959764,1109.5269174789898,0.00859545848429869,0.859545848429869,24,96
BTC,2021-10-12 20:00:00,2021-10-13 00:00:00,2021-10-16 20:00:00,56052.90691,51443.82941,1316.879285714285,3.5,0.08222726980779876,60814.69443,TIME_T24,0.28125708674933747,15765.277301338407,0.12161415578280041,1296.3357102519187,4609.077499999998,129633.57102519188,7.882638650669204,16.434920544135686,18.107784068832014,1339.286485594554,1304.7437809815865,0.010064860287834189,1.006486028783419,24,96
ETH,2021-10-17 20:00:00,2021-10-18 00:00:00,2021-10-21 20:00:00,3850.8469999999998,3548.102,86.49857142857142,3.5,0.07861776902587925,4048.9370099999996,TIME_T24,4.393311799512064,16917.971563215633,0.1271977076417447,1330.0531807432799,302.745,133005.31807432798,8.458985781607817,17.353107152364863,18.96087033661234,870.2711782984624,833.9572008094852,0.006270104179920393,0.6270104179920393,24,96
SOL,2021-10-19 20:00:00,2021-10-20 00:00:00,2021-10-23 20:00:00,155.92577,143.77327,3.4721428571428583,3.5,0.07793772639378342,197.55225,TIME_T24,109.52614723065336,17077.948842072994,0.12830756634437354,1331.0165042205153,12.152500000000003,133101.65042205155,8.538974421036498,19.357542830659916,22.65767407760526,4559.187977173846,4517.17276026558,0.03393776670643897,3.3937766706438977,24,96
BTC,2021-10-22 16:00:00,2021-10-22 20:00:00,2021-10-26 16:00:00,61093.74270999999,54932.810209999996,1760.2664285714277,3.5,0.10084391996157012,61938.0,TIME_T24,0.22462328733149337,13723.077322904655,0.09916314244637485,1383.8889111774351,6160.932499999997,138388.89111774348,6.861538661452328,13.817897246821346,16.62208732280454,189.63984783337986,159.19986326375397,0.0011503803663568933,0.1150380366356893,24,96
ETH,2021-10-27 08:00:00,2021-10-27 12:00:00,2021-10-31 08:00:00,3996.08209,3654.39459,97.625,3.5,0.0855056258366304,4203.2725199999995,TIME_T24,4.053869336708744,16199.594651621992,0.1169513690140845,1385.156478986669,341.6875,138515.6478986669,8.099797325810997,16.61955611714024,20.594799421633372,839.9229310364981,802.7085754977244,0.005795075052350455,0.5795075052350456,24,96
SOL,2021-10-27 08:00:00,2021-10-27 12:00:00,2021-10-31 08:00:00,190.16997999999998,159.74248,8.693571428571422,3.5,0.160001594363106,186.19361999999998,TIME_T24,45.5231773555721,8657.141727245598,0.06249937720811769,1385.156478986669,30.427499999999977,138515.6478986669,4.328570863622799,8.566633456490798,10.60967723766699,-181.01654150960266,-200.19285220376045,-0.0014452724673404002,-0.14452724673404002,24,96
BTC,2021-10-28 16:00:00,2021-10-28 20:00:00,2021-11-01 16:00:00,61350.15887,56177.14387000001,1478.004285714284,3.5,0.08431950455029023,61374.54402,TIME_T24,0.27048984584337293,16594.595015212737,0.1185965222795605,1399.2480298954542,5173.014999999994,139924.80298954542,8.297297507606368,16.59789298294492,19.945455719465624,6.5959354643680355,-29.947413238042508,-0.00021402505201511735,-0.021402505201511737,24,96
ETH,2021-11-01 04:00:00,2021-11-01 08:00:00,2021-11-05 04:00:00,4307.242939999999,3962.987939999999,98.35857142857147,3.5,0.07992467682818935,4524.820650000001,TIME_T24,4.046856133957042,17430.79251218216,0.12511780337249997,1393.150458395382,344.2550000000001,139315.0458395382,8.715396256091081,17.871045357345075,19.991376224056705,880.505690325832,842.6432687444302,0.006048472824069406,0.6048472824069405,24,96
BTC,2021-11-06 12:00:00,2021-11-06 16:00:00,2021-11-10 12:00:00,60709.228579999995,57410.963579999996,942.3614285714274,3.5,0.05432888997516555,68280.28137000001,TIME_T24,0.4242559632942394,25756.252252058068,0.18406413244539196,1399.3085947746729,3298.264999999996,139930.85947746728,12.878126126029034,27.362284399344567,30.389010879028767,3212.064294572996,3154.312999294623,0.02254193971989827,2.2541939719898267,24,96
ETH,2021-11-06 12:00:00,2021-11-06 16:00:00,2021-11-10 12:00:00,4402.968569999999,4125.62357,79.24142857142844,3.5,0.06299045645924282,4841.86329,TIME_T24,5.045371630188664,22214.612711690348,0.1587542075754027,1399.3085947746729,277.3449999999996,139930.85947746728,11.107306355845175,23.32180619615415,26.03061612386216,2214.386968927603,2165.0345466075864,0.015472173576952956,1.5472173576952954,24,96
SOL,2021-11-10 04:00:00,2021-11-10 08:00:00,2021-11-10 20:00:00,241.11086999999998,218.93336999999997,6.33642857142857,3.5,0.09198050672705049,232.85691,STOP_CLOSE,64.8622718282987,15638.99879069759,0.10871868785931689,1438.4830334720941,22.177499999999995,143848.3033472094,7.819499395348795,15.371313492107639,1.5880878634440656,-535.3705971799029,-552.3299985354547,-0.0038396698861458602,-0.383966988614586,4,16
ETH,2021-11-10 20:00:00,2021-11-11 00:00:00,2021-11-14 20:00:00,4633.30868,4294.46868,96.81142857142855,3.5,0.07313132437357917,4621.8735,TIME_T24,4.270389476591729,19786.032628873116,0.13674031047101878,1446.9787702483413,338.8399999999999,144697.87702483413,9.893016314436558,19.76161629270565,21.877666490642902,-48.832672334933925,-90.47195511828247,-0.0006252472875103413,-0.06252472875103413,24,96
BTC,2021-11-12 16:00:00,2021-11-12 20:00:00,2021-11-16 16:00:00,63908.844999999994,58438.51499999999,1562.9514285714286,3.5,0.08559582010909446,60144.265530000004,TIME_T24,0.264640785247594,16912.88692506677,0.11682813468291675,1447.6724267634709,5470.33,144767.2426763471,8.456443462533386,16.414756291532886,20.281702989247254,-996.2612670677685,-1032.9577263485485,-0.007135300135942419,-0.7135300135942418,24,96
ETH,2021-11-16 08:00:00,2021-11-16 12:00:00,2021-11-20 08:00:00,4296.732439999999,3913.117439999999,109.60428571428565,3.5,0.08928063484446332,4313.51217,TIME_T24,3.7459032333329536,16095.143939762587,0.11200637201360743,1436.9846688550201,383.6149999999998,143698.466885502,8.047571969881293,16.126571562193316,18.846395839351224,62.85524486145812,27.882277459913574,0.00019403322849735055,0.019403322849735057,24,96
SOL,2021-11-16 08:00:00,2021-11-16 12:00:00,2021-11-18 12:00:00,225.15492999999998,201.94243,6.6321428571428545,3.5,0.1030956772743106,196.79301,STOP_CLOSE,61.905640015294374,13938.360044248802,0.09699727732902534,1436.9846688550201,23.21249999999999,143698.466885502,6.969180022124402,13.060478639417514,8.074662155394922,-1755.7628096625758,-1776.8979504573883,-0.012365462130317709,-1.2365462130317708,13,52
BTC,2022-03-31 12:00:00,2022-03-31 16:00:00,2022-04-01 00:00:00,46500.26380999999,44231.67880999999,648.1671428571426,3.5,0.0487864974114864,44555.380020000004,STOP_CLOSE,0.6251713366277653,29070.632079641393,0.20497474773922952,1418.2543167036984,2268.584999999999,141825.43167036984,14.535316039820696,28.462689280351412,2.8451766339897415,-1215.8855985799646,-1247.1934644943058,-0.008793863341752615,-0.8793863341752616,3,12
ETH,2022-04-05 20:00:00,2022-04-06 00:00:00,2022-04-06 16:00:00,3410.4069999999997,3195.9545,61.27214285714285,3.5,0.06288179094166767,3222.1046699999997,STOP_CLOSE,6.555215640100981,22355.953305509862,0.15902854944568146,1405.7823820587555,214.4525,140578.23820587553,11.177976652754932,21.738772116168136,4.328290893277156,-1234.362378683456,-1260.4294416929013,-0.008966035268182931,-0.896603526818293,5,20
BTC,2022-04-06 00:00:00,2022-04-06 04:00:00,2022-04-08 16:00:00,45261.09587999999,42562.573379999994,771.0064285714288,3.5,0.059621236462204755,42688.10916,STOP_CLOSE,0.5192624629739719,23502.388123549892,0.16772547154970907,1401.2414397406808,2698.522500000001,140124.14397406808,11.751194061774946,22.83436041283663,18.187051970134124,-1336.055421426518,-1377.0768338094888,-0.009827548591942414,-0.9827548591942413,16,64
SOL,2022-04-06 08:00:00,2022-04-06 12:00:00,2022-04-10 08:00:00,121.74162,104.05661999999998,5.052857142857145,3.5,0.1452666721536974,110.93894999999999,TIME_T24,78.95295561244257,9611.86072004685,0.06883891433418148,1396.2830200060475,17.68500000000001,139628.30200060474,4.805930360023425,9.185409357543918,10.805422552163277,-852.9027250058654,-872.8935569155725,-0.006251551758552445,-0.6251551758552445,24,96
ETH,2022-04-06 16:00:00,2022-04-06 20:00:00,2022-04-10 16:00:00,3228.5553299999997,2965.0753299999997,75.28,3.5,0.08160925648438555,3288.4082999999996,TIME_T24,5.2481995680959175,16944.102688479772,0.12253511955366629,1382.7956222019125,263.48,138279.56222019126,8.472051344239887,17.101162854131402,20.339969479908653,314.12033130325744,276.6791989692174,0.0020008683461742787,0.2000868346174279,24,96
ETH,2022-04-11 00:00:00,2022-04-11 04:00:00,2022-04-11 12:00:00,3178.4853099999996,3019.4303099999997,45.44428571428567,3.5,0.050041131069440074,3000.38661,STOP_CLOSE,8.635033012003827,27446.325580019216,0.19983561095218655,1373.4451757242673,159.05499999999984,137344.51757242673,13.723162790009608,26.677381503071736,2.7447402282285487,-1537.8881538949622,-1567.3102756262624,-0.011411524124359482,-1.1411524124359482,3,12
ETH,2022-04-11 16:00:00,2022-04-11 20:00:00,2022-04-15 16:00:00,3007.6045999999997,2818.8246,53.93714285714282,3.5,0.06276755927291769,3019.78719,TIME_T24,7.192351271151636,21631.748767931505,0.15931796800508538,1357.7720729680047,188.77999999999986,135777.20729680048,10.815874383965753,21.675559501267713,26.292035651014718,87.62146667242169,39.65387152013926,0.00029205101732176873,0.029205101732176875,24,96
BTC,2023-01-18 16:00:00,2023-01-18 20:00:00,2023-01-22 16:00:00,20926.275369999996,19558.05537,390.91999999999956,3.5,0.06538287276681282,22699.42785,TIME_T24,0.9926536753469529,20772.544157352913,0.15294525273713305,1358.1686116832063,1368.2199999999984,135816.86116832064,10.386272078676457,21.6526073204642,26.039752795660306,1760.1263262225687,1712.4339661064441,0.012608404813480334,1.2608404813480334,24,96
ETH,2023-01-18 16:00:00,2023-01-18 20:00:00,2023-01-22 16:00:00,1543.5019599999998,1419.1344599999998,35.53357142857141,3.5,0.08057488958420238,1633.4649,TIME_T24,10.920607165724219,16855.978564685374,0.12410814400868396,1358.1686116832063,124.36749999999995,135816.86116832064,8.427989282342688,17.347203528292184,20.84143274542639,982.4499272136193,944.2612909399007,0.006952459973063714,0.6952459973063715,24,96
ETH,2023-01-25 00:00:00,2023-01-25 04:00:00,2023-01-29 00:00:00,1548.17663,1448.21913,28.559285714285675,3.5,0.06456466146243266,1592.7656399999998,TIME_T24,13.853243270926859,21447.26748175372,0.1548834884826053,1384.7355642536697,99.95749999999987,138473.55642536696,10.72363374087686,21.756118683123614,26.329848198291906,617.7024027397892,569.6164358583737,0.004113539440762321,0.4113539440762321,24,96
BTC,2023-01-30 20:00:00,2023-01-31 00:00:00,2023-02-03 20:00:00,22850.20738,21660.804880000003,339.8292857142852,3.5,0.05205215341025926,23408.468100000002,TIME_T24,1.169016988456183,26712.280616966847,0.19211501051998825,1390.4317286122532,1189.4024999999983,139043.17286122532,13.356140308483424,27.038588749800738,30.0651646847223,652.6162656677827,595.5125122332597,0.00428293241572977,0.428293241572977,24,96
BTC,2023-02-06 04:00:00,2023-02-06 08:00:00,2023-02-09 16:00:00,22903.790909999996,22204.440909999994,199.8142857142866,3.5,0.030534246612191205,22010.67729,STOP_CLOSE,1.9966924340238508,45731.82602046124,0.327501121183955,1396.386853734586,699.3500000000031,139638.6853734586,22.86591301023062,44.840189416572414,45.767646862429956,-1783.2732077776454,-1873.8810440566479,-0.013419497892328483,-1.3419497892328482,21,84
ETH,2023-02-06 04:00:00,2023-02-06 08:00:00,2023-02-09 16:00:00,1637.04541,1560.65041,21.827142857142867,3.5,0.0466663902744152,1578.23019,STOP_CLOSE,18.27851107709386,29922.75266039066,0.2142869834413246,1396.386853734586,76.39500000000004,139638.6853734586,14.96137633019533,29.385225335254802,30.0504388445857,-1075.0546502717116,-1134.490314451552,-0.008124470030761166,-0.8124470030761165,21,84
BTC,2023-02-10 04:00:00,2023-02-10 08:00:00,2023-02-14 04:00:00,21932.52061,20848.39561,309.7500000000003,3.5,0.04943002308205746,21746.71152,TIME_T24,1.2602819233478646,27641.15925823748,0.20230619725585133,1366.3031401495048,1084.125000000001,136630.31401495048,13.82057962911874,27.52407333957712,30.158232615515484,-234.171837320715,-291.85414327580764,-0.0021360863098351082,-0.21360863098351082,24,96
ETH,2023-02-10 20:00:00,2023-02-11 00:00:00,2023-02-14 20:00:00,1514.5630499999997,1400.5755499999996,32.56785714285719,3.5,0.07526098038638947,1554.15429,TIME_T24,11.950759160653625,18100.178244174993,0.13287097708082005,1362.2371598250072,113.98750000000018,136223.71598250073,9.050089122087497,18.336750931230814,19.979374770854015,473.1453741116386,434.82924840955377,0.0031920231016558955,0.3192023101655896,24,96
ETH,2023-02-21 20:00:00,2023-02-22 00:00:00,2023-02-25 20:00:00,1661.4297699999997,1561.3672699999997,28.589285714285698,3.5,0.06022674073066595,1592.98542,STOP_CLOSE,13.668785920807922,22709.72784858714,0.16603920249843857,1367.732891200842,100.06249999999994,136773.28912008417,11.35486392429357,22.24195226476772,24.518261726375925,-935.5511676388464,-982.3113816299901,-0.007182041083822593,-0.7182041083822591,24,96
BTC,2023-02-22 16:00:00,2023-02-22 20:00:00,2023-02-26 16:00:00,23815.47168,22369.46918,413.1435714285713,3.5,0.06071693726789961,23475.830670000003,TIME_T24,0.9414774776080627,22421.73020533265,0.1646986895250873,1361.3787863149523,1446.0024999999996,136137.87863149523,11.210865102666325,22.261848024639125,26.59662105774307,-319.76436138705077,-368.6228304694329,-0.0027077168689196305,-0.270771686891963,24,96
ETH,2023-02-25 20:00:00,2023-02-26 00:00:00,2023-03-01 20:00:00,1596.1745799999997,1514.1570799999997,23.433571428571423,3.5,0.05138379036207932,1663.55478,TIME_T24,16.476687120802804,26299.66914483882,0.19461390313042948,1351.3766859304437,82.01749999999998,135137.66859304436,13.14983457241941,26.85477038160738,29.55008156342955,1110.202473537122,1053.797621592085,0.007797956206907101,0.7797956206907101,24,96
ETH,2023-03-21 04:00:00,2023-03-21 08:00:00,2023-03-25 04:00:00,1732.0703399999998,1602.2878399999997,37.08071428571429,3.5,0.07492911633138412,1745.50275,TIME_T24,10.5157592533336,18214.03470527967,0.13345946795600327,1364.7615252957683,129.78250000000003,136476.15252957682,9.107017352639836,18.28466070015571,20.69550845124543,141.25198975207442,102.27182060067328,0.0007493750278350582,0.07493750278350582,24,96
BTC,2023-03-22 20:00:00,2023-03-23 00:00:00,2023-03-26 20:00:00,27278.22097,25090.090969999997,625.1800000000003,3.5,0.08021527512393346,27940.08195,TIME_T24,0.6237358116057715,17014.403295884524,0.12466453533382378,1364.8150414489376,2188.130000000001,136481.50414489376,8.507201647942262,17.22081649364977,19.096288747028378,412.8263955304921,376.509290289814,0.0027586836227280875,0.27586836227280875,24,96
ETH,2023-04-03 00:00:00,2023-04-03 04:00:00,2023-04-07 00:00:00,1780.1083299999998,1717.0883299999996,18.005714285714312,3.5,0.03540233981153276,1874.85327,TIME_T24,21.731979314577455,38685.277405267014,0.28246720564899985,1369.5493364046733,63.020000000000095,136954.93364046732,19.342638702633508,39.714774943387454,48.440712284069036,2058.995076240888,1970.8395890134316,0.014390424182799134,1.4390424182799133,24,96
BTC,2023-04-03 20:00:00,2023-04-04 00:00:00,2023-04-07 20:00:00,27827.799999999996,26563.724999999995,361.16428571428594,3.5,0.045424898842165065,27878.42367,TIME_T24,1.0884206932756402,30288.353368335855,0.22014358325257585,1375.8453878524056,1264.0750000000007,137584.53878524055,15.144176684167928,30.315903293334635,33.60631677813119,55.09984999756212,-8.822370073903706,-6.412326669695628e-05,-0.006412326669695628,24,96
BTC,2023-04-17 00:00:00,2023-04-17 04:00:00,2023-04-17 12:00:00,30012.782799999997,29264.7278,213.72999999999956,3.5,0.02492454648357361,29328.95169,STOP_CLOSE,1.8570419402237417,55734.996402425735,0.40121091096243,1389.1695085940682,748.0549999999985,138916.95085940682,27.867498201212868,55.10004487677587,5.541097452497807,-1269.9030512997467,-1330.5441936290204,-0.00957798299917783,-0.9577982999177829,3,12
BTC,2023-04-18 00:00:00,2023-04-18 04:00:00,2023-04-19 20:00:00,29476.446999999996,28532.601999999995,269.67000000000036,3.5,0.03202031099609805,28768.3029,STOP_CLOSE,1.457722472077276,42968.479188894795,0.3123017762450398,1375.8640666577783,943.8450000000013,137586.40666577782,21.4842395944474,42.45234040487533,21.81899462724141,-1032.2775680389343,-1096.548903071051,-0.007969892736095404,-0.7969892736095404,11,44
ETH,2023-04-20 16:00:00,2023-04-20 20:00:00,2023-04-24 16:00:00,1929.6276999999998,1793.5926999999997,38.867142857142916,3.5,0.07049805514296888,1829.49867,TIME_T24,10.033436818664795,19360.79761149546,0.14184788473554577,1364.8985776270672,136.0350000000002,136489.85776270673,9.680398805747732,18.858478463385868,22.5665840194581,-1004.6382962191901,-1046.063358702034,-0.007664037283419685,-0.7664037283419686,24,96
BTC,2023-04-21 04:00:00,2023-04-21 08:00:00,2023-04-25 04:00:00,28183.17502,26497.91502,481.50285714285695,3.5,0.059796669424366344,27239.27346,TIME_T24,0.8097526570748411,22821.400857250286,0.16723339437238177,1364.6437628619462,1685.2599999999993,136464.3762861946,11.410700428625143,22.439237459136745,24.52748814830999,-764.3267962270863,-811.2935218345331,-0.0059450938326430286,-0.5945093832643027,24,96
ETH,2023-04-24 16:00:00,2023-04-24 20:00:00,2023-04-28 16:00:00,1833.1513199999997,1730.4563199999998,29.34142857142857,3.5,0.056021016311954004,1890.4676399999998,TIME_T24,13.122583066601923,24055.68047035096,0.17850443741175323,1347.6236680246843,102.695,134762.36680246843,12.02784023517548,24.43174955548693,29.55229327248273,752.1381702719389,698.1541274439692,0.005180631240079861,0.5180631240079862,24,96
BTC,2023-05-01 04:00:00,2023-05-01 08:00:00,2023-05-05 04:00:00,28657.709079999997,27471.92158,338.7964285714284,3.5,0.041377609657833804,29033.22771,TIME_T24,1.1412724034417139,32706.252518865025,0.24167659955936466,1353.3065500961407,1185.7874999999995,135330.65500961407,16.353126259432514,32.92053704356365,35.86573611271003,428.5690493972423,359.78277624096864,0.002658546034639448,0.2658546034639448,24,96
ETH,2023-05-01 20:00:00,2023-05-02 00:00:00,2023-05-05 20:00:00,1832.56073,1737.00073,27.30285714285713,3.5,0.05214561156726301,1991.3066999999999,TIME_T24,14.089070900445753,25819.078054342626,0.1917706917120135,1346.3516152465954,95.55999999999995,134635.16152465955,12.909539027171313,26.937369667587646,29.161248990182813,2236.5832264900337,2180.4846078322635,0.01619550630860193,1.619550630860193,24,96
ETH,2023-05-08 00:00:00,2023-05-08 04:00:00,2023-05-12 00:00:00,1867.2453799999998,1751.69038,33.01571428571425,3.5,0.06188527830230856,1761.48675,TIME_T24,11.931194876352166,22278.46851074825,0.16158931937172788,1378.7092239368733,115.5549999999999,137870.92239368733,11.139234255374125,21.64755509855524,26.346070796529936,-1261.8268243860223,-1309.8204502811072,-0.00950033863225303,-0.950033863225303,24,96
BTC,2023-05-08 08:00:00,2023-05-08 12:00:00,2023-05-12 00:00:00,27962.024089999995,26608.676589999995,386.6707142857148,3.5,0.048399482657051164,26557.735679999998,STOP_CLOSE,1.0182485738155986,28472.291150639907,0.20661377872275938,1378.0441617519075,1353.3475000000017,137804.41617519077,14.236145575319954,27.75733381528577,30.867594566075585,-1429.914670708272,-1488.5395990896336,-0.010801827984941012,-1.0801827984941015,22,88
BTC,2023-06-28 16:00:00,2023-06-28 20:00:00,2023-07-02 16:00:00,30130.089989999997,28829.494989999996,371.59857142857203,3.5,0.04316598458324094,30527.18226,TIME_T24,1.0385443765685425,31291.435524618628,0.2316638922185611,1350.7256234431657,1300.595000000002,135072.56234431657,15.645717762309314,31.4976344966123,37.935738162787274,412.39794398734216,342.96457132794256,0.00253911353553569,0.25391135355356903,24,96
BTC,2023-07-06 12:00:00,2023-07-06 16:00:00,2023-07-10 12:00:00,30437.406999999996,29211.922,350.1385714285711,3.5,0.04026246388202513,30282.497190000002,TIME_T24,1.1049953848120915,33633.194260647244,0.24837029421004772,1354.1552691564445,1225.4849999999988,135415.52691564444,16.816597130323622,33.547606948091186,36.70923400308099,-171.17462511211107,-241.43146606328324,-0.001782893524563695,-0.17828935245636948,24,96
ETH,2023-07-07 00:00:00,2023-07-07 04:00:00,2023-07-11 00:00:00,1859.8880299999998,1774.9805299999998,24.25928571428572,3.5,0.04565194174619212,1877.93019,TIME_T24,15.90692242701461,29585.09461614302,0.21904873303300643,1350.6170159717435,84.90750000000003,135061.70159717434,14.792547308071509,29.728592235910913,35.61526526871475,286.99523953578904,221.65138203116337,0.0016411120207284623,0.1641112020728462,24,96
ETH,2023-07-17 08:00:00,2023-07-17 12:00:00,2023-07-21 08:00:00,1912.0000899999998,1857.6925899999997,15.516428571428573,3.5,0.028403502847115458,1887.36075,TIME_T24,24.931316453825406,47668.679303532655,0.3520692519449431,1353.9574683161234,54.307500000000005,135395.74683161234,23.834339651766328,47.36153371215596,56.8406092072791,-614.2911827533915,-718.4933256728266,-0.0053066166588408075,-0.5306616658840808,24,96
SOL,2023-07-18 12:00:00,2023-07-18 16:00:00,2023-07-22 12:00:00,25.545519999999996,22.088019999999997,0.9878571428571428,3.5,0.13534662829333677,25.65432,TIME_T24,390.4097985211564,9973.22131631817,0.07388436731742588,1349.841878386898,3.4574999999999996,134984.1878386898,4.986610658159085,9.994459609357722,11.091542375986055,42.47658607910269,21.390584093758914,0.00015846733188720823,0.015846733188720822,24,96
BTC,2023-07-18 16:00:00,2023-07-18 20:00:00,2023-07-22 16:00:00,29745.695979999997,28755.17598,283.0057142857139,3.5,0.03329960746811878,29806.164,TIME_T24,1.3604440316338609,40467.35456278632,0.30030384020514517,1347.54702221397,990.5199999999986,134754.702221397,20.23367728139316,40.50848624124318,48.828782373708144,82.26335691372222,-7.0739117012291075,-5.249472993979039e-05,-0.005249472993979039,24,96
BTC,2023-09-21 12:00:00,2023-09-21 16:00:00,2023-09-25 12:00:00,26610.594009999997,25400.241509999996,345.815,3.5,0.04548385877989652,26217.476280000003,TIME_T24,1.112829280547048,29613.048187077886,0.21985821494151497,1346.915701783321,1210.3525,134691.5701783321,14.806524093538943,29.394311726754793,32.469683164772434,-437.47292064618256,-499.3369155377098,-0.003707261819552523,-0.37072618195525225,24,96
SOL,2023-10-05 16:00:00,2023-10-05 20:00:00,2023-10-09 16:00:00,22.822799999999997,20.3203,0.7149999999999993,3.5,0.10964912280701745,22.177799999999998,TIME_T24,536.2327003508273,12238.33167356686,0.09120000000000009,1341.922332627944,2.5024999999999977,134192.23326279438,6.11916583678343,12.065396627703718,14.925500981564927,-345.87009172628336,-372.860989335552,-0.0027785586413586424,-0.27785586413586427,24,96
SOL,2023-10-09 16:00:00,2023-10-09 20:00:00,2023-10-13 16:00:00,22.222199999999997,20.722199999999997,0.4285714285714288,3.5,0.06750006750006755,21.558419999999998,TIME_T24,892.1291484897254,19825.07236356837,0.14814799999999992,1338.1937227345888,1.5000000000000009,133819.37227345887,9.912536181784185,19.52898362047612,23.33185362045179,-592.1774861845091,-635.0383234254369,-0.004745488733333325,-0.4745488733333324,24,96
BTC,2023-10-11 04:00:00,2023-10-11 08:00:00,2023-10-15 04:00:00,27048.97195,26195.911949999998,243.73142857142895,3.5,0.03153761265222508,26855.63748,TIME_T24,1.5662472968475436,42365.37919919253,0.3170817052727822,1336.1029190487675,853.0600000000013,133610.29190487677,21.182689599596266,42.213974403680055,46.20553415861435,-302.8095910249493,-391.2290995872437,-0.00292813595427048,-0.29281359542704805,24,96
ETH,2023-10-27 16:00:00,2023-10-27 20:00:00,2023-10-31 16:00:00,1776.1043299999997,1649.4893299999997,36.17571428571427,3.5,0.07128804195866127,1809.65853,TIME_T24,10.48794414962257,18627.68301694281,0.1402759807289816,1327.9310485044612,126.61499999999995,132793.1048504461,9.313841508471405,18.803640304735445,22.551355805568992,351.9145755852684,310.5595794749639,0.002338672477194667,0.23386724771946668,24,96
ETH,2023-11-03 00:00:00,2023-11-03 04:00:00,2023-11-07 00:00:00,1800.1383399999997,1701.9508399999997,28.053571428571413,3.5,0.05454441906948105,1888.2198899999999,TIME_T24,13.556070215650786,24402.801734925044,0.1833368137492044,1331.0366442992108,98.18749999999994,133103.66442992107,12.201400867462523,24.999821573176725,30.22582064306419,1194.039676503357,1138.814034287116,0.008555842839974554,0.8555842839974555,24,96
BTC,2023-11-14 00:00:00,2023-11-14 04:00:00,2023-11-14 16:00:00,36484.52808,35259.27308,350.0728571428564,3.5,0.033582865518045575,35258.69601,STOP_CLOSE,1.0956288973659238,39973.503271206486,0.29777089732341494,1342.4247846420822,1225.2549999999974,134242.47846420822,19.986751635603245,39.30197475160155,7.979569344261273,-1343.0570392098844,-1390.3385833057473,-0.010356919800735352,-1.0356919800735354,4,16
ETH,2023-11-17 16:00:00,2023-11-17 20:00:00,2023-11-21 16:00:00,1940.8088699999996,1798.7463699999996,40.58928571428573,3.5,0.07319757354571452,1983.6144,TIME_T24,9.35166844740184,18149.801072016617,0.13661655046194449,1328.5213988090245,142.06250000000006,132852.13988090245,9.07490053600831,18.349952634154278,22.28217365128213,400.30312427531584,359.6709979898795,0.0027073030085349972,0.2707303008534997,24,96
SOL,2023-11-21 12:00:00,2023-11-21 16:00:00,2023-11-25 12:00:00,55.16510999999999,48.00510999999999,2.0457142857142863,3.5,0.12979218205130022,58.49145,TIME_T24,186.1246901891138,10267.589007998382,0.07704624301675975,1332.6527817540552,7.160000000000002,133265.27817540552,5.133794503999191,10.577146008980211,11.552387270657917,619.1140019636584,596.9844686840203,0.004479670000000011,0.44796700000000106,24,96
BTC,2023-11-22 00:00:00,2023-11-22 04:00:00,2023-11-26 00:00:00,36416.36998999999,34255.48998999999,617.394285714286,3.5,0.059338149315634234,37692.64962,TIME_T24,0.6157485140361582,22423.32570793344,0.16852564691236893,1330.558649010454,2160.880000000001,133055.8649010454,11.21166285396672,22.816259350766998,27.627973279401314,785.8672856671205,735.4230530369522,0.005527175022190052,0.5527175022190052,24,96
ETH,2023-11-22 00:00:00,2023-11-22 04:00:00,2023-11-26 00:00:00,1980.2883099999997,1837.7458099999997,40.72642857142858,3.5,0.07198068042930579,2073.87405,TIME_T24,9.334469712615212,18484.94125194096,0.13892616658189658,1330.558649010454,142.54250000000002,133055.8649010454,9.24247062597048,18.921727879722305,23.137583438402142,873.5732555626839,831.5139442445595,0.006249359581879103,0.6249359581879103,24,96
ETH,2023-11-26 16:00:00,2023-11-26 20:00:00,2023-11-30 16:00:00,2059.0970399999997,1981.2595399999996,22.23928571428574,3.5,0.03780176382556506,2039.38857,TIME_T24,17.392096655835267,35812.01474342429,0.2645379206680581,1353.7573234485792,77.83750000000009,135375.7323448579,17.906007371712146,35.64062893583498,42.47946561381809,-342.77161517862237,-420.89170972827543,-0.0031090632156736213,-0.31090632156736214,24,96
BTC,2023-11-27 04:00:00,2023-11-27 08:00:00,2023-12-01 04:00:00,37320.483199999995,36517.4007,229.4521428571414,3.5,0.021518545076072194,38205.835920000005,TIME_T24,1.6824599992349771,62790.220136120966,0.46471543334589194,1351.1541823356151,803.082499999995,135115.4182335615,31.395110068060482,63.53500540442791,69.5444487367178,1489.5705366139016,1356.4910824727558,0.010039498824093602,1.00394988240936,24,96
SOL,2023-11-27 04:00:00,2023-11-27 08:00:00,2023-12-01 04:00:00,55.985929999999996,51.040929999999996,1.412857142857143,3.5,0.08832576327659468,60.79914,TIME_T24,273.2364372771719,15297.396050849135,0.1132172497472194,1351.1541823356151,4.945,135115.4182335615,7.648698025424568,15.954968226982565,17.376744465079025,1315.1443522668578,1281.812639574796,0.009486797704752283,0.9486797704752282,24,96
SOL,2023-12-05 04:00:00,2023-12-05 08:00:00,2023-12-09 04:00:00,59.749689999999994,53.60218999999999,1.7564285714285712,3.5,0.10288756309865373,76.88304,TIME_T24,223.81967361883252,13373.15611462642,0.09719347702318017,1375.9314435717727,6.147499999999999,137593.14435717725,6.68657805731321,15.290546517125033,16.22782161605983,3834.780804997224,3803.262436864039,0.027641365815372108,2.7641365815372105,24,96
SOL,2023-12-11 00:00:00,2023-12-11 04:00:00,2023-12-15 00:00:00,70.95087999999998,59.83587999999999,3.1757142857142844,3.5,0.15665767640936937,74.30561999999999,TIME_T24,127.21224182999676,9025.820504611078,0.06383345029239769,1413.9640679404133,11.114999999999995,141396.4067940413,4.512910252305539,9.239202502689459,10.669926783490977,426.76399615676416,406.85486687058375,0.002877405982905991,0.28774059829059906,24,96
BTC,2023-12-11 16:00:00,2023-12-11 20:00:00,2023-12-15 16:00:00,40820.76998999999,38366.71998999999,701.1571428571436,3.5,0.06011768030346268,42053.98392,TIME_T24,0.5753047961817799,23484.38475908026,0.16634041682117293,1411.8267350698986,2454.050000000003,141182.67350698987,11.74219237954013,23.839121703403855,29.047863467956457,709.4738886471848,656.5869034758246,0.004650619563761961,0.4650619563761961,24,96
ETH,2023-12-11 16:00:00,2023-12-11 20:00:00,2023-12-15 16:00:00,2189.7875999999997,2042.2350999999996,42.15785714285715,3.5,0.06738210591748717,2239.9777799999997,TIME_T24,9.5683010119781,20952.54690909709,0.14840735331492177,1411.8267350698986,147.5525,141182.67350698987,10.476273454548545,21.192664284139774,25.72126757287423,480.23475008536354,433.32081822834954,0.003069220942376446,0.3069220942376446,24,96
BTC,2023-12-18 08:00:00,2023-12-18 12:00:00,2023-12-22 08:00:00,41146.225119999996,39522.317619999994,463.97357142857174,3.5,0.03946674318880996,43710.18606,TIME_T24,0.8799341673255155,36205.969339555406,0.25337788710255954,1428.9316938261607,1623.9075000000012,142893.16938261603,18.102984669777705,37.33402775695244,45.52583684383404,2256.11683479405,2173.256970193264,0.015208963308624436,1.5208963308624432,24,96
SOL,2023-12-18 08:00:00,2023-12-18 12:00:00,2023-12-22 08:00:00,69.08901999999999,61.21401999999999,2.25,3.5,0.11398337970346085,93.68622,TIME_T24,181.4516436604648,12536.316237890725,0.08773208888888888,1428.9316938261604,7.875,142893.16938261603,6.268158118945363,14.76791742261332,17.5732287852287,4463.202369445188,4430.861223237346,0.03100820873650796,3.100820873650796,24,96
BTC,2023-12-26 08:00:00,2023-12-26 12:00:00,2023-12-30 08:00:00,42728.245559999996,41071.64556,473.3142857142858,3.5,0.03877060661603258,41852.06604,TIME_T24,0.9024344294099151,38559.43990162534,0.25792735458167326,1494.9728757604657,1656.6000000000004,149497.28757604657,19.27971995081267,38.16409261902942,46.05873899210952,-790.6945651918514,-874.9173968029904,-0.005852396461427006,-0.5852396461427005,24,96
ETH,2023-12-26 08:00:00,2023-12-26 12:00:00,2023-12-30 08:00:00,2244.8425999999995,2148.9425999999994,27.39999999999996,3.5,0.04272014438785146,2285.8518599999998,TIME_T24,15.58887253139174,34994.565144438006,0.23408160583941634,1494.9728757604657,95.89999999999986,149497.28757604657,17.497282572219003,35.31420920781136,43.25358722486344,639.2881267467062,560.7203303140315,0.0037507057111574892,0.37507057111574893,24,96
BTC,2024-01-03 12:00:00,2024-01-03 16:00:00,2024-01-07 12:00:00,43043.01001,39775.62001,933.5399999999998,3.5,0.07590988639597697,44003.52243,TIME_T24,0.4565818298689708,19652.656273434226,0.13173514643186154,1491.830905095576,3267.3899999999994,149183.0905095576,9.826328136717112,19.87193253260196,21.95253702141132,438.552518335473,396.72804878145973,0.0026593365737790694,0.2659336573779069,24,96
SOL,2024-01-03 12:00:00,2024-01-03 16:00:00,2024-01-07 12:00:00,102.13202999999999,84.89452999999997,4.9250000000000025,3.5,0.168776631581689,93.86604,TIME_T24,86.54566527022918,8839.084481749003,0.05924990862944159,1491.830905095576,17.237500000000008,149183.0905095576,4.4195422408745015,8.481391679915472,9.379992293317981,-715.3856036670606,-733.246987640294,-0.004915081093546039,-0.4915081093546038,24,96
ETH,2024-01-07 20:00:00,2024-01-08 00:00:00,2024-01-11 20:00:00,2223.64142,2132.1714199999997,26.134285714285756,3.5,0.041135229438206876,2615.39199,TIME_T24,16.27272018920941,36184.69462879628,0.24310062534164167,1488.4657157069869,91.47000000000014,148846.5715706987,18.09234731439814,39.37211833358293,42.85645425366909,6374.847409573296,6292.618836986045,0.04227587354269155,4.227587354269155,24,96
SOL,2024-01-12 20:00:00,2024-01-13 00:00:00,2024-01-16 20:00:00,92.23213999999999,75.06463999999998,4.905,3.5,0.18613359724712017,97.51239,TIME_T24,90.36795713277107,8334.830073783738,0.053724852191641165,1551.3919040768474,17.1675,155139.19040768474,4.167415036891869,8.573412776608897,9.500383333368221,477.1654056503153,459.09160954033814,0.0029592239609727736,0.29592239609727733,24,96
BTC,2024-01-18 20:00:00,2024-01-19 00:00:00,2024-01-22 16:00:00,41368.83751,39448.96751,548.5342857142849,3.5,0.04640860404974907,39780.489689999995,STOP_CLOSE,0.8104625939111778,33527.89535544463,0.21547728497242027,1555.9828201722507,1919.8699999999972,155598.28201722508,16.763947677722314,32.88424710832945,36.912996202152414,-1287.2964942303668,-1357.0937375408487,-0.008721778415205222,-0.8721778415205224,23,92
ETH,2024-01-18 20:00:00,2024-01-19 00:00:00,2024-01-22 16:00:00,2473.2808099999997,2349.82831,35.27214285714285,3.5,0.0499144696796479,2319.5481299999997,STOP_CLOSE,12.603898828879537,31172.98110464923,0.20034270751908628,1555.9828201722507,123.45249999999999,155598.28201722508,15.586490552324614,30.20416553194297,34.07631680242007,-1937.6311454125134,-2001.9116277468763,-0.012865898015026028,-1.286589801502603,23,92
SOL,2024-02-16 12:00:00,2024-02-16 16:00:00,2024-02-20 12:00:00,109.77967,99.74467,2.867142857142855,3.5,0.09141036769376328,106.51338,TIME_T24,151.70829761030146,16654.48684792068,0.10939678126557058,1522.3927665193742,10.034999999999993,152239.2766519374,8.327243423960342,16.40672520021991,18.48459410573196,-495.52329540155125,-530.4146147075031,-0.0034840852267065277,-0.34840852267065275,24,96
SOL,2024-02-20 12:00:00,2024-02-20 16:00:00,2024-02-24 12:00:00,106.72662,96.38662,2.9542857142857164,3.5,0.0968830456731414,101.84805,TIME_T24,146.72036947507715,15658.969119226158,0.10321723404255312,1517.0886203722987,10.340000000000007,151708.86203722988,7.829484559613079,15.301076322771145,16.707341912865985,-715.7855929100266,-747.7940111456637,-0.00492913862185686,-0.492913862185686,24,96
BTC,2024-02-21 12:00:00,2024-02-21 16:00:00,2024-02-25 12:00:00,51207.155999999995,48679.23849999999,722.2621428571438,3.5,0.04936648893369519,51472.49598,TIME_T24,0.5984205953368809,30643.41677902853,0.20256656318886962,1512.7578953125214,2527.917500000003,151275.78953125214,15.321708389514264,30.722809233427668,33.78650246875762,158.78490879827862,94.27559709609332,0.0006232034708806916,0.062320347088069154,24,96
BTC,2024-03-05 16:00:00,2024-03-05 20:00:00,2024-03-09 16:00:00,61472.39098,54231.428479999995,2068.846428571429,3.5,0.1177921077180135,68125.31649,TIME_T24,0.20861224405343948,12823.893429668211,0.08489533122150542,1510.5534362318035,7240.9625000000015,151055.34362318035,6.411946714834106,13.517834289748947,16.750900645004076,1387.8817201614736,1357.6129852267206,0.008987520419094838,0.8987520419094838,24,96
ETH,2024-03-05 16:00:00,2024-03-05 20:00:00,2024-03-09 16:00:00,3379.8364599999995,2983.8489599999994,113.1392857142857,3.5,0.11716173391419063,3877.29882,TIME_T24,3.814649291282689,12892.89075679039,0.08535209975062344,1510.5534362318035,395.98749999999995,151055.34362318035,6.446445378395195,13.841712976297298,17.53951711841245,1897.6444390138156,1866.2632089191059,0.012354830780264543,1.2354830780264543,24,96
ETH,2024-03-11 00:00:00,2024-03-11 04:00:00,2024-03-15 00:00:00,3870.7869199999996,3662.98442,59.3721428571428,3.5,0.05368482024321809,3718.4777999999997,STOP_CLOSE,7.424319717872805,28737.959653840142,0.18627239422047395,1542.792198173262,207.80249999999978,154279.2198173262,14.368979826920071,28.172563852426215,35.47092731353021,-1130.7916028278544,-1194.4350939938108,-0.007742034834037129,-0.7742034834037129,24,96
SOL,2024-03-11 00:00:00,2024-03-11 04:00:00,2024-03-15 00:00:00,141.30115999999998,127.54115999999999,3.931428571428569,3.5,0.09738065844611603,175.84398000000002,TIME_T24,112.12152603003365,15842.901689013948,0.10268979651162796,1542.792198173262,13.759999999999991,154279.2198173262,7.921450844506975,17.779398534904335,21.09420754271244,3872.993691780771,3834.120085703154,0.024851824440407018,2.485182444040702,24,96
BTC,2024-03-14 16:00:00,2024-03-14 20:00:00,2024-03-18 16:00:00,69484.50508999999,64301.48008999999,1480.864285714286,3.5,0.07459252956161484,66869.064,TIME_T24,0.3008721768869682,20905.954306341922,0.13406168229942936,1559.428014609579,5183.0250000000015,155942.80146095788,10.452977153170961,20.51249757920796,24.62019061397101,-786.9134542679228,-832.0461424611018,-0.005335585449703585,-0.5335585449703585,24,96
ETH,2024-03-15 08:00:00,2024-03-15 12:00:00,2024-03-19 08:00:00,3693.0193299999996,3304.6918299999993,110.95071428571434,3.5,0.1051517648027042,3273.23349,STOP_CLOSE,4.02713462106403,14872.286000101685,0.09510063876495993,1563.8471195612428,388.3275000000002,156384.7119561243,7.436143000050842,14.027018955253464,17.37796380523868,-1690.5340896964435,-1721.9390724569357,-0.011010916929910946,-1.1010916929910948,24,96
BTC,2024-03-19 04:00:00,2024-03-19 08:00:00,2024-03-23 04:00:00,64768.93423,58879.62923,1682.658571428572,3.5,0.0909279281806086,64510.834590000006,TIME_T24,0.26271605000129816,17015.83856369947,0.1099772116234428,1547.2149468528958,5889.305000000002,154721.49468528957,8.507919281849736,16.981935104735694,18.739113399184195,-67.80691792755523,-103.52796643147512,-0.0006691246529259275,-0.06691246529259275,24,96
SOL,2024-03-19 08:00:00,2024-03-19 12:00:00,2024-03-23 08:00:00,178.01783999999998,139.53784,10.994285714285711,3.5,0.21615811089495296,175.67415,TIME_T24,39.99819479852524,7120.392241932697,0.04626243243243244,1539.130535847251,38.47999999999999,153913.05358472507,3.560196120966349,7.0735205573490205,8.574493015349454,-93.74336916735486,-109.39138274005333,-0.0007107349259355462,-0.07107349259355461,24,96
ETH,2024-03-20 04:00:00,2024-03-20 08:00:00,2024-03-24 04:00:00,3221.6884699999996,2808.2034699999995,118.13857142857144,3.5,0.12834419089565172,3338.4582,TIME_T24,3.716779978986467,11974.30720382754,0.0779154859305658,1536.8327696112192,413.485,153683.2769611219,5.9871536019137706,12.19131090113537,13.979879933602051,434.007394615657,407.8362037809196,0.0026537448435856306,0.26537448435856303,24,96
ETH,2024-03-29 16:00:00,2024-03-29 20:00:00,2024-04-02 08:00:00,3503.8503499999997,3283.68785,62.90357142857143,3.5,0.06283444725314825,3305.3313599999997,STOP_CLOSE,7.020261690738742,24597.946382186532,0.159148372225061,1545.5983644872686,220.16250000000002,154559.83644872686,12.298973191093266,23.90111875199596,27.232023334338717,-1393.6552603811476,-1444.7884024674822,-0.009347760942712769,-0.9347760942712768,22,88
BTC,2024-04-01 04:00:00,2024-04-01 08:00:00,2024-04-02 00:00:00,69664.53494,67450.80993999999,632.4928571428588,3.5,0.03177692927838565,66637.26603,STOP_CLOSE,0.6994076647187168,48723.909696100854,0.31469371733164603,1548.2962325794456,2213.725000000006,154829.62325794456,24.361954848050427,47.66526215669151,9.643919668876311,-2117.2950788186745,-2174.604260644242,-0.014045143396243841,-1.4045143396243842,5,20
SOL,2024-04-02 04:00:00,2024-04-02 08:00:00,2024-04-06 04:00:00,183.36318,165.00567999999998,5.2450000000000045,3.5,0.10011551937526397,177.09273000000002,TIME_T24,82.44920204087643,15118.147874677592,0.09988461391801708,1513.5612264653903,18.357500000000016,151356.12264653904,7.5590739373387965,14.859651075208987,16.521748249365107,-516.9935989372121,-548.3749982617862,-0.003623077736619897,-0.36230777366198974,24,96
BTC,2024-04-02 16:00:00,2024-04-02 20:00:00,2024-04-06 16:00:00,65980.82491,61200.064909999994,1365.9314285714293,3.5,0.0724568085731137,68191.72002,TIME_T24,0.3161037518799058,20856.786306182148,0.1380132550263974,1511.2161728373792,4780.760000000002,151121.61728373793,10.428393153091074,21.206222425824116,25.435752435324382,698.8722392839363,652.2302644227879,0.004315929621095802,0.43159296210958026,24,96
ETH,2024-04-02 16:00:00,2024-04-02 20:00:00,2024-04-06 16:00:00,3280.80753,3017.32503,75.28071428571427,3.5,0.08031025824913293,3345.89076,TIME_T24,5.7355466599769604,18817.224670718762,0.12451709430417582,1511.2161728373792,263.48249999999996,151121.61728373793,9.408612335359381,19.003868621942267,22.84839324537724,373.28790244701077,331.43564057969127,0.002193171609309906,0.21931716093099066,24,96
SOL,2024-04-09 08:00:00,2024-04-09 12:00:00,2024-04-10 12:00:00,176.37619999999998,163.44869999999997,3.693571428571431,3.5,0.07329503640513862,167.75207999999998,STOP_CLOSE,117.09590771019583,20652.93123747504,0.13643488686907745,1513.7573469235576,12.927500000000009,151375.73469235576,10.32646561873752,20.148006657674216,6.061469662618287,-1009.8491596016546,-1036.0586359219471,-0.006844284772771223,-0.6844284772771223,7,28
BTC,2024-04-10 12:00:00,2024-04-10 16:00:00,2024-04-13 16:00:00,68725.96730999999,64605.85730999999,1177.174285714285,3.5,0.05994982917323739,64723.221990000005,STOP_CLOSE,0.3648923840781773,25077.582059824777,0.1668061467048211,1503.396760564338,4120.109999999997,150339.6760564338,12.538791029912389,24.347296418488497,22.759200600551882,-1460.5712826725621,-1507.6777796916024,-0.010028475644218214,-1.0028475644218213,19,76
BTC,2024-04-19 00:00:00,2024-04-19 04:00:00,2024-04-23 00:00:00,61846.92513999999,55688.19013999999,1759.6385714285705,3.5,0.09958029418695848,66368.57499,TIME_T24,0.24166001342279259,14945.928759490846,0.10042147476713971,1488.3199827674218,6158.734999999997,148831.99827674218,7.472964379745423,15.49227974121293,18.860156619730784,1092.7019634441685,1058.3495270832248,0.00711103485364284,0.711103485364284,24,96
ETH,2024-04-19 00:00:00,2024-04-19 04:00:00,2024-04-23 00:00:00,2982.7898099999998,2679.8723099999997,86.54785714285711,3.5,0.10155509415529347,3180.7161,TIME_T24,4.913284913441522,14655.296173440103,0.09846871871054003,1488.3199827674218,302.9174999999999,148831.99827674218,7.3276480867200515,15.141530300755331,18.484274086143266,972.4682546304533,938.8424502435547,0.0063080685680094555,0.6308068568009455,24,96
SOL,2024-05-23 12:00:00,2024-05-23 16:00:00,2024-05-27 12:00:00,172.86269,155.39019,4.992142857142858,3.5,0.10107733484883294,170.86896,TIME_T24,86.32376034000224,14922.1574232881,0.09893414794677348,1508.2919025406895,17.472500000000004,150829.19025406893,7.46107871164405,14.836104287936763,15.880032628386473,-172.10627070267262,-202.82240761899584,-0.001344715882100443,-0.1344715882100443,24,96
BTC,2024-05-23 20:00:00,2024-05-24 00:00:00,2024-05-27 20:00:00,68037.62965999999,64161.97465999999,1107.3299999999997,3.5,0.05696340421275046,69366.99356999999,TIME_T24,0.38987985654791835,26526.50129170119,0.17555130593409374,1511.039815429222,3875.654999999999,151103.9815429222,13.263250645850595,26.78564739696658,29.502999811209918,518.2922105307798,462.0035633226033,0.003057520778771589,0.3057520778771589,24,96
BTC,2024-05-28 00:00:00,2024-05-28 04:00:00,2024-06-01 00:00:00,68118.35029999999,65092.70529999999,864.4700000000001,3.5,0.04441747321646456,67647.59469,TIME_T24,0.49935921567061714,34015.525978584345,0.22513662475273857,1510.8837140977246,3025.6450000000004,151088.3714097725,17.00776298929217,33.89798790249327,40.6899371361877,-235.07615218213937,-309.66407722082033,-0.0020495559938293905,-0.20495559938293909,24,96
ETH,2024-05-29 20:00:00,2024-05-30 00:00:00,2024-06-02 20:00:00,3771.2074399999997,3539.5549399999995,66.18642857142858,3.5,0.061426613010712575,3777.12909,TIME_T24,6.51054255518321,24552.60652254353,0.16279588780608883,1508.1834592645787,231.65250000000003,150818.34592645787,12.276303261271766,24.57188309970448,26.99273547595981,38.553154321902134,-13.011464253762156,-8.627242378130054e-05,-0.008627242378130055,24,96
BTC,2024-06-07 16:00:00,2024-06-07 20:00:00,2024-06-11 12:00:00,69324.26500999999,66332.91251,854.6721428571431,3.5,0.04315015095462606,66178.23552,STOP_CLOSE,0.5040051143029711,34939.784110334505,0.23174889956967615,1507.656958682979,2991.352500000001,150765.6958682979,17.469892055167254,34.14697663398053,38.43598442237031,-1585.614952707961,-1658.1979137643118,-0.01099850933738162,-1.099850933738162,23,92
ETH,2024-06-11 08:00:00,2024-06-11 12:00:00,2024-06-14 16:00:00,3533.0895599999994,3386.029559999999,42.017142857142936,3.5,0.041623626433064526,3402.80379,STOP_CLOSE,10.164756424398975,35912.99480298694,0.24024816809465474,1494.8290797721163,147.0600000000003,149482.9079772116,17.956497401493472,35.25083324417931,35.62534683342571,-1324.3231176152622,-1395.1992976928673,-0.009333503853869118,-0.9333503853869116,20,80
SOL,2024-06-11 16:00:00,2024-06-11 20:00:00,2024-06-15 16:00:00,149.36921999999998,136.96421999999998,3.5442857142857145,3.5,0.08304923865840634,144.51534,TIME_T24,119.88821436132307,17907.609066343623,0.12041049576783552,1487.2132991522128,12.405000000000001,148721.3299152213,8.95380453317181,17.616647563381555,21.397768387423305,-581.9230059241359,-620.9374218749407,-0.0041751739459895,-0.41751739459895,24,96
ETH,2024-07-23 16:00:00,2024-07-23 20:00:00,2024-07-25 00:00:00,3460.48703,3220.08453,68.68642857142855,3.5,0.0694707126239395,3165.1317000000004,STOP_CLOSE,6.118545407596255,21173.1470254529,0.14394555089901317,1470.913612349658,240.40249999999992,147091.3612349658,10.586573512726451,20.269574526462616,8.370102813592194,-1807.1449979805727,-1835.7846753206275,-0.012480574385249719,-1.2480574385249719,8,32
SOL,2024-07-25 00:00:00,2024-07-25 04:00:00,2024-07-29 00:00:00,170.70053,151.71803,5.423571428571429,3.5,0.11120352116071346,192.05775,TIME_T24,76.520783121109,13062.138234788361,0.0899252100618991,1452.555765596452,18.9825,145255.57655964518,6.53106911739418,13.879273834633267,16.514791933980867,1634.2711996898126,1603.8771339211985,0.011041759441590944,1.1041759441590944,24,96
BTC,2024-07-25 04:00:00,2024-07-25 08:00:00,2024-07-29 04:00:00,64198.13399999999,60935.4915,932.1835714285693,3.5,0.05082145378244161,69458.48199,TIME_T24,0.4448793628305569,28560.424948830707,0.19676729522158842,1451.482316543892,3262.6424999999927,145148.2316543892,14.280212474415354,29.730535079859813,32.97367138140804,2340.2202620582048,2277.516055596937,0.015690966604539173,1.5690966604539174,24,96
ETH,2024-07-25 04:00:00,2024-07-25 08:00:00,2024-07-29 04:00:00,3175.0118399999997,2919.09684,73.11857142857136,3.5,0.08060284902748575,3363.5430899999997,TIME_T24,5.671735992590874,18007.828929830175,0.12406509348807232,1451.482316543892,255.91499999999974,145148.2316543892,9.003914464915088,18.54247866800675,20.22944315386979,1069.2994763531483,1030.5275545312718,0.007099828518648778,0.7099828518648779,24,96
BTC,2024-07-29 16:00:00,2024-07-29 20:00:00,2024-08-01 12:00:00,67370.35304999999,63277.90554999999,1169.2707142857148,3.5,0.060745525512724066,62843.6934,STOP_CLOSE,0.3669381154032997,24720.75038222194,0.16462117852458696,1501.674973036946,4092.447500000002,150167.4973036946,12.36037519111097,23.89024840170036,19.363371684849014,-1661.003961043158,-1704.2575811297072,-0.011349044312052851,-1.1349044312052852,17,68
SOL,2024-07-30 20:00:00,2024-07-31 00:00:00,2024-08-01 12:00:00,179.33915999999996,163.72165999999996,4.462142857142855,3.5,0.08708360181903382,162.50733,STOP_CLOSE,95.86138678551184,17191.70058254879,0.11483218184728672,1497.1152081227306,15.617499999999994,149711.52081227305,8.595850291274395,16.384939299579802,6.74039755043648,-1613.5225659379787,-1636.647902787995,-0.010932010401792844,-1.0932010401792844,10,40
BTC,2024-08-01 16:00:00,2024-08-01 20:00:00,2024-08-04 12:00:00,63485.43201,59736.63701,1071.0842857142857,3.5,0.059049688744490285,59026.92399,STOP_CLOSE,0.39166343270244663,24864.922227634386,0.16934890280743542,1468.2659181977685,3748.795,146826.59181977686,12.432461113817194,23.99180494971209,19.506619058883476,-1746.234555844586,-1789.7329798531816,-0.012189433519304184,-1.2189433519304185,17,68
ETH,2024-08-01 16:00:00,2024-08-01 20:00:00,2024-08-03 00:00:00,3134.7716399999995,2926.6616399999994,59.46000000000007,3.5,0.06638761093296106,2979.5175,STOP_CLOSE,7.055239624226451,22116.56508742933,0.15063051463168495,1468.2659181977685,208.11000000000024,146826.59181977686,11.058282543714666,21.568887507252732,8.733977450894143,-1095.3551603531978,-1125.6580253113448,-0.007666581450675094,-0.7666581450675094,8,32
SOL,2024-08-01 16:00:00,2024-08-01 20:00:00,2024-08-03 16:00:00,162.55238999999997,144.90238999999997,5.042857142857143,3.5,0.10858037830142024,140.27957999999998,STOP_CLOSE,83.18787071942032,13522.38720445279,0.09209767138810197,1468.2659181977685,17.65,146826.59181977686,6.761193602226395,12.595973385033684,7.787798893139971,-1852.8276388382114,-1873.211411116385,-0.012757984694050987,-1.2757984694050988,12,48
SOL,2024-08-04 08:00:00,2024-08-04 12:00:00,2024-08-05 00:00:00,143.6435,122.88099999999997,5.93214285714286,3.5,0.14454186928054533,126.01386,STOP_CLOSE,68.76898132372794,9878.217168774914,0.06918410596026486,1427.815974733902,20.76250000000001,142781.5974733902,4.939108584387458,9.27203097682289,1.880900408185283,-1212.3723839040467,-1223.5253152890548,-0.008569208756170975,-0.8569208756170974,4,16
BTC,2024-08-04 16:00:00,2024-08-04 20:00:00,2024-08-05 00:00:00,59316.92766999999,54471.44516999999,1384.4235714285714,3.5,0.08168802212678729,53836.97913,STOP_CLOSE,0.29288808925929305,17373.221605997987,0.12241696811411454,1419.1841109643424,4845.4825,141918.41109643423,8.686610802998993,16.57071577743806,1.7034664159409743,-1605.0116571198498,-1623.2858393132287,-0.011438162439757012,-1.1438162439757011,2,8
SOL,2024-09-30 08:00:00,2024-09-30 12:00:00,2024-10-01 12:00:00,155.7556,146.6581,2.5992857142857155,3.5,0.058408814835550084,149.46039000000002,STOP_CLOSE,152.9993715294241,23830.50891218837,0.17120703489969763,1391.9117824889363,9.097500000000004,139191.17824889364,11.915254456094184,23.348927325365498,7.090908872902689,-963.1631736457412,-993.6030098440093,-0.007138405050838104,-0.7138405050838106,7,28
BTC,2024-09-30 16:00:00,2024-09-30 20:00:00,2024-10-01 16:00:00,63551.48799999999,61563.33549999999,568.0435714285715,3.5,0.031284121939048865,61694.23401,STOP_CLOSE,0.6995037251267469,44454.502593347745,0.31965097244803903,1390.7200798700546,1988.1525000000001,139072.00798700546,22.227251296673874,43.80492455109199,13.290736559791046,-1299.156084511507,-1356.25174562239,-0.009752154766824929,-0.975215476682493,6,24
SOL,2024-10-01 20:00:00,2024-10-02 00:00:00,2024-10-05 20:00:00,145.26512,130.97011999999998,4.084285714285717,3.5,0.09840627949779004,142.44741,TIME_T24,95.72670408774194,13905.751156510323,0.10161953130465191,1368.413234934272,14.29500000000001,136841.3234934272,6.952875578255162,13.770886110822786,14.929632496228319,-269.7300913750718,-298.4306099821229,-0.0021808515320041995,-0.21808515320041993,24,96
BTC,2024-10-02 16:00:00,2024-10-02 20:00:00,2024-10-06 16:00:00,60250.20000999999,56299.677509999994,1128.7207142857146,3.5,0.06556862050821931,62568.74862,TIME_T24,0.3450824987112701,20791.28956730459,0.15251197787128154,1363.256175515094,3950.522500000001,136325.61755150938,10.395644783652296,21.191334841165762,25.51343505496365,800.0905477223439,753.3857778262145,0.005526369814840961,0.552636981484096,24,96
BTC,2024-10-09 12:00:00,2024-10-09 16:00:00,2024-10-10 16:00:00,62378.31599999999,59493.11099999999,824.3442857142862,3.5,0.04625333264847999,59667.55272,STOP_CLOSE,0.4758631662612233,29683.54295780312,0.2162006373897174,1372.9627866127137,2885.2050000000017,137296.27866127135,14.841771478901562,29.038566759100398,8.676193261658073,-1289.9523974054553,-1327.6671574262136,-0.009670088442103734,-0.9670088442103733,7,28
SOL,2024-10-09 12:00:00,2024-10-09 16:00:00,2024-10-13 12:00:00,142.97283,132.72532999999999,2.9278571428571474,3.5,0.07167445730772776,145.19466,TIME_T24,133.98026705174055,19155.537944543103,0.13951971700414711,1372.9627866127134,10.247500000000016,137296.27866127135,9.577768972271551,19.30437863291489,21.065717388545167,297.68137674357024,257.31128072211015,0.0018741315003659507,0.1874131500365951,24,96
BTC,2024-10-22 00:00:00,2024-10-22 04:00:00,2024-10-26 00:00:00,67457.40000999998,65172.41000999998,652.8542857142862,3.5,0.03387308137670991,66847.086,TIME_T24,0.5961773258726174,40216.57234828126,0.2952196727775611,1362.259227845673,2284.9900000000016,136225.9227845673,20.10828617414063,40.034644661069066,48.09944178031258,-363.8553744243863,-451.98946086576797,-0.003317940166061938,-0.3317940166061938,24,96
SOL,2024-10-25 20:00:00,2024-10-26 00:00:00,2024-10-29 20:00:00,165.07491,148.17991,4.827142857142854,3.5,0.10234747364090636,179.24058,TIME_T24,80.32268053632896,13259.259260493254,0.09770636874815039,1357.051687661277,16.89499999999999,135705.1687661277,6.629629630246627,13.828171553489785,15.427095314529486,1137.8245859930596,1108.5693191250405,0.008168954279372606,0.8168954279372606,24,96
SOL,2024-10-31 20:00:00,2024-11-01 00:00:00,2024-11-04 20:00:00,168.85868999999997,156.14868999999996,3.6314285714285717,3.5,0.07527003792342582,157.79205,STOP_CLOSE,107.69669759467078,18185.523273162256,0.13285498819826905,1368.8250264282658,12.71,136882.50264282658,9.092761636581129,17.589602982427714,19.431392056913666,-1191.840581469085,-1228.8615765084264,-0.008977492029897699,-0.89774920298977,24,96
BTC,2024-11-01 16:00:00,2024-11-01 20:00:00,2024-11-05 16:00:00,69337.268,65433.4555,1115.375,3.5,0.05630179285402477,68926.99401000001,TIME_T24,0.3499824896561991,24266.829680599105,0.1776142373641152,1366.2660179009908,3903.8125,136626.60179009908,12.133414840299553,24.195035324368416,28.943207861780333,-143.58871246137798,-196.72695564752672,-0.0014398876431821121,-0.14398876431821123,24,96
SOL,2024-11-04 20:00:00,2024-11-05 00:00:00,2024-11-08 20:00:00,158.10794999999996,144.84044999999995,3.7907142857142913,3.5,0.08391418647828919,199.65015,TIME_T24,101.82543707061389,16099.411113088763,0.11916936122102863,1350.9689863343717,13.26750000000002,135096.89863343717,8.049705556544382,18.214437449026192,20.659566578130995,4230.05267187486,4191.178667847703,0.031023500244959472,3.102350024495947,24,96
ETH,2024-11-15 04:00:00,2024-11-15 08:00:00,2024-11-19 04:00:00,3042.5294899999994,2697.9094899999996,98.46285714285715,3.5,0.11326759564128336,3114.9619199999997,TIME_T24,4.052234135526619,12329.041857724393,0.0882865036852185,1396.4809277851834,344.62,139648.09277851833,6.1645209288621965,12.475798440406965,13.889097335263653,293.5131653651435,267.1482695894729,0.0019130105128837645,0.19130105128837643,24,96
ETH,2024-11-20 16:00:00,2024-11-20 20:00:00,2024-11-24 16:00:00,3061.0980399999994,2813.3530399999995,70.78428571428572,3.5,0.08093337644291852,3323.30337,TIME_T24,5.6475505478660635,17287.70591287373,0.12355841853518737,1399.1524104810778,247.745,139915.2410481078,8.643852956436866,18.028114840421186,22.45294977049947,1480.8178550949058,1440.336790483985,0.010294352349996998,1.0294352349997,24,96
SOL,2024-11-21 00:00:00,2024-11-21 04:00:00,2024-11-25 00:00:00,236.05581999999995,212.66581999999997,6.682857142857141,3.5,0.09908673296002614,252.20754,TIME_T24,59.86440864224877,14131.342070861117,0.10092168448054727,1400.2285181421983,23.389999999999993,140022.85181421982,7.065671035430559,14.61479865403871,18.232723346943782,966.9131663551847,934.0656443542022,0.006670808601966672,0.6670808601966671,24,96
BTC,2024-11-25 12:00:00,2024-11-25 16:00:00,2024-11-26 08:00:00,96096.57057,91781.19807,1232.9635714285719,3.5,0.044906623351938846,92264.49315000001,STOP_CLOSE,0.32972737227886095,31685.669699056223,0.222684300300843,1422.8964348294594,4315.372500000001,142289.64348294595,15.842834849528112,31.053899290023345,6.159166520581159,-1263.5408180657528,-1300.7538838763573,-0.009141592121792465,-0.9141592121792467,5,20
SOL,2024-11-25 12:00:00,2024-11-25 16:00:00,2024-11-29 12:00:00,245.21496999999997,221.32246999999995,6.826428571428571,3.5,0.0974349159841261,243.2565,TIME_T24,59.55410420966661,14603.55787715027,0.10263261274458511,1422.8964348294594,23.8925,142289.64348294595,7.301778938575135,14.545240413914517,15.431540374600395,-116.6349264715044,-146.6117072600193,-0.0010303751114366336,-0.10303751114366337,24,96
ETH,2024-11-26 08:00:00,2024-11-26 12:00:00,2024-11-30 08:00:00,3326.34302,3012.6780200000003,89.61857142857136,3.5,0.09429725019760582,3650.03631,TIME_T24,4.461367626202842,14840.039063073791,0.10604763107136603,1399.3748764729132,313.66499999999974,139937.48764729133,7.420019531536895,15.562096445486336,18.92421135135671,1444.1147648250887,1409.6284570282457,0.010073272578547189,1.007327257854719,24,96
BTC,2024-11-26 20:00:00,2024-11-27 00:00:00,2024-11-30 20:00:00,92057.12516,85218.07766,1954.0135714285716,3.5,0.07429134342521979,96311.58201,TIME_T24,0.20484360480931016,18857.313366156242,0.13460518465473445,1400.9351433621007,6839.047500000001,140093.51433621006,9.428656683078122,19.293062504986075,21.62125027167967,871.498277659663,830.5839648829973,0.005928782419503596,0.5928782419503597,24,96
SOL,2024-12-02 04:00:00,2024-12-02 08:00:00,2024-12-06 04:00:00,228.84861999999998,213.57361999999998,4.364285714285714,3.5,0.06674717986064325,239.0607,TIME_T24,93.67102475530002,21436.484749236246,0.14981906382978724,1430.8249031372077,15.274999999999999,143082.49031372077,10.718242374618123,21.9147727484778,23.8603517807938,956.5759984831056,910.800873953834,0.006365564870703774,0.6365564870703774,24,96
BTC,2024-12-02 12:00:00,2024-12-02 16:00:00,2024-12-03 12:00:00,97145.05800999998,93721.97300999999,978.0242857142845,3.5,0.03523684138052219,95586.85746,STOP_CLOSE,0.4180541116353056,40611.89092613077,0.2837938818638746,1431.034758727138,3423.0849999999955,143103.4758727138,20.305945463065385,40.286184852790825,8.001163143888924,-651.4121466798861,-699.6994946765658,-0.0048894654054310125,-0.48894654054310127,6,24
BTC,2024-12-03 12:00:00,2024-12-03 16:00:00,2024-12-05 20:00:00,95778.22253999999,90888.10504,1397.1764285714287,3.5,0.051056674161579205,96848.68437,STOP_CLOSE,0.2900450129871651,27779.99580050189,0.19586077950069705,1418.3541937962634,4890.1175,141835.41937962634,13.889997900250945,27.935236858194198,17.121261981868095,310.4821153846188,265.42561654455653,0.0018713634274534605,0.18713634274534605,14,56
ETH,2024-12-03 12:00:00,2024-12-03 16:00:00,2024-12-07 12:00:00,3575.3718,3319.4993,73.1064285714286,3.5,0.07156528448314105,4000.70529,TIME_T24,5.5432068463639625,19819.025440056645,0.1397325542995046,1418.3541937962634,255.8725000000001,141835.41937962634,9.909512720028323,20.997881196934586,23.494316811215327,2357.711513755878,2313.219315747728,0.01630917951147544,1.6309179511475438,24,96
