symbol,signal_time,entry_time,raw_entry_open,sweep_low,ref_low,btc_sigma,vol_percentile,vol_scalar,vol_history_count,atr14
BTC,2019-07-22 16:00:00,2019-07-22 20:00:00,10163.75,10100.0,10121.84,0.024570969317376352,0.978702807357212,0.5,1033,268.0285714285713
ETH,2019-07-22 16:00:00,2019-07-22 20:00:00,213.53,212.25,212.52,0.024570969317376352,0.978702807357212,0.5,1033,6.266428571428569
BTC,2019-08-13 16:00:00,2019-08-13 20:00:00,10936.28,10788.45,10911.0,0.017011955506627607,0.6549356223175966,1.0,1165,159.81642857142847
BTC,2019-08-14 08:00:00,2019-08-14 12:00:00,10554.72,10410.0,10541.0,0.01693203321038651,0.6526946107784432,1.0,1169,169.98857142857145
BTC,2019-08-16 04:00:00,2019-08-16 08:00:00,9937.57,9750.0,9911.0,0.015994957945727042,0.620016963528414,1.0,1179,286.2414285714286
BTC,2019-08-21 16:00:00,2019-08-21 20:00:00,10107.14,9858.0,9921.16,0.014540411654882351,0.5833333333333334,1.0,1212,234.7785714285714
BTC,2019-10-30 08:00:00,2019-10-30 12:00:00,9096.23,9018.0,9072.0,0.015021580699101958,0.6895705521472393,0.5,1630,221.34214285714305
BTC,2019-10-30 12:00:00,2019-10-30 16:00:00,9093.72,9001.01,9018.0,0.014849443655155224,0.6824034334763949,0.5,1631,208.1035714285716
BTC,2019-10-31 08:00:00,2019-10-31 12:00:00,9109.53,8913.0,9001.01,0.014848223740534261,0.6803178484107579,0.5,1636,197.35928571428576
BTC,2019-11-07 20:00:00,2019-11-08 00:00:00,9214.0,9101.0,9119.0,0.014737924795134274,0.661511005353956,0.5,1681,107.98357142857132
BTC,2019-11-11 08:00:00,2019-11-11 12:00:00,8726.17,8618.68,8696.0,0.014669953395872931,0.6586368977673326,1.0,1702,123.74071428571435
BTC,2019-11-12 12:00:00,2019-11-12 16:00:00,8703.61,8567.6,8618.68,0.01465210661998349,0.6541837331772966,1.0,1709,136.1757142857141
BTC,2020-01-19 08:00:00,2020-01-19 12:00:00,8681.16,8524.2,8586.0,0.010994546464040756,0.29773156899810965,1.0,2116,174.24714285714293
BTC,2020-01-19 20:00:00,2020-01-20 00:00:00,8701.72,8466.0,8524.2,0.011011376027628408,0.3020292590844738,1.0,2119,169.39500000000004
BTC,2020-01-23 16:00:00,2020-01-23 20:00:00,8369.9,8306.39,8326.0,0.010747517772614297,0.27310924369747897,1.0,2142,119.40928571428569
BTC,2020-01-24 00:00:00,2020-01-24 04:00:00,8320.59,8275.5,8306.39,0.010775517829081583,0.27472014925373134,1.0,2144,121.25
BTC,2020-01-24 08:00:00,2020-01-24 12:00:00,8413.42,8238.0,8275.5,0.010782441475525753,0.27586206896551724,1.0,2146,115.60857142857147
BTC,2020-02-02 04:00:00,2020-02-02 08:00:00,9370.53,9120.0,9204.44,0.011083664860614375,0.3210550250113688,1.0,2199,124.91500000000009
BTC,2020-02-04 08:00:00,2020-02-04 12:00:00,9182.81,9108.0,9120.0,0.011049715637344025,0.3178119349005425,1.0,2212,134.62285714285736
BTC,2020-02-04 12:00:00,2020-02-04 16:00:00,9207.02,9093.01,9108.0,0.011043844620447286,0.31721644826028017,1.0,2213,125.95928571428587
ETH,2020-02-16 12:00:00,2020-02-16 16:00:00,258.84,256.06,256.08,0.009250489481148934,0.09584245076586433,1.0,2285,9.997857142857145
BTC,2020-02-17 12:00:00,2020-02-17 16:00:00,9635.27,9452.67,9568.0,0.00946252698477908,0.12789175032736796,1.0,2291,199.97571428571413
BTC,2020-02-19 20:00:00,2020-02-20 00:00:00,9594.65,9350.0,9452.67,0.009787350219062775,0.1953125,1.0,2304,210.48571428571435
BTC,2020-02-24 16:00:00,2020-02-24 20:00:00,9601.14,9473.56,9550.21,0.009560140238269173,0.15259322760394342,1.0,2333,142.76785714285728
ETH,2020-02-25 04:00:00,2020-02-25 08:00:00,257.63,254.85,256.0,0.009596279172118406,0.16095890410958905,1.0,2336,7.025714285714285
ETH,2020-02-25 16:00:00,2020-02-25 20:00:00,250.4,245.93,250.13,0.009776981069464155,0.20436083796494228,1.0,2339,7.891428571428572
BTC,2020-02-25 20:00:00,2020-02-26 00:00:00,9316.48,9250.0,9281.0,0.009741248753315205,0.20085470085470086,1.0,2340,170.60785714285728
ETH,2020-02-25 20:00:00,2020-02-26 00:00:00,246.67,244.44,245.93,0.009741248753315205,0.20085470085470086,1.0,2340,8.177142857142858
BTC,2020-02-26 08:00:00,2020-02-26 12:00:00,9158.36,9102.0,9111.0,0.009800055968614996,0.2087067861715749,1.0,2343,164.4564285714288
ETH,2020-02-26 16:00:00,2020-02-26 20:00:00,229.77,215.66,225.98,0.009962421879444943,0.22345415778251598,1.0,2345,9.895714285714291
ETH,2020-04-20 20:00:00,2020-04-21 00:00:00,170.21,166.7,167.14,0.01579488363767179,0.7438202247191011,0.5,2670,6.5792857142857155
ETH,2020-05-04 00:00:00,2020-05-04 04:00:00,203.6,202.03,202.07,0.013715941248293667,0.5503819570753001,1.0,2749,4.5200000000000005
BTC,2020-05-04 04:00:00,2020-05-04 08:00:00,8648.42,8522.0,8573.98,0.013737665021783807,0.5509090909090909,1.0,2750,187.6542857142857
ETH,2020-05-11 16:00:00,2020-05-11 20:00:00,187.3,176.0,179.59,0.016323628225768706,0.7599284436493738,0.5,2795,7.734999999999998
BTC,2020-05-21 08:00:00,2020-05-21 12:00:00,9389.97,9228.0,9326.0,0.016207756863785613,0.7476340694006309,0.5,2853,193.5699999999997
BTC,2020-05-21 16:00:00,2020-05-21 20:00:00,9065.81,8815.0,8949.74,0.016412661053359496,0.7565674255691769,0.5,2855,214.1185714285713
ETH,2020-05-21 16:00:00,2020-05-21 20:00:00,198.61,191.71,196.6,0.016412661053359496,0.7565674255691769,0.5,2855,4.509999999999999
BTC,2020-05-25 00:00:00,2020-05-25 04:00:00,8786.57,8642.72,8700.0,0.016134314839180302,0.7408695652173913,0.5,2875,154.85714285714286
ETH,2020-05-26 16:00:00,2020-05-26 20:00:00,199.3,196.9,197.12,0.01617948742562663,0.7421143847487002,0.5,2885,3.8671428571428583
BTC,2020-06-02 12:00:00,2020-06-02 16:00:00,9468.08,9266.0,9381.41,0.016054172012751656,0.7317156527682843,0.5,2926,219.96000000000004
BTC,2020-06-15 04:00:00,2020-06-15 08:00:00,9123.3,8910.45,9122.0,0.011934776891439808,0.354763491005996,1.0,3002,119.22499999999971
ETH,2020-06-15 04:00:00,2020-06-15 08:00:00,224.59,218.27,224.07,0.011934776891439808,0.354763491005996,1.0,3002,3.703571428571426
BTC,2020-08-02 04:00:00,2020-08-02 08:00:00,11325.95,10518.5,10831.0,0.008622594454143935,0.10121580547112462,1.0,3290,319.69285714285695
ETH,2020-08-07 12:00:00,2020-08-07 16:00:00,385.47,376.75,380.77,0.009238221815704604,0.13154726068633354,1.0,3322,8.19857142857143
BTC,2020-08-11 12:00:00,2020-08-11 16:00:00,11480.78,11372.0,11450.0,0.009827200001994416,0.23401075911536162,1.0,3346,204.44
BTC,2020-08-11 16:00:00,2020-08-11 20:00:00,11387.05,11285.0,11372.0,0.009852119692044829,0.23483716761278758,1.0,3347,215.99428571428572
ETH,2020-08-11 16:00:00,2020-08-11 20:00:00,380.53,376.24,377.4,0.009852119692044829,0.23483716761278758,1.0,3347,7.708571428571438
BTC,2020-08-11 20:00:00,2020-08-12 00:00:00,11392.09,11125.0,11285.0,0.0098351936497297,0.234468339307049,1.0,3348,226.43642857142862
ETH,2020-08-11 20:00:00,2020-08-12 00:00:00,378.99,367.0,376.24,0.0098351936497297,0.234468339307049,1.0,3348,8.208571428571437
ETH,2020-08-12 04:00:00,2020-08-12 08:00:00,379.1,365.85,367.0,0.009836408123378057,0.23492537313432835,1.0,3350,8.840000000000003
BTC,2020-08-19 04:00:00,2020-08-19 08:00:00,11823.34,11612.71,11686.0,0.010734839665594286,0.3263561320754717,1.0,3392,217.0400000000001
ETH,2020-08-19 04:00:00,2020-08-19 08:00:00,413.37,402.0,412.47,0.010734839665594286,0.3263561320754717,1.0,3392,10.184285714285718
BTC,2020-08-19 20:00:00,2020-08-20 00:00:00,11754.38,11561.0,11612.71,0.010789102189884856,0.3333333333333333,1.0,3396,195.20285714285728
ETH,2020-08-19 20:00:00,2020-08-20 00:00:00,407.46,393.25,395.0,0.010789102189884856,0.3333333333333333,1.0,3396,10.53571428571429
ETH,2020-08-22 00:00:00,2020-08-22 04:00:00,385.39,379.92,385.1,0.010790348587790323,0.33558228219419184,1.0,3409,9.04928571428571
BTC,2020-08-25 12:00:00,2020-08-25 16:00:00,11419.42,11328.03,11411.87,0.01078040420487298,0.33090379008746357,1.0,3430,119.55928571428532
ETH,2020-08-25 12:00:00,2020-08-25 16:00:00,385.56,380.4,381.58,0.01078040420487298,0.33090379008746357,1.0,3430,8.674285714285721
ETH,2020-10-06 08:00:00,2020-10-06 12:00:00,346.12,343.6,343.7,0.007713069393549514,0.07986960065199673,1.0,3681,4.644285714285709
ETH,2020-10-06 12:00:00,2020-10-06 16:00:00,351.35,341.0,343.6,0.007685131778135404,0.07984790874524715,1.0,3682,5.202857142857137
ETH,2020-10-06 20:00:00,2020-10-07 00:00:00,340.8,336.8,339.5,0.007751718487623355,0.08143322475570032,1.0,3684,5.812142857142858
ETH,2020-10-07 00:00:00,2020-10-07 04:00:00,336.85,332.18,336.8,0.007743856517095482,0.08113975576662144,1.0,3685,5.860000000000001
BTC,2020-10-16 04:00:00,2020-10-16 08:00:00,11305.87,11200.0,11250.83,0.007373715194895092,0.08048128342245989,1.0,3740,135.31428571428555
ETH,2020-10-16 08:00:00,2020-10-16 12:00:00,369.94,361.18,365.0,0.007383555664293196,0.08233092755947607,1.0,3741,6.747857142857129
ETH,2020-10-26 08:00:00,2020-10-26 12:00:00,405.11,400.0,401.3,0.007709235184872909,0.1076032622993949,1.0,3801,5.93500000000001
ETH,2020-10-26 16:00:00,2020-10-26 20:00:00,391.5,382.3,391.5,0.0077781813929343625,0.10991322640021035,1.0,3803,7.260714285714292
ETH,2020-10-28 12:00:00,2020-10-28 16:00:00,387.54,380.52,382.3,0.008187954946316477,0.11877294179339276,1.0,3814,8.98071428571429
ETH,2020-10-30 08:00:00,2020-10-30 12:00:00,379.44,373.29,375.06,0.008490047633931836,0.13202614379084968,1.0,3825,8.937857142857151
ETH,2020-11-03 04:00:00,2020-11-03 08:00:00,375.52,370.23,371.4,0.008840988455682455,0.14189189189189189,1.0,3848,7.057142857142845
ETH,2020-11-15 20:00:00,2020-11-16 00:00:00,448.07,440.19,442.75,0.011544421017699296,0.49133537206931704,1.0,3924,8.44571428571429
ETH,2020-11-26 08:00:00,2020-11-26 12:00:00,512.69,482.0,505.0,0.013377807236301147,0.6192626034612491,1.0,3987,26.064285714285695
BTC,2020-11-26 16:00:00,2020-11-26 20:00:00,16516.86,16188.0,16334.0,0.013510706693314167,0.6257207320130358,1.0,3989,644.4571428571427
ETH,2020-11-26 16:00:00,2020-11-26 20:00:00,500.16,481.0,482.0,0.013510706693314167,0.6257207320130358,1.0,3989,25.42285714285713
ETH,2020-12-05 00:00:00,2020-12-05 04:00:00,576.0,560.88,565.82,0.014150726495266051,0.6855657340925971,0.5,4039,15.442857142857147
BTC,2020-12-08 12:00:00,2020-12-08 16:00:00,18809.91,18610.0,18700.0,0.013280341613622607,0.6007389162561576,1.0,4060,272.4021428571429
ETH,2020-12-08 12:00:00,2020-12-08 16:00:00,574.13,568.21,570.73,0.013280341613622607,0.6007389162561576,1.0,4060,10.896428571428569
BTC,2020-12-09 00:00:00,2020-12-09 04:00:00,18300.0,18032.0,18200.0,0.013412320333394975,0.6138321437361556,1.0,4063,300.82357142857137
ETH,2020-12-09 00:00:00,2020-12-09 04:00:00,552.11,542.0,549.22,0.013412320333394975,0.6138321437361556,1.0,4063,11.64499999999999
BTC,2020-12-09 08:00:00,2020-12-09 12:00:00,18244.94,17650.0,17830.0,0.013347505791635761,0.607380073800738,1.0,4065,341.53071428571405
ETH,2020-12-09 08:00:00,2020-12-09 12:00:00,561.89,530.43,537.0,0.013347505791635761,0.607380073800738,1.0,4065,13.448571428571427
ETH,2020-12-20 20:00:00,2020-12-21 00:00:00,638.1,621.01,625.76,0.013734289095052908,0.6364296081277213,1.0,4134,14.820714285714287
BTC,2020-12-21 12:00:00,2020-12-21 16:00:00,22693.65,21815.0,22350.0,0.014439052553274035,0.7203963267278879,0.5,4138,702.5092857142861
ETH,2020-12-21 12:00:00,2020-12-21 16:00:00,609.84,595.9,603.0,0.014439052553274035,0.7203963267278879,0.5,4138,17.451428571428576
ETH,2020-12-22 08:00:00,2020-12-22 12:00:00,611.58,588.0,591.46,0.014277388711336547,0.7064928795558774,0.5,4143,18.464999999999993
BTC,2021-01-04 08:00:00,2021-01-04 12:00:00,30742.99,28130.0,28624.57,0.016255915455173294,0.8258706467661692,0.5,4221,1746.9292857142862
BTC,2021-01-10 20:00:00,2021-01-11 00:00:00,38150.02,35111.11,36500.0,0.01891462373650865,0.9065727699530517,0.5,4260,1785.1292857142855
BTC,2021-01-11 00:00:00,2021-01-11 04:00:00,35438.23,33600.0,35111.11,0.019772117109606104,0.9098803097864351,0.5,4261,1989.7535714285711
ETH,2021-01-11 00:00:00,2021-01-11 04:00:00,1105.02,1010.91,1065.0,0.019772117109606104,0.9098803097864351,0.5,4261,81.99285714285718
BTC,2021-01-11 04:00:00,2021-01-11 08:00:00,34372.25,32538.0,33600.0,0.019934579264158772,0.9103707179727827,0.5,4262,2073.766428571428
BTC,2021-01-11 16:00:00,2021-01-11 20:00:00,32254.63,30420.0,31115.0,0.020868660365973263,0.9158264947245017,0.5,4265,2381.4421428571427
ETH,2021-01-11 16:00:00,2021-01-11 20:00:00,984.15,915.0,950.0,0.020868660365973263,0.9158264947245017,0.5,4265,96.86357142857143
BTC,2021-01-17 08:00:00,2021-01-17 12:00:00,35270.0,33850.0,34408.0,0.02397484395977368,0.9453361246801582,0.5,4299,1631.6200000000001
BTC,2021-01-20 16:00:00,2021-01-20 20:00:00,35197.12,33400.0,33850.0,0.023958713477420856,0.941884695531373,0.5,4319,1262.4099999999994
ETH,2021-01-21 12:00:00,2021-01-21 16:00:00,1188.54,1185.75,1188.0,0.024710534069744768,0.9528214616096207,0.5,4324,81.88071428571429
ETH,2021-01-21 16:00:00,2021-01-21 20:00:00,1231.02,1164.0,1185.75,0.024827678936752817,0.9572254335260115,0.5,4325,82.21428571428574
BTC,2021-01-22 00:00:00,2021-01-22 04:00:00,30943.4,28850.0,30071.0,0.025108393051472704,0.958169632539866,0.5,4327,1634.9535714285714
ETH,2021-01-22 00:00:00,2021-01-22 04:00:00,1160.65,1042.31,1086.0,0.025108393051472704,0.958169632539866,0.5,4327,89.37214285714289
BTC,2021-01-26 12:00:00,2021-01-26 16:00:00,31750.24,30837.37,30900.0,0.025788954092713774,0.9577400091869546,0.5,4354,1175.4092857142857
ETH,2021-01-27 12:00:00,2021-01-27 16:00:00,1281.4,1207.0,1244.56,0.025744841881284487,0.9573394495412844,0.5,4360,65.5664285714286
ETH,2021-02-01 00:00:00,2021-02-01 04:00:00,1316.91,1269.99,1281.12,0.028724482926782598,0.9639844996580806,0.5,4387,41.765
BTC,2021-02-15 00:00:00,2021-02-15 04:00:00,47120.31,45570.79,46125.0,0.02444002376368065,0.9159024826660702,0.5,4471,1225.357142857143
BTC,2021-02-22 12:00:00,2021-02-22 16:00:00,53236.69,47622.0,50918.0,0.022449969215821982,0.8830823737821081,0.5,4516,2125.5314285714294
BTC,2021-02-26 04:00:00,2021-02-26 08:00:00,44986.99,44106.78,44892.56,0.0248455768817178,0.9279418245923314,0.5,4538,2155.9199999999996
SOL,2021-02-27 20:00:00,2021-02-28 00:00:00,13.1853,13.01,13.1,0.024842193586484873,0.9276605101143359,0.5,4548,1.1013
BTC,2021-02-28 04:00:00,2021-02-28 08:00:00,44400.83,43738.65,44106.78,0.024729897679187308,0.9221978021978022,0.5,4550,1977.9892857142856
SOL,2021-02-28 04:00:00,2021-02-28 08:00:00,12.1529,11.97,12.028,0.024729897679187308,0.9221978021978022,0.5,4550,1.0332714285714284
ETH,2021-02-28 12:00:00,2021-02-28 16:00:00,1318.29,1293.18,1313.74,0.022815752595907852,0.8837873462214412,0.5,4552,72.14714285714284
BTC,2021-02-28 16:00:00,2021-02-28 20:00:00,44402.88,43000.0,43168.0,0.022081947127801208,0.8710740171315616,0.5,4553,1805.739285714286
BTC,2021-03-05 00:00:00,2021-03-05 04:00:00,47289.81,46300.0,47047.6,0.022445274041766747,0.875955448787945,0.5,4579,1662.2221428571434
ETH,2021-03-05 00:00:00,2021-03-05 04:00:00,1481.53,1445.45,1455.52,0.022445274041766747,0.875955448787945,0.5,4579,59.06000000000001
SOL,2021-03-05 04:00:00,2021-03-05 08:00:00,12.4904,12.2508,12.35,0.022442910150973317,0.8753275109170305,0.5,4580,0.5137714285714283
ETH,2021-03-05 08:00:00,2021-03-05 12:00:00,1480.24,1441.66,1445.45,0.022428979994731174,0.8740449683475223,0.5,4581,57.35285714285716
SOL,2021-03-05 08:00:00,2021-03-05 12:00:00,12.5271,12.1251,12.2508,0.022428979994731174,0.8740449683475223,0.5,4581,0.5106571428571426
SOL,2021-03-06 12:00:00,2021-03-06 16:00:00,12.2724,11.9,12.0025,0.02241342974935725,0.8716216216216216,0.5,4588,0.5166571428571428
ETH,2021-03-12 12:00:00,2021-03-12 16:00:00,1775.56,1719.72,1725.0,0.019792921587901063,0.8386678200692042,0.5,4624,50.90928571428575
SOL,2021-03-15 04:00:00,2021-03-15 08:00:00,13.9304,13.7233,13.8439,0.020058671222512987,0.8405172413793104,0.5,4640,0.54115
BTC,2021-03-15 08:00:00,2021-03-15 12:00:00,56150.8,54600.0,54962.84,0.0201692395259098,0.8427063132945486,0.5,4641,1776.0049999999999
SOL,2021-03-15 08:00:00,2021-03-15 12:00:00,14.2465,13.6179,13.7233,0.0201692395259098,0.8427063132945486,0.5,4641,0.5394214285714286
ETH,2021-03-16 00:00:00,2021-03-16 04:00:00,1748.59,1711.68,1723.22,0.02028548253334119,0.8430570505920344,0.5,4645,56.7892857142857
SOL,2021-03-16 04:00:00,2021-03-16 08:00:00,13.5555,13.1389,13.4717,0.02020374542788477,0.8428755919070168,0.5,4646,0.5250928571428571
SOL,2021-03-17 08:00:00,2021-03-17 12:00:00,13.2976,13.0326,13.1389,0.02023222111863375,0.8428970556630131,0.5,4653,0.48082142857142846
SOL,2021-03-21 04:00:00,2021-03-21 08:00:00,13.9458,13.8012,13.8554,0.020631881063561373,0.8449529512403764,0.5,4676,0.3154142857142859
SOL,2021-03-21 12:00:00,2021-03-21 16:00:00,13.9242,13.638,13.6755,0.020579232714485172,0.8441641727233861,0.5,4678,0.3285142857142858
SOL,2021-03-26 00:00:00,2021-03-26 04:00:00,12.689,12.3043,12.47,0.017782054486039128,0.7893730074388948,0.5,4705,0.553807142857143
BTC,2021-04-04 00:00:00,2021-04-04 04:00:00,57492.42,56388.0,56880.0,0.014806291419497295,0.6789241437276738,0.5,4759,930.2635714285716
ETH,2021-04-07 08:00:00,2021-04-07 12:00:00,1977.88,1957.59,1975.24,0.014552214696705635,0.6541117388575016,1.0,4779,54.09499999999996
BTC,2021-04-07 12:00:00,2021-04-07 16:00:00,56451.46,55612.0,55700.0,0.014531978427955974,0.649581589958159,1.0,4780,1073.912857142858
ETH,2021-04-07 12:00:00,2021-04-07 16:00:00,1976.91,1930.01,1957.59,0.014531978427955974,0.649581589958159,1.0,4780,57.40642857142854
BTC,2021-04-07 16:00:00,2021-04-07 20:00:00,56153.84,55473.0,55612.0,0.014534641020667326,0.6509098514955031,1.0,4781,1101.622142857144
SOL,2021-04-11 04:00:00,2021-04-11 08:00:00,26.3351,25.5131,25.6431,0.013999323045994029,0.5789254477301125,1.0,4802,1.0573
SOL,2021-04-14 08:00:00,2021-04-14 12:00:00,26.0,25.4909,25.5131,0.012970314697247328,0.49678489939846504,1.0,4821,1.1869214285714278
SOL,2021-04-14 12:00:00,2021-04-14 16:00:00,25.7587,24.7,25.4909,0.013090579268587752,0.5006221484861053,1.0,4822,1.2130428571428564
BTC,2021-04-17 16:00:00,2021-04-17 20:00:00,60705.02,59580.91,60000.0,0.011877213467772584,0.41189836810576325,1.0,4841,1157.2649999999994
BTC,2021-05-04 16:00:00,2021-05-04 20:00:00,54539.73,53201.01,53526.0,0.017230183942255582,0.7857576370625127,0.5,4943,1370.6985714285713
SOL,2021-05-04 16:00:00,2021-05-04 20:00:00,44.551,42.26,42.324,0.017230183942255582,0.7857576370625127,0.5,4943,2.0781428571428577
BTC,2021-05-10 16:00:00,2021-05-10 20:00:00,55733.76,55516.85,55570.35,0.018172730064721247,0.808395260092388,0.5,4979,1457.5185714285722
BTC,2021-05-10 20:00:00,2021-05-11 00:00:00,55816.14,53400.0,55516.85,0.01817108861145457,0.8082329317269076,0.5,4980,1522.104285714286
SOL,2021-05-10 20:00:00,2021-05-11 00:00:00,42.868,39.0,42.0,0.01817108861145457,0.8082329317269076,0.5,4980,1.984071428571428
ETH,2021-07-08 08:00:00,2021-07-08 12:00:00,2168.59,2124.21,2157.32,0.01949517792082217,0.7820296379666104,0.5,5331,69.66999999999992
BTC,2021-08-03 04:00:00,2021-08-03 08:00:00,38593.43,37955.52,38512.0,0.01544484348848937,0.6456434560699964,1.0,5486,1002.9871428571429
BTC,2021-08-03 12:00:00,2021-08-03 16:00:00,38169.45,37703.75,37955.52,0.015458994196494099,0.6465014577259475,1.0,5488,942.4864285714284
BTC,2021-08-03 16:00:00,2021-08-03 20:00:00,38008.8,37642.03,37703.75,0.015462378371598785,0.6465658589907087,1.0,5489,962.8585714285712
BTC,2021-08-05 12:00:00,2021-08-05 16:00:00,38750.0,37332.7,37508.56,0.015270677664611895,0.6338181818181818,1.0,5500,870.611428571429
BTC,2021-08-17 00:00:00,2021-08-17 04:00:00,46417.0,45239.45,45500.0,0.016235078900623933,0.6764230562039864,0.5,5569,941.4671428571429
ETH,2021-08-17 16:00:00,2021-08-17 20:00:00,3116.92,3102.08,3111.13,0.01634477129800409,0.6854476942400861,0.5,5573,89.23071428571431
BTC,2021-08-18 00:00:00,2021-08-18 04:00:00,45055.78,44203.28,44376.0,0.016396717361119955,0.6914798206278027,0.5,5575,1047.5507142857148
ETH,2021-08-18 00:00:00,2021-08-18 04:00:00,3049.87,2950.0,2991.89,0.016396717361119955,0.6914798206278027,0.5,5575,93.88214285714291
BTC,2021-08-19 04:00:00,2021-08-19 08:00:00,44660.01,43927.7,44044.65,0.016227346994629615,0.6743102830526693,0.5,5582,1054.1514285714281
BTC,2021-08-24 16:00:00,2021-08-24 20:00:00,48243.2,47749.1,48050.0,0.016360930647636385,0.684772929652716,0.5,5615,873.0457142857148
SOL,2021-08-24 16:00:00,2021-08-24 20:00:00,71.607,68.5,71.244,0.016360930647636385,0.684772929652716,0.5,5615,3.5452142857142865
ETH,2021-08-25 08:00:00,2021-08-25 12:00:00,3139.69,3080.0,3126.42,0.015221146936230329,0.617725573945542,1.0,5619,66.87000000000002
ETH,2021-08-26 04:00:00,2021-08-26 08:00:00,3105.16,3061.01,3080.0,0.01483390154240519,0.5960170697012802,1.0,5624,76.70928571428567
BTC,2021-08-26 12:00:00,2021-08-26 16:00:00,46800.0,46250.0,46560.01,0.014725114619514174,0.586029150373267,1.0,5626,965.8778571428567
ETH,2021-08-26 12:00:00,2021-08-26 16:00:00,3104.76,3053.3,3061.01,0.014725114619514174,0.586029150373267,1.0,5626,78.89928571428565
BTC,2021-08-31 00:00:00,2021-08-31 04:00:00,47150.68,46700.0,46853.0,0.013476479649964667,0.4562179373783832,1.0,5653,805.4149999999998
BTC,2021-09-01 00:00:00,2021-09-01 04:00:00,47043.65,46512.0,46700.0,0.013197545323071085,0.4354126170701537,1.0,5659,858.3328571428574
SOL,2021-09-07 12:00:00,2021-09-07 16:00:00,169.06,128.01,134.74,0.013595925524536047,0.4696384696384696,1.0,5698,12.797857142857143
ETH,2021-09-19 20:00:00,2021-09-20 00:00:00,3328.57,3277.74,3302.0,0.012106182275722941,0.36365211365211364,1.0,5772,77.78285714285714
SOL,2021-10-10 16:00:00,2021-10-10 20:00:00,153.47,152.0,152.38,0.015181676379489686,0.6211633033745972,1.0,5897,4.078571428571424
ETH,2021-10-11 00:00:00,2021-10-11 04:00:00,3518.15,3371.0,3405.0,0.015342001832690987,0.6373961688421766,1.0,5899,75.7257142857143
SOL,2021-10-11 00:00:00,2021-10-11 04:00:00,151.43,145.34,145.55,0.015342001832690987,0.6373961688421766,1.0,5899,4.13571428571428
SOL,2021-10-11 20:00:00,2021-10-12 00:00:00,144.79,140.24,141.32,0.01538018713183291,0.6397357723577236,1.0,5904,4.462142857142855
SOL,2021-10-12 08:00:00,2021-10-12 12:00:00,142.51,140.17,140.24,0.015398193500586348,0.6409344845099035,1.0,5907,4.739999999999997
SOL,2021-10-12 12:00:00,2021-10-12 16:00:00,143.53,137.61,140.17,0.015449297270117778,0.6443805010155721,1.0,5908,5.117857142857139
BTC,2021-10-12 20:00:00,2021-10-13 00:00:00,55996.91,53879.0,54080.0,0.01553214405236258,0.6499153976311337,1.0,5910,1316.879285714285
ETH,2021-10-17 20:00:00,2021-10-18 00:00:00,3847.0,3640.0,3720.04,0.015826418442692912,0.6602693602693602,0.5,5940,86.49857142857142
SOL,2021-10-19 20:00:00,2021-10-20 00:00:00,155.77,153.06,153.13,0.01594469299791269,0.6701948924731183,0.5,5952,3.4721428571428583
BTC,2021-10-22 16:00:00,2021-10-22 20:00:00,61032.71,60000.0,60478.1,0.01574776123471514,0.6545485005863628,1.0,5969,1760.2664285714277
BTC,2021-10-23 08:00:00,2021-10-23 12:00:00,61552.24,59562.15,60000.0,0.015731861400055204,0.6531056420559183,1.0,5973,1615.1992857142857
BTC,2021-10-24 16:00:00,2021-10-24 20:00:00,60643.09,59510.63,59562.15,0.014529148993675899,0.5619461628490219,1.0,5981,1210.725714285715
ETH,2021-10-27 08:00:00,2021-10-27 12:00:00,3992.09,3931.59,3961.5,0.014444077435550736,0.5522761380690345,1.0,5997,97.625
SOL,2021-10-27 08:00:00,2021-10-27 12:00:00,189.98,176.94,185.22,0.014444077435550736,0.5522761380690345,1.0,5997,8.693571428571422
ETH,2021-10-28 00:00:00,2021-10-28 04:00:00,3995.65,3890.17,3909.0,0.014335865459920378,0.5430761539743376,1.0,6001,105.33214285714283
BTC,2021-10-28 16:00:00,2021-10-28 20:00:00,61288.87,57820.0,58000.0,0.014371145573751087,0.5453788509575354,1.0,6005,1478.004285714284
BTC,2021-11-01 04:00:00,2021-11-01 08:00:00,62176.29,59405.0,59700.0,0.013480988804732814,0.45021573182874214,1.0,6026,1114.1085714285707
ETH,2021-11-01 04:00:00,2021-11-01 08:00:00,4302.94,4146.3,4164.35,0.013480988804732814,0.45021573182874214,1.0,6026,98.35857142857147
BTC,2021-11-06 12:00:00,2021-11-06 16:00:00,60648.58,60050.0,60081.21,0.012271400404886156,0.36018487949818423,1.0,6058,942.3614285714274
ETH,2021-11-06 12:00:00,2021-11-06 16:00:00,4398.57,4326.17,4338.97,0.012271400404886156,0.36018487949818423,1.0,6058,79.24142857142844
SOL,2021-11-10 04:00:00,2021-11-10 08:00:00,240.87,235.38,235.89,0.012273354058205229,0.36019736842105265,1.0,6080,6.33642857142857
ETH,2021-11-10 20:00:00,2021-11-11 00:00:00,4628.68,4461.93,4574.04,0.012658861418609583,0.39497041420118345,1.0,6084,96.81142857142855
BTC,2021-11-12 16:00:00,2021-11-12 20:00:00,63845.0,62278.0,62822.9,0.012165612777590859,0.3468416735028712,1.0,6095,1562.9514285714286
BTC,2021-11-16 04:00:00,2021-11-16 08:00:00,60804.07,60293.06,60422.2,0.01238066887021349,0.3772073250490517,1.0,6116,1153.255000000001
BTC,2021-11-16 08:00:00,2021-11-16 12:00:00,60576.76,58574.07,60293.06,0.012361086771379865,0.3748569560241949,1.0,6117,1292.9935714285727
ETH,2021-11-16 08:00:00,2021-11-16 12:00:00,4292.44,4103.0,4252.78,0.012361086771379865,0.3748569560241949,1.0,6117,109.60428571428565
SOL,2021-11-16 08:00:00,2021-11-16 12:00:00,224.93,213.81,224.13,0.012361086771379865,0.3748569560241949,1.0,6117,6.6321428571428545
BTC,2022-03-31 12:00:00,2022-03-31 16:00:00,46453.81,46230.0,46445.42,0.012384477933772408,0.35233833718244806,1.0,6928,648.1671428571426
BTC,2022-03-31 20:00:00,2022-04-01 00:00:00,45510.35,45200.0,45500.0,0.012412247353709912,0.35555555555555557,1.0,6930,666.9257142857142
ETH,2022-04-05 20:00:00,2022-04-06 00:00:00,3407.0,3400.0,3405.97,0.01215164162665422,0.3156609195402299,1.0,6960,61.27214285714285
BTC,2022-04-06 00:00:00,2022-04-06 04:00:00,45215.88,44412.0,45118.0,0.012108756897952206,0.3125987645453239,1.0,6961,771.0064285714288
SOL,2022-04-06 08:00:00,2022-04-06 12:00:00,121.62,119.25,120.12,0.01211080173305135,0.312939824788166,1.0,6963,5.052857142857145
BTC,2022-04-06 16:00:00,2022-04-06 20:00:00,43754.56,43177.11,43705.64,0.011593786467990353,0.2845656855707107,1.0,6965,822.4649999999996
ETH,2022-04-06 16:00:00,2022-04-06 20:00:00,3225.33,3171.26,3217.33,0.011593786467990353,0.2845656855707107,1.0,6965,75.28
SOL,2022-04-06 16:00:00,2022-04-06 20:00:00,118.78,114.5,114.71,0.011593786467990353,0.2845656855707107,1.0,6965,5.468571428571432
ETH,2022-04-07 00:00:00,2022-04-07 04:00:00,3185.56,3143.15,3162.39,0.011495461771725696,0.2798909143103201,1.0,6967,73.485
ETH,2022-04-11 00:00:00,2022-04-11 04:00:00,3175.31,3151.84,3173.52,0.009828168412715763,0.1490487769989987,1.0,6991,45.44428571428567
ETH,2022-04-11 16:00:00,2022-04-11 20:00:00,3004.6,2977.54,3002.36,0.010188288364797302,0.18070050035739815,1.0,6995,53.93714285714282
ETH,2022-04-11 20:00:00,2022-04-12 00:00:00,2979.75,2950.0,2977.54,0.01021553443247727,0.1836763865065752,1.0,6996,56.433571428571405
BTC,2023-01-18 16:00:00,2023-01-18 20:00:00,20905.37,20407.15,20573.13,0.007246634455943879,0.06319788189248302,1.0,8687,390.91999999999956
ETH,2023-01-18 16:00:00,2023-01-18 20:00:00,1541.96,1501.39,1518.76,0.007246634455943879,0.06319788189248302,1.0,8687,35.53357142857141
ETH,2023-01-25 00:00:00,2023-01-25 04:00:00,1546.63,1518.0,1535.0,0.008622138496806696,0.1028080229226361,1.0,8725,28.559285714285675
BTC,2023-01-30 20:00:00,2023-01-31 00:00:00,22827.38,22500.0,22627.9,0.009228592026131415,0.1223744292237443,1.0,8760,339.8292857142852
BTC,2023-02-06 04:00:00,2023-02-06 08:00:00,22880.91,22628.13,22743.0,0.009587990731750907,0.15014776085473971,1.0,8798,199.8142857142866
ETH,2023-02-06 04:00:00,2023-02-06 08:00:00,1635.41,1608.53,1609.3,0.009587990731750907,0.15014776085473971,1.0,8798,21.827142857142867
ETH,2023-02-06 20:00:00,2023-02-07 00:00:00,1614.28,1605.01,1608.53,0.009645931198773916,0.1578050443081118,1.0,8802,24.08071428571431
BTC,2023-02-09 04:00:00,2023-02-09 08:00:00,22676.41,22353.71,22424.48,0.009810510796150583,0.17400181488203267,1.0,8816,273.9850000000006
BTC,2023-02-10 04:00:00,2023-02-10 08:00:00,21910.61,21622.4,21688.0,0.010058607512779595,0.19757424620267514,1.0,8822,309.7500000000003
BTC,2023-02-10 12:00:00,2023-02-10 16:00:00,21652.75,21520.0,21622.4,0.01007422446147867,0.19888939256572982,1.0,8824,328.5535714285717
BTC,2023-02-10 20:00:00,2023-02-11 00:00:00,21625.19,21451.0,21520.0,0.009937333278461332,0.18581463856786767,1.0,8826,337.90928571428566
ETH,2023-02-10 20:00:00,2023-02-11 00:00:00,1513.05,1490.0,1506.0,0.009937333278461332,0.18581463856786767,1.0,8826,32.56785714285719
BTC,2023-02-13 08:00:00,2023-02-13 12:00:00,21602.8,21433.0,21451.0,0.008255664698071659,0.09014817328356521,1.0,8841,183.79500000000033
BTC,2023-02-13 16:00:00,2023-02-13 20:00:00,21607.81,21351.07,21433.0,0.008255380756572036,0.0902408684835463,1.0,8843,208.7900000000001
ETH,2023-02-21 20:00:00,2023-02-22 00:00:00,1659.77,1636.3,1650.56,0.00931295305139911,0.1313540260908682,1.0,8892,28.589285714285698
ETH,2023-02-22 00:00:00,2023-02-22 04:00:00,1649.26,1621.59,1636.3,0.009345287902989934,0.13381311143596086,1.0,8893,28.212857142857143
BTC,2023-02-22 16:00:00,2023-02-22 20:00:00,23791.68,23574.69,23627.08,0.009442451537749825,0.14094638642238957,1.0,8897,413.1435714285713
ETH,2023-02-22 16:00:00,2023-02-22 20:00:00,1616.1,1595.07,1604.5,0.009442451537749825,0.14094638642238957,1.0,8897,29.323571428571444
ETH,2023-02-24 16:00:00,2023-02-24 20:00:00,1610.83,1575.64,1595.07,0.009779702548690905,0.17645078011000112,1.0,8909,31.571428571428587
BTC,2023-02-25 20:00:00,2023-02-26 00:00:00,23157.07,22722.0,22841.19,0.00973224070012789,0.1721624046657694,1.0,8916,307.0835714285721
ETH,2023-02-25 20:00:00,2023-02-26 00:00:00,1594.58,1557.33,1575.64,0.00973224070012789,0.1721624046657694,1.0,8916,23.433571428571423
ETH,2023-03-21 04:00:00,2023-03-21 08:00:00,1730.34,1717.01,1722.0,0.013790182905106096,0.5259496466431095,1.0,9056,37.08071428571429
BTC,2023-03-22 20:00:00,2023-03-23 00:00:00,27250.97,26601.8,26650.27,0.01481312667395702,0.6443856165894551,1.0,9066,625.1800000000003
ETH,2023-04-03 00:00:00,2023-04-03 04:00:00,1778.33,1762.77,1763.0,0.01472519853535686,0.6314464031533997,1.0,9133,18.005714285714312
BTC,2023-04-03 20:00:00,2023-04-04 00:00:00,27800.0,27200.24,27560.0,0.014779001554599209,0.6379951849420005,1.0,9138,361.16428571428594
BTC,2023-04-17 00:00:00,2023-04-17 04:00:00,29982.8,29740.64,29966.0,0.010498785592205285,0.24910491483129002,1.0,9217,213.72999999999956
BTC,2023-04-18 00:00:00,2023-04-18 04:00:00,29447.0,29096.78,29240.65,0.010428538664661579,0.24395532906863276,1.0,9223,269.67000000000036
BTC,2023-04-19 08:00:00,2023-04-19 12:00:00,29310.64,29000.0,29096.78,0.010031263331311798,0.20106164012566352,1.0,9231,404.0128571428569
ETH,2023-04-20 16:00:00,2023-04-20 20:00:00,1927.7,1914.43,1923.03,0.009951519278650331,0.1912544647689144,1.0,9239,38.867142857142916
BTC,2023-04-21 04:00:00,2023-04-21 08:00:00,28155.02,27815.89,28010.0,0.0099683206064609,0.1936810214239342,1.0,9242,481.50285714285695
ETH,2023-04-21 04:00:00,2023-04-21 08:00:00,1928.44,1898.0,1914.43,0.0099683206064609,0.1936810214239342,1.0,9242,39.3657142857143
ETH,2023-04-21 12:00:00,2023-04-21 16:00:00,1903.91,1890.6,1898.0,0.009892605265775328,0.18498485504110773,1.0,9244,40.82785714285717
BTC,2023-04-21 20:00:00,2023-04-22 00:00:00,27262.84,27125.0,27184.54,0.008501279520855175,0.09560891196192949,1.0,9246,463.1621428571429
ETH,2023-04-21 20:00:00,2023-04-22 00:00:00,1848.77,1825.0,1836.61,0.008501279520855175,0.09560891196192949,1.0,9246,37.42000000000001
BTC,2023-04-24 16:00:00,2023-04-24 20:00:00,27383.28,26942.82,27125.0,0.008018570429344968,0.08247867861384,1.0,9263,392.1021428571429
ETH,2023-04-24 16:00:00,2023-04-24 20:00:00,1831.32,1806.0,1825.0,0.008018570429344968,0.08247867861384,1.0,9263,29.34142857142857
ETH,2023-04-25 08:00:00,2023-04-25 12:00:00,1826.03,1805.65,1806.0,0.007951769890582733,0.08157979928779541,1.0,9267,29.346428571428596
ETH,2023-04-25 12:00:00,2023-04-25 16:00:00,1815.0,1801.66,1805.65,0.007951050645447516,0.08157099697885196,1.0,9268,30.387142857142862
ETH,2023-04-26 20:00:00,2023-04-27 00:00:00,1866.01,1785.0,1801.66,0.009675325590037578,0.16763691246226822,1.0,9276,45.126428571428555
BTC,2023-05-01 04:00:00,2023-05-01 08:00:00,28629.08,28250.15,28369.95,0.009538501257652682,0.14824768866910343,1.0,9302,338.7964285714284
BTC,2023-05-01 20:00:00,2023-05-02 00:00:00,28068.26,27666.95,27799.99,0.009642904718304361,0.16269073715882226,1.0,9306,422.1814285714281
ETH,2023-05-01 20:00:00,2023-05-02 00:00:00,1830.73,1806.12,1808.01,0.009642904718304361,0.16269073715882226,1.0,9306,27.30285714285713
ETH,2023-05-08 00:00:00,2023-05-08 04:00:00,1865.38,1840.0,1860.0,0.009861174882560202,0.18966070855185702,1.0,9343,33.01571428571425
ETH,2023-05-08 04:00:00,2023-05-08 08:00:00,1851.43,1838.34,1840.0,0.00987783052249168,0.1917808219178082,1.0,9344,34.34071428571425
BTC,2023-05-08 08:00:00,2023-05-08 12:00:00,27934.09,27577.01,27830.85,0.009876693886287312,0.19165329052969501,1.0,9345,386.6707142857148
ETH,2023-05-08 08:00:00,2023-05-08 12:00:00,1862.79,1835.0,1838.34,0.009876693886287312,0.19165329052969501,1.0,9345,32.52142857142854
BTC,2023-05-08 20:00:00,2023-05-09 00:00:00,27668.8,27262.0,27289.39,0.010024362193478974,0.21074026529738982,1.0,9348,393.9992857142861
BTC,2023-06-28 16:00:00,2023-06-28 20:00:00,30099.99,29858.8,29930.0,0.008961329614109188,0.12410649539003418,1.0,9653,371.59857142857203
BTC,2023-06-30 12:00:00,2023-06-30 16:00:00,30067.72,29500.0,29858.8,0.009065757701108554,0.13120860927152317,1.0,9664,475.53357142857203
BTC,2023-07-06 12:00:00,2023-07-06 16:00:00,30407.0,29888.0,30200.0,0.008783164089595867,0.11865979381443299,1.0,9700,350.1385714285711
BTC,2023-07-06 20:00:00,2023-07-07 00:00:00,29895.42,29850.45,29888.0,0.008391582033706374,0.10523603380746238,1.0,9702,378.3621428571426
BTC,2023-07-07 00:00:00,2023-07-07 04:00:00,30135.41,29701.02,29850.45,0.00835837631726778,0.10388539626919509,1.0,9703,375.1207142857139
ETH,2023-07-07 00:00:00,2023-07-07 04:00:00,1858.03,1826.0,1846.0,0.00835837631726778,0.10388539626919509,1.0,9703,24.25928571428572
ETH,2023-07-17 08:00:00,2023-07-17 12:00:00,1910.09,1889.36,1898.39,0.007993855592851613,0.09370199692780339,1.0,9765,15.516428571428573
SOL,2023-07-18 12:00:00,2023-07-18 16:00:00,25.52,24.76,24.87,0.008051054169732851,0.09701187065083913,1.0,9772,0.9878571428571428
BTC,2023-07-18 16:00:00,2023-07-18 20:00:00,29715.98,29512.0,29659.2,0.008066582775923483,0.09822981684232068,1.0,9773,283.0057142857139
BTC,2023-09-21 12:00:00,2023-09-21 16:00:00,26584.01,26377.7,26567.09,0.007380172041659471,0.09299350521550875,1.0,10162,345.815
SOL,2023-10-05 16:00:00,2023-10-05 20:00:00,22.8,22.53,22.58,0.006314778455568002,0.046550209817507564,1.0,10247,0.7149999999999993
SOL,2023-10-09 16:00:00,2023-10-09 20:00:00,22.2,21.59,22.05,0.006231374338293158,0.04517573751338721,1.0,10271,0.4285714285714288
BTC,2023-10-11 04:00:00,2023-10-11 08:00:00,27021.95,26964.89,27011.01,0.006324269004180908,0.04941634241245136,1.0,10280,243.73142857142895
BTC,2023-10-11 16:00:00,2023-10-11 20:00:00,26763.19,26538.66,26727.56,0.006243236648629613,0.04590100165321404,1.0,10283,268.73428571428616
SOL,2023-10-12 00:00:00,2023-10-12 04:00:00,21.71,21.49,21.59,0.005959875151249359,0.03500243072435586,1.0,10285,0.4100000000000004
SOL,2023-10-12 08:00:00,2023-10-12 12:00:00,21.51,21.15,21.49,0.005909602662086733,0.03256537377272285,1.0,10287,0.415714285714286
SOL,2023-10-12 16:00:00,2023-10-12 20:00:00,21.22,20.93,21.15,0.005907130571140045,0.0325590436388376,1.0,10289,0.41857142857142904
ETH,2023-10-27 16:00:00,2023-10-27 20:00:00,1774.33,1744.66,1756.21,0.008193426062323206,0.15463917525773196,1.0,10379,36.17571428571427
ETH,2023-11-03 00:00:00,2023-11-03 04:00:00,1798.34,1777.11,1777.77,0.008173958778018511,0.15561102044734568,1.0,10417,28.053571428571413
BTC,2023-11-14 00:00:00,2023-11-14 04:00:00,36448.08,36190.17,36333.0,0.008689090820871487,0.1820089668987885,1.0,10483,350.0728571428564
ETH,2023-11-17 16:00:00,2023-11-17 20:00:00,1938.87,1904.0,1912.72,0.009442765376938889,0.22322703474535935,1.0,10505,40.58928571428573
SOL,2023-11-21 12:00:00,2023-11-21 16:00:00,55.11,52.73,54.7,0.009326440548006198,0.215330547112462,1.0,10528,2.0457142857142863
SOL,2023-11-21 16:00:00,2023-11-21 20:00:00,54.82,52.35,52.73,0.009326661777463033,0.21559502326906638,1.0,10529,2.1542857142857152
BTC,2023-11-22 00:00:00,2023-11-22 04:00:00,36379.99,35632.01,35735.0,0.009605596562488841,0.24518089450194663,1.0,10531,617.394285714286
ETH,2023-11-22 00:00:00,2023-11-22 04:00:00,1978.31,1928.41,1931.43,0.009605596562488841,0.24518089450194663,1.0,10531,40.72642857142858
ETH,2023-11-26 16:00:00,2023-11-26 20:00:00,2057.04,2036.42,2040.35,0.008113051668906171,0.14878302869589924,1.0,10559,22.23928571428574
BTC,2023-11-27 04:00:00,2023-11-27 08:00:00,37283.2,37051.0,37150.0,0.008104040131520503,0.1481726945654232,1.0,10562,229.4521428571414
ETH,2023-11-27 04:00:00,2023-11-27 08:00:00,2045.57,2030.0,2036.42,0.008104040131520503,0.1481726945654232,1.0,10562,19.711428571428574
SOL,2023-11-27 04:00:00,2023-11-27 08:00:00,55.93,55.5,55.7,0.008104040131520503,0.1481726945654232,1.0,10562,1.412857142857143
BTC,2023-11-27 16:00:00,2023-11-27 20:00:00,36877.0,36707.0,36715.0,0.008140893788516783,0.1518220539517274,1.0,10565,292.2521428571412
SOL,2023-11-27 16:00:00,2023-11-27 20:00:00,54.12,53.47,53.91,0.008140893788516783,0.1518220539517274,1.0,10565,1.2985714285714292
SOL,2023-12-05 04:00:00,2023-12-05 08:00:00,59.69,59.11,59.58,0.008088911531094782,0.14872761545711594,1.0,10610,1.7564285714285712
SOL,2023-12-11 00:00:00,2023-12-11 04:00:00,70.88,64.18,64.5,0.008562619269466607,0.18290277125410992,1.0,10645,3.1757142857142844
BTC,2023-12-11 16:00:00,2023-12-11 20:00:00,40779.99,40222.0,40400.0,0.008839113685926001,0.19476007136820359,1.0,10649,701.1571428571436
ETH,2023-12-11 16:00:00,2023-12-11 20:00:00,2187.6,2156.62,2161.0,0.008839113685926001,0.19476007136820359,1.0,10649,42.15785714285715
ETH,2023-12-13 00:00:00,2023-12-13 04:00:00,2166.03,2150.0,2156.62,0.009049776996662333,0.20653091864502204,1.0,10657,49.959285714285734
ETH,2023-12-13 04:00:00,2023-12-13 08:00:00,2172.48,2144.32,2150.0,0.009062278251867645,0.20744980296490897,1.0,10658,50.086428571428605
SOL,2023-12-13 04:00:00,2023-12-13 08:00:00,64.9,63.67,64.18,0.009062278251867645,0.20744980296490897,1.0,10658,3.309999999999999
BTC,2023-12-18 08:00:00,2023-12-18 12:00:00,41105.12,40542.93,40801.0,0.008786920614110435,0.19272148938160727,1.0,10689,463.97357142857174
SOL,2023-12-18 08:00:00,2023-12-18 12:00:00,69.02,67.0,68.56,0.008786920614110435,0.19272148938160727,1.0,10689,2.25
BTC,2023-12-26 08:00:00,2023-12-26 12:00:00,42685.56,42150.0,42500.0,0.008689889356909578,0.1901834776939555,1.0,10737,473.3142857142858
ETH,2023-12-26 08:00:00,2023-12-26 12:00:00,2242.6,2218.32,2220.0,0.008689889356909578,0.1901834776939555,1.0,10737,27.39999999999996
BTC,2023-12-29 20:00:00,2023-12-30 00:00:00,42066.94,41300.0,41637.6,0.008869329472276546,0.2001301357129578,1.0,10758,623.6571428571432
BTC,2024-01-03 12:00:00,2024-01-03 16:00:00,43000.01,40750.0,42056.0,0.009282226127117784,0.22900055627665492,1.0,10786,933.5399999999998
SOL,2024-01-03 12:00:00,2024-01-03 16:00:00,102.03,85.0,99.78,0.009282226127117784,0.22900055627665492,1.0,10786,4.9250000000000025
SOL,2024-01-07 00:00:00,2024-01-07 04:00:00,92.9,91.0,91.53,0.008921894340316129,0.2024613676320903,1.0,10807,3.962142857142857
ETH,2024-01-07 20:00:00,2024-01-08 00:00:00,2221.42,2203.46,2206.17,0.008885755306197543,0.2015353311135775,1.0,10812,26.134285714285756
SOL,2024-01-12 20:00:00,2024-01-13 00:00:00,92.14,87.0,91.68,0.009463549190352772,0.2472790997970854,1.0,10842,4.905
BTC,2024-01-18 20:00:00,2024-01-19 00:00:00,41327.51,40683.28,40831.99,0.009820513088199758,0.29407979407979407,1.0,10878,548.5342857142849
ETH,2024-01-18 20:00:00,2024-01-19 00:00:00,2470.81,2428.56,2430.0,0.009820513088199758,0.29407979407979407,1.0,10878,35.27214285714285
SOL,2024-02-16 12:00:00,2024-02-16 16:00:00,109.67,107.94,108.25,0.009274342063227919,0.2309502262443439,1.0,11050,2.867142857142855
SOL,2024-02-20 12:00:00,2024-02-20 16:00:00,106.62,103.0,105.0,0.008731135567269132,0.18809824814881704,1.0,11074,2.9542857142857164
BTC,2024-02-21 12:00:00,2024-02-21 16:00:00,51156.0,50625.0,50760.37,0.008778574783865263,0.19151624548736462,1.0,11080,722.2621428571438
SOL,2024-02-21 12:00:00,2024-02-21 16:00:00,103.86,101.01,102.28,0.008778574783865263,0.19151624548736462,1.0,11080,3.1750000000000003
SOL,2024-02-21 16:00:00,2024-02-21 20:00:00,102.04,100.23,101.01,0.008581804003855671,0.1776012995217038,1.0,11081,3.2921428571428564
SOL,2024-02-23 12:00:00,2024-02-23 16:00:00,100.29,100.18,100.23,0.008269997267114089,0.16011539848539488,1.0,11092,2.839285714285713
SOL,2024-02-23 16:00:00,2024-02-23 20:00:00,101.4,98.64,100.18,0.008252483471182822,0.1582980257820247,1.0,11093,2.8207142857142853
BTC,2024-02-23 20:00:00,2024-02-24 00:00:00,50744.15,50521.0,50625.0,0.008264877410905796,0.15981611681990265,1.0,11094,633.7564285714294
SOL,2024-02-24 00:00:00,2024-02-24 04:00:00,100.22,98.48,98.64,0.008261740189280971,0.1598017124831005,1.0,11095,2.6471428571428572
BTC,2024-03-05 16:00:00,2024-03-05 20:00:00,61410.98,59005.0,61320.0,0.01162283636799398,0.44529079666636795,1.0,11159,2068.846428571429
ETH,2024-03-05 16:00:00,2024-03-05 20:00:00,3376.46,3200.0,3360.0,0.01162283636799398,0.44529079666636795,1.0,11159,113.1392857142857
ETH,2024-03-11 00:00:00,2024-03-11 04:00:00,3866.92,3722.95,3791.26,0.012441281060596339,0.5046912697703512,1.0,11191,59.3721428571428
SOL,2024-03-11 00:00:00,2024-03-11 04:00:00,141.16,136.49,140.43,0.012441281060596339,0.5046912697703512,1.0,11191,3.931428571428569
ETH,2024-03-14 12:00:00,2024-03-14 16:00:00,3845.81,3820.2,3828.98,0.012355521963771439,0.495808062789868,1.0,11212,81.08071428571432
BTC,2024-03-14 16:00:00,2024-03-14 20:00:00,69415.09,68555.0,68620.82,0.012464067147205275,0.5061981628466958,1.0,11213,1480.864285714286
BTC,2024-03-15 08:00:00,2024-03-15 12:00:00,67757.75,65600.0,66699.0,0.01286782136747726,0.5358830346795044,1.0,11217,1898.5800000000017
ETH,2024-03-15 08:00:00,2024-03-15 12:00:00,3689.33,3570.0,3623.0,0.01286782136747726,0.5358830346795044,1.0,11217,110.95071428571434
BTC,2024-03-17 04:00:00,2024-03-17 08:00:00,65636.68,64533.0,64780.0,0.013228622407266551,0.5690238688991807,1.0,11228,2150.015714285718
ETH,2024-03-17 04:00:00,2024-03-17 08:00:00,3472.72,3412.0,3468.8,0.013228622407266551,0.5690238688991807,1.0,11228,126.15000000000002
ETH,2024-03-19 00:00:00,2024-03-19 04:00:00,3419.18,3362.15,3412.0,0.013479348714529887,0.5870629059524869,1.0,11239,107.15999999999998
BTC,2024-03-19 04:00:00,2024-03-19 08:00:00,64704.23,63577.0,64533.0,0.01355480019288024,0.5927935943060498,1.0,11240,1682.658571428572
SOL,2024-03-19 08:00:00,2024-03-19 12:00:00,177.84,170.0,176.78,0.01369876219025129,0.6003024641935771,1.0,11241,10.994285714285711
BTC,2024-03-19 12:00:00,2024-03-19 16:00:00,64051.85,62410.78,62505.0,0.013738384967079206,0.6022949653086639,1.0,11242,1715.7835714285725
BTC,2024-03-20 04:00:00,2024-03-20 08:00:00,62957.85,60775.0,61555.0,0.01410313606745392,0.6331139960874977,1.0,11246,1943.0057142857165
ETH,2024-03-20 04:00:00,2024-03-20 08:00:00,3218.47,3056.56,3150.88,0.01410313606745392,0.6331139960874977,1.0,11246,118.13857142857144
SOL,2024-03-20 04:00:00,2024-03-20 08:00:00,173.35,162.45,166.0,0.01410313606745392,0.6331139960874977,1.0,11246,11.407142857142858
ETH,2024-03-29 16:00:00,2024-03-29 20:00:00,3500.35,3445.91,3460.02,0.014791514481003142,0.7034415641864992,0.5,11303,62.90357142857143
BTC,2024-04-01 04:00:00,2024-04-01 08:00:00,69594.94,68888.0,69009.0,0.014514120326288531,0.6720268598692348,0.5,11318,632.4928571428588
BTC,2024-04-01 16:00:00,2024-04-01 20:00:00,69648.01,68062.86,68161.48,0.014647966487119257,0.6892500662485647,0.5,11321,839.7242857142867
ETH,2024-04-01 16:00:00,2024-04-01 20:00:00,3486.33,3413.71,3437.23,0.014647966487119257,0.6892500662485647,0.5,11321,57.544999999999945
SOL,2024-04-02 04:00:00,2024-04-02 08:00:00,183.18,181.0,181.71,0.015003709143077488,0.7234192864712116,0.5,11324,5.2450000000000045
BTC,2024-04-02 16:00:00,2024-04-02 20:00:00,65914.91,64550.0,64588.58,0.0150824200889334,0.731438156616933,0.5,11327,1365.9314285714293
ETH,2024-04-02 16:00:00,2024-04-02 20:00:00,3277.53,3212.0,3232.0,0.0150824200889334,0.731438156616933,0.5,11327,75.28071428571427
BTC,2024-04-03 00:00:00,2024-04-03 04:00:00,66225.79,64493.07,64550.0,0.015104178612526142,0.7322799894077147,0.5,11329,1461.7221428571434
ETH,2024-04-03 00:00:00,2024-04-03 04:00:00,3315.4,3202.79,3212.0,0.015104178612526142,0.7322799894077147,0.5,11329,83.27499999999999
SOL,2024-04-05 12:00:00,2024-04-05 16:00:00,175.89,167.84,169.11,0.012722428728475071,0.5238892806770099,1.0,11344,5.861428571428571
SOL,2024-04-09 08:00:00,2024-04-09 12:00:00,176.2,173.17,173.54,0.012839915968811198,0.5295152634820093,1.0,11367,3.693571428571431
SOL,2024-04-10 08:00:00,2024-04-10 12:00:00,170.21,168.24,169.11,0.012658368542326172,0.5181570386001935,1.0,11373,4.316428571428574
BTC,2024-04-10 12:00:00,2024-04-10 16:00:00,68657.31,67518.0,68210.0,0.012652272332864424,0.5176718832424828,1.0,11374,1177.174285714285
BTC,2024-04-19 00:00:00,2024-04-19 04:00:00,61785.14,59600.01,59678.16,0.012716419946266384,0.5214004376367615,1.0,11425,1759.6385714285705
ETH,2024-04-19 00:00:00,2024-04-19 04:00:00,2979.81,2865.18,2914.47,0.012716419946266384,0.5214004376367615,1.0,11425,86.54785714285711
SOL,2024-05-23 12:00:00,2024-05-23 16:00:00,172.69,168.82,171.8,0.010876412218387607,0.39004470426409904,1.0,11632,4.992142857142858
BTC,2024-05-23 20:00:00,2024-05-24 00:00:00,67969.66,66312.16,66753.42,0.010952106121732497,0.3958225889633832,1.0,11634,1107.3299999999997
SOL,2024-05-23 20:00:00,2024-05-24 00:00:00,176.15,165.35,168.82,0.010952106121732497,0.3958225889633832,1.0,11634,5.816428571428572
SOL,2024-05-24 04:00:00,2024-05-24 08:00:00,166.15,165.12,165.35,0.010981165388205857,0.3983327603987625,1.0,11636,6.065714285714287
SOL,2024-05-24 08:00:00,2024-05-24 12:00:00,166.34,162.5,165.12,0.010982977050022736,0.3984703961502105,1.0,11637,6.161428571428573
SOL,2024-05-26 08:00:00,2024-05-26 12:00:00,164.03,162.23,162.5,0.01080324544958027,0.3840673019143274,1.0,11649,3.34714285714286
SOL,2024-05-26 16:00:00,2024-05-26 20:00:00,162.71,161.14,162.23,0.010768430007110965,0.379624066603725,1.0,11651,2.9771428571428618
SOL,2024-05-26 20:00:00,2024-05-27 00:00:00,163.42,161.0,161.14,0.010778323317614451,0.38070717473395127,1.0,11652,2.9164285714285763
BTC,2024-05-28 00:00:00,2024-05-28 04:00:00,68050.3,67753.0,67924.39,0.01109989165014814,0.4100694742259199,1.0,11659,864.4700000000001
BTC,2024-05-28 16:00:00,2024-05-28 20:00:00,68424.28,67277.91,67486.65,0.01111674038762845,0.41104347080511017,1.0,11663,1036.3535714285722
BTC,2024-05-29 12:00:00,2024-05-29 16:00:00,67379.13,67262.34,67277.91,0.011069355242661501,0.40855330819334934,1.0,11668,1068.547142857144
BTC,2024-05-29 16:00:00,2024-05-29 20:00:00,67266.78,67124.65,67262.34,0.011070045488685454,0.40860399348701687,1.0,11669,1063.0578571428591
ETH,2024-05-29 20:00:00,2024-05-30 00:00:00,3767.44,3742.59,3744.41,0.011031207308888532,0.40531276778063413,1.0,11670,66.18642857142858
ETH,2024-05-30 08:00:00,2024-05-30 12:00:00,3737.01,3702.58,3712.73,0.010782514704826288,0.3807932836460207,1.0,11673,62.14857142857142
BTC,2024-05-31 16:00:00,2024-05-31 20:00:00,67681.0,66670.0,67124.65,0.00986452797321754,0.29552264360928004,1.0,11681,893.6714285714291
BTC,2024-06-07 16:00:00,2024-06-07 20:00:00,69255.01,68420.0,68567.32,0.009125514243011985,0.21154994455344195,1.0,11723,854.6721428571431
BTC,2024-06-11 00:00:00,2024-06-11 04:00:00,68464.0,67900.0,68420.0,0.008482118886005417,0.16443838882738654,1.0,11743,486.2042857142847
ETH,2024-06-11 08:00:00,2024-06-11 12:00:00,3529.56,3503.4,3505.0,0.008571853823664361,0.17011494252873563,1.0,11745,42.017142857142936
ETH,2024-06-11 16:00:00,2024-06-11 20:00:00,3497.21,3432.0,3432.01,0.008692646358113502,0.1798757129479867,1.0,11747,52.82142857142863
SOL,2024-06-11 16:00:00,2024-06-11 20:00:00,149.22,145.2,146.29,0.008692646358113502,0.1798757129479867,1.0,11747,3.5442857142857145
ETH,2024-06-13 16:00:00,2024-06-13 20:00:00,3481.43,3428.0,3432.0,0.00928729696976961,0.23131218641040904,1.0,11759,68.24285714285715
ETH,2024-07-23 16:00:00,2024-07-23 20:00:00,3457.03,3389.0,3411.4,0.010359605840234126,0.3715309609134094,1.0,11999,68.68642857142855
SOL,2024-07-25 00:00:00,2024-07-25 04:00:00,170.53,167.95,169.72,0.009983969463210842,0.3264762222037145,1.0,12007,5.423571428571429
BTC,2024-07-25 04:00:00,2024-07-25 08:00:00,64134.0,63800.0,63861.0,0.009953696934529094,0.3217854763491006,1.0,12008,932.1835714285693
ETH,2024-07-25 04:00:00,2024-07-25 08:00:00,3171.84,3130.0,3153.04,0.009953696934529094,0.3217854763491006,1.0,12008,73.11857142857136
SOL,2024-07-25 08:00:00,2024-07-25 12:00:00,168.81,167.04,167.95,0.00993609965717201,0.31917728370388876,1.0,12009,5.300000000000003
BTC,2024-07-25 12:00:00,2024-07-25 16:00:00,64790.89,63456.7,63800.0,0.009939897729969081,0.3195670274771024,1.0,12010,954.5892857142842
ETH,2024-07-25 12:00:00,2024-07-25 16:00:00,3142.28,3105.35,3130.0,0.009939897729969081,0.3195670274771024,1.0,12010,73.13214285714282
SOL,2024-07-25 12:00:00,2024-07-25 16:00:00,170.44,165.71,167.04,0.009939897729969081,0.3195670274771024,1.0,12010,5.370000000000003
ETH,2024-07-25 16:00:00,2024-07-25 20:00:00,3123.88,3100.9,3105.35,0.00993913492708054,0.31937390725168596,1.0,12011,71.91357142857139
ETH,2024-07-25 20:00:00,2024-07-26 00:00:00,3175.47,3087.53,3100.9,0.010014536270918212,0.33175158175158176,1.0,12012,73.46785714285708
SOL,2024-07-25 20:00:00,2024-07-26 00:00:00,171.86,165.42,165.71,0.010014536270918212,0.33175158175158176,1.0,12012,5.547142857142863
BTC,2024-07-29 16:00:00,2024-07-29 20:00:00,67303.05,66428.0,66650.0,0.010249446701721824,0.35853759867054424,1.0,12035,1169.2707142857148
BTC,2024-07-30 00:00:00,2024-07-30 04:00:00,66610.0,65862.0,66428.0,0.01026884323739923,0.3621334219489906,1.0,12037,1129.395714285714
BTC,2024-07-30 12:00:00,2024-07-30 16:00:00,66216.01,65555.0,65862.0,0.010266628181137447,0.3617940199335548,1.0,12040,997.2921428571426
BTC,2024-07-30 20:00:00,2024-07-31 00:00:00,66188.0,65302.67,65555.0,0.010233404040117562,0.35583790068095,1.0,12042,1048.8621428571423
SOL,2024-07-30 20:00:00,2024-07-31 00:00:00,179.16,175.39,176.28,0.010233404040117562,0.35583790068095,1.0,12042,4.462142857142855
SOL,2024-07-31 16:00:00,2024-07-31 20:00:00,176.58,174.99,175.39,0.0102504295055324,0.35901054204366234,1.0,12047,4.866428571428569
BTC,2024-08-01 04:00:00,2024-08-01 08:00:00,64328.6,63584.0,63750.0,0.010289067556932482,0.3663070539419087,1.0,12050,957.0857142857136
BTC,2024-08-01 16:00:00,2024-08-01 20:00:00,63422.01,62302.0,62666.07,0.010464844463724787,0.38007135153073923,1.0,12053,1071.0842857142857
ETH,2024-08-01 16:00:00,2024-08-01 20:00:00,3131.64,3080.02,3102.4,0.010464844463724787,0.38007135153073923,1.0,12053,59.46000000000007
SOL,2024-08-01 16:00:00,2024-08-01 20:00:00,162.39,157.91,161.25,0.010464844463724787,0.38007135153073923,1.0,12053,5.042857142857143
ETH,2024-08-02 20:00:00,2024-08-03 00:00:00,2989.61,2967.0,2985.13,0.010836067105622795,0.4064676616915423,1.0,12060,74.3307142857143
SOL,2024-08-02 20:00:00,2024-08-03 00:00:00,152.78,150.0,150.01,0.010836067105622795,0.4064676616915423,1.0,12060,6.583571428571427
BTC,2024-08-03 00:00:00,2024-08-03 04:00:00,61895.99,60505.0,61230.01,0.010755360320391911,0.39789403863692896,1.0,12061,1458.8542857142857
SOL,2024-08-03 00:00:00,2024-08-03 04:00:00,153.56,148.62,150.0,0.010755360320391911,0.39789403863692896,1.0,12061,6.422142857142857
SOL,2024-08-03 08:00:00,2024-08-03 12:00:00,152.38,148.35,148.62,0.010684547523843926,0.39277128409185114,1.0,12063,6.195714285714288
BTC,2024-08-03 20:00:00,2024-08-04 00:00:00,60697.99,59850.0,59920.0,0.010671843919090882,0.39201060832090173,1.0,12066,1408.0257142857138
SOL,2024-08-04 08:00:00,2024-08-04 12:00:00,143.5,139.4,140.0,0.010252574163836296,0.3590189742315022,1.0,12069,5.93214285714286
BTC,2024-08-04 16:00:00,2024-08-04 20:00:00,59257.67,57122.77,58960.0,0.010388553301290529,0.37610802750393507,1.0,12071,1384.4235714285714
SOL,2024-08-04 16:00:00,2024-08-04 20:00:00,141.99,131.22,135.0,0.010388553301290529,0.37610802750393507,1.0,12071,6.691428571428576
SOL,2024-09-30 08:00:00,2024-09-30 12:00:00,155.6,153.74,153.89,0.009353965321796028,0.23906212231085328,1.0,12411,2.5992857142857155
BTC,2024-09-30 16:00:00,2024-09-30 20:00:00,63488.0,63056.0,63249.68,0.009356375713414961,0.23950696850076533,1.0,12413,568.0435714285715
BTC,2024-09-30 20:00:00,2024-10-01 00:00:00,63327.6,62856.3,63056.0,0.009358193735370307,0.23964878363138392,1.0,12414,611.61
SOL,2024-10-01 00:00:00,2024-10-01 04:00:00,155.1,151.48,151.73,0.009348685532534486,0.23890455094643576,1.0,12415,3.026428571428574
SOL,2024-10-01 20:00:00,2024-10-02 00:00:00,145.12,142.29,142.55,0.00944732811585514,0.24863123993558775,1.0,12420,4.084285714285717
BTC,2024-10-02 16:00:00,2024-10-02 20:00:00,60190.01,60000.0,60164.0,0.009717667494142577,0.2886116700201207,1.0,12425,1128.7207142857146
BTC,2024-10-03 12:00:00,2024-10-03 16:00:00,60641.5,59828.11,60000.0,0.009614887054051497,0.27264682220434433,1.0,12430,1194.6642857142858
BTC,2024-10-09 12:00:00,2024-10-09 16:00:00,62316.0,61634.61,61798.97,0.008736672776599778,0.18017006257019091,1.0,12466,824.3442857142862
SOL,2024-10-09 12:00:00,2024-10-09 16:00:00,142.83,140.19,141.17,0.008736672776599778,0.18017006257019091,1.0,12466,2.9278571428571474
SOL,2024-10-09 16:00:00,2024-10-09 20:00:00,141.11,139.75,140.19,0.008597506317767945,0.16884575278735864,1.0,12467,2.8985714285714335
BTC,2024-10-22 00:00:00,2024-10-22 04:00:00,67390.01,66571.42,66840.67,0.007476221040933363,0.09799856470775856,1.0,12541,652.8542857142862
BTC,2024-10-23 12:00:00,2024-10-23 16:00:00,66223.45,65923.01,66200.0,0.007353093594061814,0.08964143426294821,1.0,12550,807.5814285714275
BTC,2024-10-23 16:00:00,2024-10-23 20:00:00,66472.0,65260.0,65923.01,0.007347146466777658,0.08907656760417497,1.0,12551,862.6949999999987
SOL,2024-10-25 20:00:00,2024-10-26 00:00:00,164.91,159.12,164.13,0.007335469212737921,0.08866602992677491,1.0,12564,4.827142857142854
SOL,2024-10-31 20:00:00,2024-11-01 00:00:00,168.69,167.56,168.53,0.007233111859430679,0.08190476190476191,1.0,12600,3.6314285714285717
SOL,2024-11-01 04:00:00,2024-11-01 08:00:00,165.96,165.05,165.38,0.007225891457283167,0.08109823837486113,1.0,12602,3.4485714285714266
BTC,2024-11-01 16:00:00,2024-11-01 20:00:00,69268.0,68820.14,68830.0,0.006899859113723561,0.05926219754065847,1.0,12605,1115.375
SOL,2024-11-02 12:00:00,2024-11-02 16:00:00,163.82,162.11,163.43,0.006787669951001439,0.05598731165741475,1.0,12610,3.770714285714281
BTC,2024-11-03 12:00:00,2024-11-03 16:00:00,68090.91,67478.73,67864.16,0.006826658035594963,0.05683259353202283,1.0,12616,878.2185714285713
BTC,2024-11-04 16:00:00,2024-11-04 20:00:00,67856.01,67251.5,67478.73,0.0068838512772829265,0.05989067575061396,1.0,12623,867.1271428571428
BTC,2024-11-04 20:00:00,2024-11-05 00:00:00,67850.01,66835.0,67251.5,0.006880635930775014,0.0594106463878327,1.0,12624,907.1000000000006
SOL,2024-11-04 20:00:00,2024-11-05 00:00:00,157.95,155.11,157.82,0.006880635930775014,0.0594106463878327,1.0,12624,3.7907142857142913
ETH,2024-11-15 04:00:00,2024-11-15 08:00:00,3039.49,3014.79,3028.56,0.010983204572760507,0.426296705029166,1.0,12686,98.46285714285715
ETH,2024-11-15 12:00:00,2024-11-15 16:00:00,3023.73,3014.5,3014.79,0.011135442900028717,0.4394703656998739,1.0,12688,99.27499999999999
ETH,2024-11-20 16:00:00,2024-11-20 20:00:00,3058.04,3029.41,3042.93,0.011505018129827795,0.45750452079566006,1.0,12719,70.78428571428572
SOL,2024-11-21 00:00:00,2024-11-21 04:00:00,235.82,229.6,230.37,0.011538312399404494,0.4593978460812829,1.0,12721,6.682857142857141
BTC,2024-11-25 12:00:00,2024-11-25 16:00:00,96000.57,94525.0,95734.77,0.011831290387677459,0.4748195795418889,1.0,12748,1232.9635714285719
SOL,2024-11-25 12:00:00,2024-11-25 16:00:00,244.97,235.04,240.93,0.011831290387677459,0.4748195795418889,1.0,12748,6.826428571428571
BTC,2024-11-25 16:00:00,2024-11-25 20:00:00,94669.49,94400.0,94525.0,0.011889625629304191,0.4778413993254373,1.0,12749,1359.837857142858
ETH,2024-11-26 08:00:00,2024-11-26 12:00:00,3323.02,3280.1,3281.4,0.012102944978085357,0.49133537206931704,1.0,12753,89.61857142857136
ETH,2024-11-26 16:00:00,2024-11-26 20:00:00,3300.61,3252.0,3280.1,0.012134876945112753,0.49376715013720107,1.0,12755,92.12142857142852
BTC,2024-11-26 20:00:00,2024-11-27 00:00:00,91965.16,90791.1,91466.52,0.012135153497583876,0.4938068359987457,1.0,12756,1954.0135714285716
SOL,2024-12-02 04:00:00,2024-12-02 08:00:00,228.62,225.93,228.0,0.012099148087256529,0.490303409446356,1.0,12788,4.364285714285714
BTC,2024-12-02 12:00:00,2024-12-02 16:00:00,97048.01,94766.0,94820.41,0.01219170741218078,0.4986708365910868,1.0,12790,978.0242857142845
SOL,2024-12-02 12:00:00,2024-12-02 16:00:00,229.21,221.61,222.84,0.01219170741218078,0.4986708365910868,1.0,12790,4.79642857142857
BTC,2024-12-02 16:00:00,2024-12-02 20:00:00,95816.01,94395.0,94766.0,0.012240438697417845,0.5055898678758503,1.0,12791,1126.9471428571414
SOL,2024-12-02 16:00:00,2024-12-02 20:00:00,223.97,220.0,221.61,0.012240438697417845,0.5055898678758503,1.0,12791,5.124999999999998
BTC,2024-12-03 12:00:00,2024-12-03 16:00:00,95682.54,93578.17,94395.0,0.012200614776652071,0.4996092528915286,1.0,12796,1397.1764285714287
ETH,2024-12-03 12:00:00,2024-12-03 16:00:00,3571.8,3500.0,3554.32,0.012200614776652071,0.4996092528915286,1.0,12796,73.1064285714286
SOL,2024-12-03 12:00:00,2024-12-03 16:00:00,223.21,215.0,220.0,0.012200614776652071,0.4996092528915286,1.0,12796,6.275714285714285
